0 verbose cli /usr/local/bin/node /usr/local/bin/npm
1 info using npm@11.6.2
2 info using node@v24.13.0
3 silly config load:file:/usr/local/lib/node_modules/npm/npmrc
4 silly config load:file:/Users/fajar.mac/Documents/APG/REDESIGN LOGIN PAGE/bpr-bonding-app-29.05.26/.npmrc
5 silly config load:file:/Users/fajar.mac/.npmrc
6 silly config load:file:/usr/local/etc/npmrc
7 verbose title npm install date-fns@3.6.0
8 verbose argv "install" "date-fns@3.6.0" "--cache" ".npm-cache" "--prefer-offline" "false"
9 verbose logfile logs-max:10 dir:/Users/fajar.mac/Documents/APG/REDESIGN LOGIN PAGE/bpr-bonding-app-29.05.26/.npm-cache/_logs/2026-05-29T03_47_16_195Z-
10 verbose logfile /Users/fajar.mac/Documents/APG/REDESIGN LOGIN PAGE/bpr-bonding-app-29.05.26/.npm-cache/_logs/2026-05-29T03_47_16_195Z-debug-0.log
11 silly logfile done cleaning log files
12 silly packumentCache heap:2348810240 maxSize:587202560 maxEntrySize:293601280
13 silly idealTree buildDeps
14 silly fetch manifest date-fns@3.6.0
15 silly packumentCache full:https://registry.npmjs.org/date-fns cache-miss
16 http fetch GET 200 https://registry.npmjs.org/date-fns 620ms (cache miss)
17 silly packumentCache full:https://registry.npmjs.org/date-fns set size:undefined disposed:false
18 silly placeDep ROOT date-fns@3.6.0 REPLACE for:  want: 3.6.0
19 silly reify moves {}
20 silly audit bulk request {
20 silly audit   '@alloc/quick-lru': [ '5.2.0' ],
20 silly audit   '@ampproject/remapping': [ '2.3.0' ],
20 silly audit   '@babel/code-frame': [ '7.27.1' ],
20 silly audit   '@babel/compat-data': [ '7.26.5' ],
20 silly audit   '@babel/core': [ '7.26.7' ],
20 silly audit   semver: [ '6.3.1', '7.6.3' ],
20 silly audit   '@babel/generator': [ '7.26.5' ],
20 silly audit   '@babel/helper-compilation-targets': [ '7.26.5' ],
20 silly audit   '@babel/helper-module-imports': [ '7.25.9' ],
20 silly audit   '@babel/helper-module-transforms': [ '7.26.0' ],
20 silly audit   '@babel/helper-plugin-utils': [ '7.26.5' ],
20 silly audit   '@babel/helper-string-parser': [ '7.27.1' ],
20 silly audit   '@babel/helper-validator-identifier': [ '7.27.1' ],
20 silly audit   '@babel/helper-validator-option': [ '7.25.9' ],
20 silly audit   '@babel/helpers': [ '7.28.2' ],
20 silly audit   '@babel/parser': [ '7.28.0' ],
20 silly audit   '@babel/plugin-transform-react-jsx-self': [ '7.25.9' ],
20 silly audit   '@babel/plugin-transform-react-jsx-source': [ '7.25.9' ],
20 silly audit   '@babel/runtime': [ '7.28.2' ],
20 silly audit   '@babel/template': [ '7.27.2' ],
20 silly audit   '@babel/traverse': [ '7.26.7' ],
20 silly audit   '@babel/types': [ '7.28.2' ],
20 silly audit   '@ckeditor/ckeditor5-adapter-ckfinder': [ '44.1.0' ],
20 silly audit   '@ckeditor/ckeditor5-alignment': [ '44.1.0' ],
20 silly audit   '@ckeditor/ckeditor5-autoformat': [ '44.1.0' ],
20 silly audit   '@ckeditor/ckeditor5-autosave': [ '44.1.0' ],
20 silly audit   '@ckeditor/ckeditor5-basic-styles': [ '44.1.0' ],
20 silly audit   '@ckeditor/ckeditor5-block-quote': [ '44.1.0' ],
20 silly audit   '@ckeditor/ckeditor5-bookmark': [ '44.1.0' ],
20 silly audit   '@ckeditor/ckeditor5-ckbox': [ '44.1.0' ],
20 silly audit   '@ckeditor/ckeditor5-ckfinder': [ '44.1.0' ],
20 silly audit   '@ckeditor/ckeditor5-clipboard': [ '44.1.0' ],
20 silly audit   '@ckeditor/ckeditor5-cloud-services': [ '44.1.0' ],
20 silly audit   '@ckeditor/ckeditor5-code-block': [ '44.1.0' ],
20 silly audit   '@ckeditor/ckeditor5-core': [ '44.1.0' ],
20 silly audit   '@ckeditor/ckeditor5-easy-image': [ '44.1.0' ],
20 silly audit   '@ckeditor/ckeditor5-editor-balloon': [ '44.1.0' ],
20 silly audit   '@ckeditor/ckeditor5-editor-classic': [ '44.1.0' ],
20 silly audit   '@ckeditor/ckeditor5-editor-decoupled': [ '44.1.0' ],
20 silly audit   '@ckeditor/ckeditor5-editor-inline': [ '44.1.0' ],
20 silly audit   '@ckeditor/ckeditor5-editor-multi-root': [ '44.1.0' ],
20 silly audit   '@ckeditor/ckeditor5-engine': [ '44.1.0' ],
20 silly audit   '@ckeditor/ckeditor5-enter': [ '44.1.0' ],
20 silly audit   '@ckeditor/ckeditor5-essentials': [ '44.1.0' ],
20 silly audit   '@ckeditor/ckeditor5-find-and-replace': [ '44.1.0' ],
20 silly audit   '@ckeditor/ckeditor5-font': [ '44.1.0' ],
20 silly audit   '@ckeditor/ckeditor5-heading': [ '44.1.0' ],
20 silly audit   '@ckeditor/ckeditor5-highlight': [ '44.1.0' ],
20 silly audit   '@ckeditor/ckeditor5-horizontal-line': [ '44.1.0' ],
20 silly audit   '@ckeditor/ckeditor5-html-embed': [ '44.1.0' ],
20 silly audit   '@ckeditor/ckeditor5-html-support': [ '44.1.0' ],
20 silly audit   '@ckeditor/ckeditor5-image': [ '44.1.0' ],
20 silly audit   '@ckeditor/ckeditor5-indent': [ '44.1.0' ],
20 silly audit   '@ckeditor/ckeditor5-integrations-common': [ '2.2.2' ],
20 silly audit   '@ckeditor/ckeditor5-language': [ '44.1.0' ],
20 silly audit   '@ckeditor/ckeditor5-link': [ '44.1.0' ],
20 silly audit   '@ckeditor/ckeditor5-list': [ '44.1.0' ],
20 silly audit   '@ckeditor/ckeditor5-markdown-gfm': [ '44.1.0' ],
20 silly audit   '@ckeditor/ckeditor5-media-embed': [ '44.1.0' ],
20 silly audit   '@ckeditor/ckeditor5-mention': [ '44.1.0' ],
20 silly audit   '@ckeditor/ckeditor5-minimap': [ '44.1.0' ],
20 silly audit   '@ckeditor/ckeditor5-page-break': [ '44.1.0' ],
20 silly audit   '@ckeditor/ckeditor5-paragraph': [ '44.1.0' ],
20 silly audit   '@ckeditor/ckeditor5-paste-from-office': [ '44.1.0' ],
20 silly audit   '@ckeditor/ckeditor5-react': [ '9.4.0' ],
20 silly audit   '@ckeditor/ckeditor5-remove-format': [ '44.1.0' ],
20 silly audit   '@ckeditor/ckeditor5-restricted-editing': [ '44.1.0' ],
20 silly audit   '@ckeditor/ckeditor5-select-all': [ '44.1.0' ],
20 silly audit   '@ckeditor/ckeditor5-show-blocks': [ '44.1.0' ],
20 silly audit   '@ckeditor/ckeditor5-source-editing': [ '44.1.0' ],
20 silly audit   '@ckeditor/ckeditor5-special-characters': [ '44.1.0' ],
20 silly audit   '@ckeditor/ckeditor5-style': [ '44.1.0' ],
20 silly audit   '@ckeditor/ckeditor5-table': [ '44.1.0' ],
20 silly audit   '@ckeditor/ckeditor5-theme-lark': [ '44.1.0' ],
20 silly audit   '@ckeditor/ckeditor5-typing': [ '44.1.0' ],
20 silly audit   '@ckeditor/ckeditor5-ui': [ '44.1.0' ],
20 silly audit   '@ckeditor/ckeditor5-undo': [ '44.1.0' ],
20 silly audit   '@ckeditor/ckeditor5-upload': [ '44.1.0' ],
20 silly audit   '@ckeditor/ckeditor5-utils': [ '44.1.0' ],
20 silly audit   '@ckeditor/ckeditor5-watchdog': [ '44.1.0' ],
20 silly audit   '@ckeditor/ckeditor5-widget': [ '44.1.0' ],
20 silly audit   '@ckeditor/ckeditor5-word-count': [ '44.1.0' ],
20 silly audit   '@esbuild/aix-ppc64': [ '0.21.5' ],
20 silly audit   '@esbuild/android-arm': [ '0.21.5' ],
20 silly audit   '@esbuild/android-arm64': [ '0.21.5' ],
20 silly audit   '@esbuild/android-x64': [ '0.21.5' ],
20 silly audit   '@esbuild/darwin-arm64': [ '0.21.5' ],
20 silly audit   '@esbuild/darwin-x64': [ '0.21.5' ],
20 silly audit   '@esbuild/freebsd-arm64': [ '0.21.5' ],
20 silly audit   '@esbuild/freebsd-x64': [ '0.21.5' ],
20 silly audit   '@esbuild/linux-arm': [ '0.21.5' ],
20 silly audit   '@esbuild/linux-arm64': [ '0.21.5' ],
20 silly audit   '@esbuild/linux-ia32': [ '0.21.5' ],
20 silly audit   '@esbuild/linux-loong64': [ '0.21.5' ],
20 silly audit   '@esbuild/linux-mips64el': [ '0.21.5' ],
20 silly audit   '@esbuild/linux-ppc64': [ '0.21.5' ],
20 silly audit   '@esbuild/linux-riscv64': [ '0.21.5' ],
20 silly audit   '@esbuild/linux-s390x': [ '0.21.5' ],
20 silly audit   '@esbuild/linux-x64': [ '0.21.5' ],
20 silly audit   '@esbuild/netbsd-x64': [ '0.21.5' ],
20 silly audit   '@esbuild/openbsd-x64': [ '0.21.5' ],
20 silly audit   '@esbuild/sunos-x64': [ '0.21.5' ],
20 silly audit   '@esbuild/win32-arm64': [ '0.21.5' ],
20 silly audit   '@esbuild/win32-ia32': [ '0.21.5' ],
20 silly audit   '@esbuild/win32-x64': [ '0.21.5' ],
20 silly audit   '@eslint-community/eslint-utils': [ '4.4.1' ],
20 silly audit   '@eslint-community/regexpp': [ '4.12.1' ],
20 silly audit   '@eslint/config-array': [ '0.21.0' ],
20 silly audit   'brace-expansion': [ '1.1.12', '2.0.1' ],
20 silly audit   minimatch: [ '3.1.2', '9.0.5' ],
20 silly audit   '@eslint/config-helpers': [ '0.3.0' ],
20 silly audit   '@eslint/core': [ '0.15.1' ],
20 silly audit   '@eslint/eslintrc': [ '3.3.1' ],
20 silly audit   globals: [ '14.0.0', '11.12.0' ],
20 silly audit   '@eslint/js': [ '9.32.0' ],
20 silly audit   '@eslint/object-schema': [ '2.1.6' ],
20 silly audit   '@eslint/plugin-kit': [ '0.3.4' ],
20 silly audit   '@floating-ui/core': [ '1.6.9' ],
20 silly audit   '@floating-ui/dom': [ '1.6.13' ],
20 silly audit   '@floating-ui/react': [ '0.26.28' ],
20 silly audit   '@floating-ui/react-dom': [ '2.1.2' ],
20 silly audit   '@floating-ui/utils': [ '0.2.9' ],
20 silly audit   '@headlessui/react': [ '2.2.0' ],
20 silly audit   '@humanfs/core': [ '0.19.1' ],
20 silly audit   '@humanfs/node': [ '0.16.6' ],
20 silly audit   '@humanwhocodes/retry': [ '0.3.1', '0.4.3' ],
20 silly audit   '@humanwhocodes/module-importer': [ '1.0.1' ],
20 silly audit   '@ianvs/prettier-plugin-sort-imports': [ '4.4.1' ],
20 silly audit   '@inertiajs/core': [ '1.3.0' ],
20 silly audit   '@inertiajs/react': [ '1.3.0' ],
20 silly audit   '@isaacs/cliui': [ '8.0.2' ],
20 silly audit   'ansi-styles': [ '6.2.1', '4.3.0' ],
20 silly audit   'emoji-regex': [ '9.2.2', '10.4.0', '8.0.0' ],
20 silly audit   'string-width': [ '5.1.2', '7.2.0', '4.2.3' ],
20 silly audit   'wrap-ansi': [ '8.1.0', '9.0.0', '7.0.0' ],
20 silly audit   '@jridgewell/gen-mapping': [ '0.3.8' ],
20 silly audit   '@jridgewell/resolve-uri': [ '3.1.2' ],
20 silly audit   '@jridgewell/set-array': [ '1.2.1' ],
20 silly audit   '@jridgewell/sourcemap-codec': [ '1.5.0' ],
20 silly audit   '@jridgewell/trace-mapping': [ '0.3.25' ],
20 silly audit   '@mixmark-io/domino': [ '2.2.0' ],
20 silly audit   '@nodelib/fs.scandir': [ '2.1.5' ],
20 silly audit   '@nodelib/fs.stat': [ '2.0.5' ],
20 silly audit   '@nodelib/fs.walk': [ '1.2.8' ],
20 silly audit   '@pkgjs/parseargs': [ '0.11.0' ],
20 silly audit   '@radix-ui/number': [ '1.1.0' ],
20 silly audit   '@radix-ui/primitive': [ '1.1.1' ],
20 silly audit   '@radix-ui/react-alert-dialog': [ '1.1.5' ],
20 silly audit   '@radix-ui/react-arrow': [ '1.1.1', '1.1.2' ],
20 silly audit   '@radix-ui/react-avatar': [ '1.1.2' ],
20 silly audit   '@radix-ui/react-checkbox': [ '1.1.3' ],
20 silly audit   '@radix-ui/react-collapsible': [ '1.1.2' ],
20 silly audit   '@radix-ui/react-collection': [ '1.1.1' ],
20 silly audit   '@radix-ui/react-compose-refs': [ '1.1.1' ],
20 silly audit   '@radix-ui/react-context': [ '1.1.1' ],
20 silly audit   '@radix-ui/react-dialog': [ '1.1.5' ],
20 silly audit   '@radix-ui/react-direction': [ '1.1.0' ],
20 silly audit   '@radix-ui/react-dismissable-layer': [ '1.1.4', '1.1.5' ],
20 silly audit   '@radix-ui/react-dropdown-menu': [ '2.1.5' ],
20 silly audit   '@radix-ui/react-focus-guards': [ '1.1.1' ],
20 silly audit   '@radix-ui/react-focus-scope': [ '1.1.1' ],
20 silly audit   '@radix-ui/react-hover-card': [ '1.1.6' ],
20 silly audit   '@radix-ui/react-popper': [ '1.2.2', '1.2.1' ],
20 silly audit   '@radix-ui/react-portal': [ '1.1.4', '1.1.3' ],
20 silly audit   '@radix-ui/react-primitive': [ '2.0.2', '2.0.1' ],
20 silly audit   '@radix-ui/react-slot': [ '1.1.2', '1.1.1' ],
20 silly audit   '@radix-ui/react-icons': [ '1.3.2' ],
20 silly audit   '@radix-ui/react-id': [ '1.1.0' ],
20 silly audit   '@radix-ui/react-label': [ '2.1.1' ],
20 silly audit   '@radix-ui/react-menu': [ '2.1.5' ],
20 silly audit   '@radix-ui/react-popover': [ '1.1.5' ],
20 silly audit   '@radix-ui/react-presence': [ '1.1.2' ],
20 silly audit   '@radix-ui/react-radio-group': [ '1.2.2' ],
20 silly audit   '@radix-ui/react-roving-focus': [ '1.1.1' ],
20 silly audit   '@radix-ui/react-select': [ '2.1.5' ],
20 silly audit   '@radix-ui/react-separator': [ '1.1.1' ],
20 silly audit   '@radix-ui/react-tabs': [ '1.1.2' ],
20 silly audit   '@radix-ui/react-toast': [ '1.2.5' ],
20 silly audit   '@radix-ui/react-tooltip': [ '1.1.7' ],
20 silly audit   '@radix-ui/react-use-callback-ref': [ '1.1.0' ],
20 silly audit   '@radix-ui/react-use-controllable-state': [ '1.1.0' ],
20 silly audit   '@radix-ui/react-use-escape-keydown': [ '1.1.0' ],
20 silly audit   '@radix-ui/react-use-layout-effect': [ '1.1.0' ],
20 silly audit   '@radix-ui/react-use-previous': [ '1.1.0' ],
20 silly audit   '@radix-ui/react-use-rect': [ '1.1.0' ],
20 silly audit   '@radix-ui/react-use-size': [ '1.1.0' ],
20 silly audit   '@radix-ui/react-visually-hidden': [ '1.1.1' ],
20 silly audit   '@radix-ui/rect': [ '1.1.0' ],
20 silly audit   '@react-aria/focus': [ '3.19.1' ],
20 silly audit   '@react-aria/interactions': [ '3.23.0' ],
20 silly audit   '@react-aria/ssr': [ '3.9.7' ],
20 silly audit   '@react-aria/utils': [ '3.27.0' ],
20 silly audit   '@react-stately/utils': [ '3.10.5' ],
20 silly audit   '@react-types/shared': [ '3.27.0' ],
20 silly audit   '@rollup/rollup-android-arm-eabi': [ '4.32.1' ],
20 silly audit   '@rollup/rollup-android-arm64': [ '4.32.1' ],
20 silly audit   '@rollup/rollup-darwin-arm64': [ '4.32.1' ],
20 silly audit   '@rollup/rollup-darwin-x64': [ '4.32.1' ],
20 silly audit   '@rollup/rollup-freebsd-arm64': [ '4.32.1' ],
20 silly audit   '@rollup/rollup-freebsd-x64': [ '4.32.1' ],
20 silly audit   '@rollup/rollup-linux-arm-gnueabihf': [ '4.32.1' ],
20 silly audit   '@rollup/rollup-linux-arm-musleabihf': [ '4.32.1' ],
20 silly audit   '@rollup/rollup-linux-arm64-gnu': [ '4.32.1' ],
20 silly audit   '@rollup/rollup-linux-arm64-musl': [ '4.32.1' ],
20 silly audit   '@rollup/rollup-linux-loongarch64-gnu': [ '4.32.1' ],
20 silly audit   '@rollup/rollup-linux-powerpc64le-gnu': [ '4.32.1' ],
20 silly audit   '@rollup/rollup-linux-riscv64-gnu': [ '4.32.1' ],
20 silly audit   '@rollup/rollup-linux-s390x-gnu': [ '4.32.1' ],
20 silly audit   '@rollup/rollup-linux-x64-gnu': [ '4.32.1' ],
20 silly audit   '@rollup/rollup-linux-x64-musl': [ '4.32.1' ],
20 silly audit   '@rollup/rollup-win32-arm64-msvc': [ '4.32.1' ],
20 silly audit   '@rollup/rollup-win32-ia32-msvc': [ '4.32.1' ],
20 silly audit   '@rollup/rollup-win32-x64-msvc': [ '4.32.1' ],
20 silly audit   '@swc/helpers': [ '0.5.15' ],
20 silly audit   '@tailwindcss/forms': [ '0.5.10' ],
20 silly audit   '@tailwindcss/typography': [ '0.5.16' ],
20 silly audit   'postcss-selector-parser': [ '6.0.10', '6.1.2' ],
20 silly audit   '@tanstack/eslint-plugin-query': [ '5.65.0' ],
20 silly audit   '@tanstack/query-core': [ '5.65.0' ],
20 silly audit   '@tanstack/react-query': [ '5.65.1' ],
20 silly audit   '@tanstack/react-virtual': [ '3.11.3' ],
20 silly audit   '@tanstack/virtual-core': [ '3.11.3' ],
20 silly audit   '@tinymce/tinymce-react': [ '5.1.1' ],
20 silly audit   '@types/babel__core': [ '7.20.5' ],
20 silly audit   '@types/babel__generator': [ '7.6.8' ],
20 silly audit   '@types/babel__template': [ '7.4.4' ],
20 silly audit   '@types/babel__traverse': [ '7.20.6' ],
20 silly audit   '@types/d3-array': [ '3.2.1' ],
20 silly audit   '@types/d3-color': [ '3.1.3' ],
20 silly audit   '@types/d3-ease': [ '3.0.2' ],
20 silly audit   '@types/d3-interpolate': [ '3.0.4' ],
20 silly audit   '@types/d3-path': [ '3.1.0' ],
20 silly audit   '@types/d3-scale': [ '4.0.8' ],
20 silly audit   '@types/d3-shape': [ '3.1.7' ],
20 silly audit   '@types/d3-time': [ '3.0.4' ],
20 silly audit   '@types/d3-timer': [ '3.0.2' ],
20 silly audit   '@types/estree': [ '1.0.6' ],
20 silly audit   '@types/jquery': [ '3.5.32' ],
20 silly audit   '@types/js-cookie': [ '3.0.6' ],
20 silly audit   '@types/json-schema': [ '7.0.15' ],
20 silly audit   '@types/lodash': [ '4.17.15' ],
20 silly audit   '@types/node': [ '18.19.74' ],
20 silly audit   '@types/prop-types': [ '15.7.14' ],
20 silly audit   '@types/raf': [ '3.4.3' ],
20 silly audit   '@types/react': [ '18.3.18' ],
20 silly audit   '@types/react-dom': [ '18.3.5' ],
20 silly audit   '@types/sizzle': [ '2.3.9' ],
20 silly audit   '@types/tinymce': [ '4.6.9' ],
20 silly audit   '@types/uuid': [ '10.0.0' ],
20 silly audit   '@typescript-eslint/scope-manager': [ '8.22.0' ],
20 silly audit   '@typescript-eslint/types': [ '8.22.0' ],
20 silly audit   '@typescript-eslint/typescript-estree': [ '8.22.0' ],
20 silly audit   '@typescript-eslint/utils': [ '8.22.0' ],
20 silly audit   '@typescript-eslint/visitor-keys': [ '8.22.0' ],
20 silly audit   'eslint-visitor-keys': [ '4.2.0', '3.4.3', '4.2.1' ],
20 silly audit   '@vitejs/plugin-react': [ '4.3.4' ],
20 silly audit   acorn: [ '8.15.0' ],
20 silly audit   'acorn-jsx': [ '5.3.2' ],
20 silly audit   ajv: [ '6.12.6' ],
20 silly audit   'ansi-escapes': [ '7.0.0' ],
20 silly audit   'ansi-regex': [ '6.1.0', '5.0.1' ],
20 silly audit   'any-promise': [ '1.3.0' ],
20 silly audit   anymatch: [ '3.1.3' ],
20 silly audit   arg: [ '5.0.2' ],
20 silly audit   argparse: [ '2.0.1' ],
20 silly audit   'aria-hidden': [ '1.2.4' ],
20 silly audit   asynckit: [ '0.4.0' ],
20 silly audit   atob: [ '2.1.2' ],
20 silly audit   'attr-accept': [ '2.2.5' ],
20 silly audit   autoprefixer: [ '10.4.20' ],
20 silly audit   axios: [ '1.11.0' ],
20 silly audit   'balanced-match': [ '1.0.2' ],
20 silly audit   'base64-arraybuffer': [ '1.0.2' ],
20 silly audit   'binary-extensions': [ '2.3.0' ],
20 silly audit   blurhash: [ '2.0.5' ],
20 silly audit   braces: [ '3.0.3' ],
20 silly audit   browserslist: [ '4.24.4' ],
20 silly audit   btoa: [ '1.2.1' ],
20 silly audit   'call-bind-apply-helpers': [ '1.0.1' ],
20 silly audit   'call-bound': [ '1.0.3' ],
20 silly audit   callsites: [ '3.1.0' ],
20 silly audit   'camelcase-css': [ '2.0.1' ],
20 silly audit   'caniuse-lite': [ '1.0.30001759' ],
20 silly audit   canvg: [ '3.0.11' ],
20 silly audit   'regenerator-runtime': [ '0.13.11' ],
20 silly audit   chalk: [ '4.1.2', '5.4.1' ],
20 silly audit   chokidar: [ '3.6.0' ],
20 silly audit   'glob-parent': [ '5.1.2', '6.0.2' ],
20 silly audit   ckeditor5: [ '44.1.0' ],
20 silly audit   'class-variance-authority': [ '0.7.1' ],
20 silly audit   'cli-cursor': [ '5.0.0' ],
20 silly audit   'cli-truncate': [ '4.0.0' ],
20 silly audit   clsx: [ '2.1.1' ],
20 silly audit   cmdk: [ '1.0.4' ],
20 silly audit   'color-convert': [ '2.0.1' ],
20 silly audit   'color-name': [ '1.1.4' ],
20 silly audit   'color-parse': [ '1.4.2' ],
20 silly audit   colorette: [ '2.0.20' ],
20 silly audit   'combined-stream': [ '1.0.8' ],
20 silly audit   commander: [ '13.1.0', '4.1.1' ],
20 silly audit   'concat-map': [ '0.0.1' ],
20 silly audit   'convert-source-map': [ '2.0.0' ],
20 silly audit   'core-js': [ '3.40.0' ],
20 silly audit   'cross-spawn': [ '7.0.6' ],
20 silly audit   'css-line-break': [ '2.1.0' ],
20 silly audit   cssesc: [ '3.0.0' ],
20 silly audit   csstype: [ '3.1.3' ],
20 silly audit   'd3-array': [ '3.2.4' ],
20 silly audit   'd3-color': [ '3.1.0' ],
20 silly audit   'd3-ease': [ '3.0.1' ],
20 silly audit   'd3-format': [ '3.1.0' ],
20 silly audit   'd3-interpolate': [ '3.0.1' ],
20 silly audit   'd3-path': [ '3.1.0' ],
20 silly audit   'd3-scale': [ '4.0.2' ],
20 silly audit   'd3-shape': [ '3.2.0' ],
20 silly audit   'd3-time': [ '3.1.0' ],
20 silly audit   'd3-time-format': [ '4.1.0' ],
20 silly audit   'd3-timer': [ '3.0.1' ],
20 silly audit   dayjs: [ '1.11.13' ],
20 silly audit   debug: [ '4.4.0' ],
20 silly audit   'decimal.js-light': [ '2.5.1' ],
20 silly audit   'deep-is': [ '0.1.4' ],
20 silly audit   deepmerge: [ '4.3.1' ],
20 silly audit   'delayed-stream': [ '1.0.0' ],
20 silly audit   'detect-node-es': [ '1.1.0' ],
20 silly audit   didyoumean: [ '1.2.2' ],
20 silly audit   dlv: [ '1.1.3' ],
20 silly audit   'dom-helpers': [ '5.2.1' ],
20 silly audit   dompurify: [ '2.5.8' ],
20 silly audit   'dunder-proto': [ '1.0.1' ],
20 silly audit   eastasianwidth: [ '0.2.0' ],
20 silly audit   'electron-to-chromium': [ '1.5.88' ],
20 silly audit   environment: [ '1.1.0' ],
20 silly audit   'es-define-property': [ '1.0.1' ],
20 silly audit   'es-errors': [ '1.3.0' ],
20 silly audit   'es-object-atoms': [ '1.1.1' ],
20 silly audit   'es-set-tostringtag': [ '2.1.0' ],
20 silly audit   esbuild: [ '0.21.5' ],
20 silly audit   escalade: [ '3.2.0' ],
20 silly audit   'escape-string-regexp': [ '4.0.0' ],
20 silly audit   eslint: [ '9.32.0' ],
20 silly audit   'eslint-scope': [ '8.4.0' ],
20 silly audit   espree: [ '10.4.0' ],
20 silly audit   esquery: [ '1.6.0' ],
20 silly audit   esrecurse: [ '4.3.0' ],
20 silly audit   estraverse: [ '5.3.0' ],
20 silly audit   esutils: [ '2.0.3' ],
20 silly audit   eventemitter3: [ '5.0.1', '4.0.7' ],
20 silly audit   execa: [ '8.0.1' ],
20 silly audit   'fast-deep-equal': [ '3.1.3' ],
20 silly audit   'fast-equals': [ '5.2.2' ],
20 silly audit   'fast-glob': [ '3.3.3' ],
20 silly audit   'fast-json-stable-stringify': [ '2.1.0' ],
20 silly audit   'fast-levenshtein': [ '2.0.6' ],
20 silly audit   fastq: [ '1.18.0' ],
20 silly audit   fflate: [ '0.8.2' ],
20 silly audit   'file-entry-cache': [ '8.0.0' ],
20 silly audit   'file-selector': [ '2.1.2' ],
20 silly audit   'fill-range': [ '7.1.1' ],
20 silly audit   'find-up': [ '5.0.0' ],
20 silly audit   'flat-cache': [ '4.0.1' ],
20 silly audit   flatted: [ '3.3.2' ],
20 silly audit   'follow-redirects': [ '1.15.9' ],
20 silly audit   'foreground-child': [ '3.3.0' ],
20 silly audit   'form-data': [ '4.0.4' ],
20 silly audit   'fraction.js': [ '4.3.7' ],
20 silly audit   'framer-motion': [ '11.18.2' ],
20 silly audit   fsevents: [ '2.3.3' ],
20 silly audit   'function-bind': [ '1.1.2' ],
20 silly audit   gensync: [ '1.0.0-beta.2' ],
20 silly audit   'get-east-asian-width': [ '1.3.0' ],
20 silly audit   'get-intrinsic': [ '1.2.7' ],
20 silly audit   'get-nonce': [ '1.0.1' ],
20 silly audit   'get-proto': [ '1.0.1' ],
20 silly audit   'get-stream': [ '8.0.1' ],
20 silly audit   glob: [ '10.4.5' ],
20 silly audit   gopd: [ '1.2.0' ],
20 silly audit   'has-flag': [ '4.0.0' ],
20 silly audit   'has-symbols': [ '1.1.0' ],
20 silly audit   'has-tostringtag': [ '1.0.2' ],
20 silly audit   hasown: [ '2.0.2' ],
20 silly audit   html2canvas: [ '1.4.1' ],
20 silly audit   'human-signals': [ '5.0.0' ],
20 silly audit   husky: [ '9.1.7' ],
20 silly audit   ignore: [ '5.3.2' ],
20 silly audit   'import-fresh': [ '3.3.1' ],
20 silly audit   imurmurhash: [ '0.1.4' ],
20 silly audit   internmap: [ '2.0.3' ],
20 silly audit   'is-binary-path': [ '2.1.0' ],
20 silly audit   'is-core-module': [ '2.16.1' ],
20 silly audit   'is-extglob': [ '2.1.1' ],
20 silly audit   'is-fullwidth-code-point': [ '4.0.0', '5.0.0', '3.0.0' ],
20 silly audit   'is-glob': [ '4.0.3' ],
20 silly audit   'is-number': [ '7.0.0' ],
20 silly audit   'is-stream': [ '3.0.0' ],
20 silly audit   isexe: [ '2.0.0' ],
20 silly audit   jackspeak: [ '3.4.3' ],
20 silly audit   jiti: [ '1.21.7' ],
20 silly audit   'js-cookie': [ '3.0.5' ],
20 silly audit   'js-tokens': [ '4.0.0' ],
20 silly audit   'js-yaml': [ '4.1.0' ],
20 silly audit   jsesc: [ '3.1.0' ],
20 silly audit   'json-buffer': [ '3.0.1' ],
20 silly audit   'json-schema-traverse': [ '0.4.1' ],
20 silly audit   'json-stable-stringify-without-jsonify': [ '1.0.1' ],
20 silly audit   json5: [ '2.2.3' ],
20 silly audit   jspdf: [ '2.5.2' ],
20 silly audit   keyv: [ '4.5.4' ],
20 silly audit   'laravel-vite-plugin': [ '1.2.0' ],
20 silly audit   levn: [ '0.4.1' ],
20 silly audit   lilconfig: [ '3.1.3' ],
20 silly audit   'lines-and-columns': [ '1.2.4' ],
20 silly audit   'lint-staged': [ '15.4.3' ],
20 silly audit   listr2: [ '8.2.5' ],
20 silly audit   'locate-path': [ '6.0.0' ],
20 silly audit   lodash: [ '4.17.21' ],
20 silly audit   'lodash-es': [ '4.17.21' ],
20 silly audit   'lodash.castarray': [ '4.4.0' ],
20 silly audit   'lodash.isequal': [ '4.5.0' ],
20 silly audit   'lodash.isplainobject': [ '4.0.6' ],
20 silly audit   'lodash.merge': [ '4.6.2' ],
20 silly audit   'log-update': [ '6.1.0' ],
20 silly audit   'slice-ansi': [ '7.1.0', '5.0.0' ],
20 silly audit   'loose-envify': [ '1.4.0' ],
20 silly audit   'lru-cache': [ '5.1.1', '10.4.3' ],
20 silly audit   'lucide-react': [ '0.446.0' ],
20 silly audit   marked: [ '4.0.12' ],
20 silly audit   'math-intrinsics': [ '1.1.0' ],
20 silly audit   'merge-stream': [ '2.0.0' ],
20 silly audit   merge2: [ '1.4.1' ],
20 silly audit   micromatch: [ '4.0.8' ],
20 silly audit   'mime-db': [ '1.52.0' ],
20 silly audit   'mime-types': [ '2.1.35' ],
20 silly audit   'mimic-fn': [ '4.0.0' ],
20 silly audit   'mimic-function': [ '5.0.1' ],
20 silly audit   'mini-svg-data-uri': [ '1.4.4' ],
20 silly audit   minipass: [ '7.1.2' ],
20 silly audit   mitt: [ '3.0.1' ],
20 silly audit   'motion-dom': [ '11.18.1' ],
20 silly audit   'motion-utils': [ '11.18.1' ],
20 silly audit   ms: [ '2.1.3' ],
20 silly audit   mz: [ '2.7.0' ],
20 silly audit   nanoid: [ '3.3.8' ],
20 silly audit   'natural-compare': [ '1.4.0' ],
20 silly audit   'node-releases': [ '2.0.19' ],
20 silly audit   'normalize-path': [ '3.0.0' ],
20 silly audit   'normalize-range': [ '0.1.2' ],
20 silly audit   'npm-run-path': [ '5.3.0' ],
20 silly audit   'path-key': [ '4.0.0', '3.1.1' ],
20 silly audit   nprogress: [ '0.2.0' ],
20 silly audit   nuqs: [ '2.4.0' ],
20 silly audit   'object-assign': [ '4.1.1' ],
20 silly audit   'object-hash': [ '3.0.0' ],
20 silly audit   'object-inspect': [ '1.13.3' ],
20 silly audit   onetime: [ '6.0.0', '7.0.0' ],
20 silly audit   optionator: [ '0.9.4' ],
20 silly audit   'p-limit': [ '3.1.0' ],
20 silly audit   'p-locate': [ '5.0.0' ],
20 silly audit   'package-json-from-dist': [ '1.0.1' ],
20 silly audit   'parent-module': [ '1.0.1' ],
20 silly audit   'path-exists': [ '4.0.0' ],
20 silly audit   'path-parse': [ '1.0.7' ],
20 silly audit   'path-scurry': [ '1.11.1' ],
20 silly audit   'performance-now': [ '2.1.0' ],
20 silly audit   picocolors: [ '1.1.1' ],
20 silly audit   picomatch: [ '2.3.1' ],
20 silly audit   pidtree: [ '0.6.0' ],
20 silly audit   pify: [ '2.3.0' ],
20 silly audit   pirates: [ '4.0.6' ],
20 silly audit   postcss: [ '8.5.1' ],
20 silly audit   'postcss-import': [ '15.1.0' ],
20 silly audit   'postcss-js': [ '4.0.1' ],
20 silly audit   'postcss-load-config': [ '4.0.2' ],
20 silly audit   'postcss-nested': [ '6.2.0' ],
20 silly audit   'postcss-value-parser': [ '4.2.0' ],
20 silly audit   'prelude-ls': [ '1.2.1' ],
20 silly audit   prettier: [ '3.4.2' ],
20 silly audit   'prettier-plugin-tailwindcss': [ '0.6.11' ],
20 silly audit   'prop-types': [ '15.8.1' ],
20 silly audit   'proxy-from-env': [ '1.1.0' ],
20 silly audit   punycode: [ '2.3.1' ],
20 silly audit   qs: [ '6.14.0' ],
20 silly audit   'queue-microtask': [ '1.2.3' ],
20 silly audit   raf: [ '3.4.1' ],
20 silly audit   react: [ '18.3.1' ],
20 silly audit   'react-currency-input-field': [ '3.9.0' ],
20 silly audit   'react-day-picker': [ '8.10.1' ],
20 silly audit   'react-dom': [ '18.3.1' ],
20 silly audit   'react-dropzone': [ '14.3.5' ],
20 silly audit   'react-is': [ '16.13.1', '18.3.1' ],
20 silly audit   'react-refresh': [ '0.14.2' ],
20 silly audit   'react-remove-scroll': [ '2.6.3' ],
20 silly audit   'react-remove-scroll-bar': [ '2.3.8' ],
20 silly audit   'react-smooth': [ '4.0.4' ],
20 silly audit   'react-style-singleton': [ '2.2.3' ],
20 silly audit   'react-transition-group': [ '4.4.5' ],
20 silly audit   'read-cache': [ '1.0.0' ],
20 silly audit   readdirp: [ '3.6.0' ],
20 silly audit   recharts: [ '2.15.1' ],
20 silly audit   'recharts-scale': [ '0.4.5' ],
20 silly audit   resolve: [ '1.22.10' ],
20 silly audit   'resolve-from': [ '4.0.0' ],
20 silly audit   'restore-cursor': [ '5.1.0' ],
20 silly audit   reusify: [ '1.0.4' ],
20 silly audit   rfdc: [ '1.4.1' ],
20 silly audit   rgbcolor: [ '1.0.1' ],
20 silly audit   rollup: [ '4.32.1' ],
20 silly audit   'run-parallel': [ '1.2.0' ],
20 silly audit   scheduler: [ '0.23.2' ],
20 silly audit   'shebang-command': [ '2.0.0' ],
20 silly audit   'shebang-regex': [ '3.0.0' ],
20 silly audit   'side-channel': [ '1.1.0' ],
20 silly audit   'side-channel-list': [ '1.0.0' ],
20 silly audit   'side-channel-map': [ '1.0.1' ],
20 silly audit   'side-channel-weakmap': [ '1.0.2' ],
20 silly audit   'signal-exit': [ '4.1.0' ],
20 silly audit   'source-map-js': [ '1.2.1' ],
20 silly audit   'stackblur-canvas': [ '2.7.0' ],
20 silly audit   'string-argv': [ '0.3.2' ],
20 silly audit   'strip-ansi': [ '6.0.1', '7.1.0' ],
20 silly audit   'strip-final-newline': [ '3.0.0' ],
20 silly audit   'strip-json-comments': [ '3.1.1' ],
20 silly audit   sucrase: [ '3.35.0' ],
20 silly audit   'supports-color': [ '7.2.0' ],
20 silly audit   'supports-preserve-symlinks-flag': [ '1.0.0' ],
20 silly audit   'svg-pathdata': [ '6.0.3' ],
20 silly audit   tabbable: [ '6.2.0' ],
20 silly audit   'tailwind-merge': [ '2.6.0' ],
20 silly audit   tailwindcss: [ '3.4.17' ],
20 silly audit   'tailwindcss-animate': [ '1.0.7' ],
20 silly audit   'text-segmentation': [ '1.0.3' ],
20 silly audit   thenify: [ '3.3.1' ],
20 silly audit   'thenify-all': [ '1.6.0' ],
20 silly audit   'tiny-invariant': [ '1.3.3' ],
20 silly audit   tinymce: [ '7.6.1' ],
20 silly audit   'to-regex-range': [ '5.0.1' ],
20 silly audit   'ts-api-utils': [ '2.0.0' ],
20 silly audit   'ts-interface-checker': [ '0.1.13' ],
20 silly audit   tslib: [ '2.8.1' ],
20 silly audit   turndown: [ '7.2.0' ],
20 silly audit   'turndown-plugin-gfm': [ '1.0.2' ],
20 silly audit   'type-check': [ '0.4.0' ],
20 silly audit   typescript: [ '5.7.3' ],
20 silly audit   'undici-types': [ '5.26.5' ],
20 silly audit   'update-browserslist-db': [ '1.1.2' ],
20 silly audit   'uri-js': [ '4.4.1' ],
20 silly audit   'use-callback-ref': [ '1.3.3' ],
20 silly audit   'use-sidecar': [ '1.1.3' ],
20 silly audit   'use-sync-external-store': [ '1.4.0' ],
20 silly audit   'util-deprecate': [ '1.0.2' ],
20 silly audit   utrie: [ '1.0.2' ],
20 silly audit   uuid: [ '10.0.0' ],
20 silly audit   'vanilla-colorful': [ '0.7.2' ],
20 silly audit   'victory-vendor': [ '36.9.2' ],
20 silly audit   vite: [ '5.4.19' ],
20 silly audit   'vite-plugin-full-reload': [ '1.2.0' ],
20 silly audit   which: [ '2.0.2' ],
20 silly audit   'word-wrap': [ '1.2.5' ],
20 silly audit   yallist: [ '3.1.1' ],
20 silly audit   yaml: [ '2.7.0' ],
20 silly audit   'yocto-queue': [ '0.1.0' ],
20 silly audit   'date-fns': [ '3.6.0' ]
20 silly audit }
21 http fetch POST 200 https://registry.npmjs.org/-/npm/v1/security/advisories/bulk 836ms
22 silly audit report {
22 silly audit report   '@ckeditor/ckeditor5-html-support': [
22 silly audit report     {
22 silly audit report       id: 1114938,
22 silly audit report       url: 'https://github.com/advisories/GHSA-jrqm-vmqc-gm93',
22 silly audit report       title: 'CKEditor 5 has Cross-site Scripting (XSS) in the HTML Support package',
22 silly audit report       severity: 'moderate',
22 silly audit report       vulnerable_versions: '>=29.0.0 <47.6.0',
22 silly audit report       cwe: [Array],
22 silly audit report       cvss: [Object]
22 silly audit report     }
22 silly audit report   ],
22 silly audit report   'brace-expansion': [
22 silly audit report     {
22 silly audit report       id: 1105444,
22 silly audit report       url: 'https://github.com/advisories/GHSA-v6h2-p8h4-qcjw',
22 silly audit report       title: 'brace-expansion Regular Expression Denial of Service vulnerability',
22 silly audit report       severity: 'low',
22 silly audit report       vulnerable_versions: '>=2.0.0 <=2.0.1',
22 silly audit report       cwe: [Array],
22 silly audit report       cvss: [Object]
22 silly audit report     },
22 silly audit report     {
22 silly audit report       id: 1115540,
22 silly audit report       url: 'https://github.com/advisories/GHSA-f886-m6hf-6m8v',
22 silly audit report       title: 'brace-expansion: Zero-step sequence causes process hang and memory exhaustion',
22 silly audit report       severity: 'moderate',
22 silly audit report       vulnerable_versions: '<1.1.13',
22 silly audit report       cwe: [Array],
22 silly audit report       cvss: [Object]
22 silly audit report     },
22 silly audit report     {
22 silly audit report       id: 1115541,
22 silly audit report       url: 'https://github.com/advisories/GHSA-f886-m6hf-6m8v',
22 silly audit report       title: 'brace-expansion: Zero-step sequence causes process hang and memory exhaustion',
22 silly audit report       severity: 'moderate',
22 silly audit report       vulnerable_versions: '>=2.0.0 <2.0.3',
22 silly audit report       cwe: [Array],
22 silly audit report       cvss: [Object]
22 silly audit report     }
22 silly audit report   ],
22 silly audit report   minimatch: [
22 silly audit report     {
22 silly audit report       id: 1113459,
22 silly audit report       url: 'https://github.com/advisories/GHSA-3ppc-4f35-3m26',
22 silly audit report       title: 'minimatch has a ReDoS via repeated wildcards with non-matching literal in pattern',
22 silly audit report       severity: 'high',
22 silly audit report       vulnerable_versions: '<3.1.3',
22 silly audit report       cwe: [Array],
22 silly audit report       cvss: [Object]
22 silly audit report     },
22 silly audit report     {
22 silly audit report       id: 1113465,
22 silly audit report       url: 'https://github.com/advisories/GHSA-3ppc-4f35-3m26',
22 silly audit report       title: 'minimatch has a ReDoS via repeated wildcards with non-matching literal in pattern',
22 silly audit report       severity: 'high',
22 silly audit report       vulnerable_versions: '>=9.0.0 <9.0.6',
22 silly audit report       cwe: [Array],
22 silly audit report       cvss: [Object]
22 silly audit report     },
22 silly audit report     {
22 silly audit report       id: 1113538,
22 silly audit report       url: 'https://github.com/advisories/GHSA-7r86-cg39-jmmj',
22 silly audit report       title: 'minimatch has ReDoS: matchOne() combinatorial backtracking via multiple non-adjacent GLOBSTAR segments',
22 silly audit report       severity: 'high',
22 silly audit report       vulnerable_versions: '<3.1.3',
22 silly audit report       cwe: [Array],
22 silly audit report       cvss: [Object]
22 silly audit report     },
22 silly audit report     {
22 silly audit report       id: 1113544,
22 silly audit report       url: 'https://github.com/advisories/GHSA-7r86-cg39-jmmj',
22 silly audit report       title: 'minimatch has ReDoS: matchOne() combinatorial backtracking via multiple non-adjacent GLOBSTAR segments',
22 silly audit report       severity: 'high',
22 silly audit report       vulnerable_versions: '>=9.0.0 <9.0.7',
22 silly audit report       cwe: [Array],
22 silly audit report       cvss: [Object]
22 silly audit report     },
22 silly audit report     {
22 silly audit report       id: 1113546,
22 silly audit report       url: 'https://github.com/advisories/GHSA-23c5-xmqv-rm74',
22 silly audit report       title: 'minimatch ReDoS: nested *() extglobs generate catastrophically backtracking regular expressions',
22 silly audit report       severity: 'high',
22 silly audit report       vulnerable_versions: '<3.1.4',
22 silly audit report       cwe: [Array],
22 silly audit report       cvss: [Object]
22 silly audit report     },
22 silly audit report     {
22 silly audit report       id: 1113552,
22 silly audit report       url: 'https://github.com/advisories/GHSA-23c5-xmqv-rm74',
22 silly audit report       title: 'minimatch ReDoS: nested *() extglobs generate catastrophically backtracking regular expressions',
22 silly audit report       severity: 'high',
22 silly audit report       vulnerable_versions: '>=9.0.0 <9.0.7',
22 silly audit report       cwe: [Array],
22 silly audit report       cvss: [Object]
22 silly audit report     }
22 silly audit report   ],
22 silly audit report   ajv: [
22 silly audit report     {
22 silly audit report       id: 1113714,
22 silly audit report       url: 'https://github.com/advisories/GHSA-2g4f-4pwh-qvx6',
22 silly audit report       title: 'ajv has ReDoS when using `$data` option',
22 silly audit report       severity: 'moderate',
22 silly audit report       vulnerable_versions: '<6.14.0',
22 silly audit report       cwe: [Array],
22 silly audit report       cvss: [Object]
22 silly audit report     }
22 silly audit report   ],
22 silly audit report   axios: [
22 silly audit report     {
22 silly audit report       id: 1118607,
22 silly audit report       url: 'https://github.com/advisories/GHSA-q8qp-cvcw-x6jj',
22 silly audit report       title: 'Axios has prototype pollution read-side gadgets in HTTP adapter that allow credential injection and request hijacking',
22 silly audit report       severity: 'high',
22 silly audit report       vulnerable_versions: '>=1.0.0 <1.15.2',
22 silly audit report       cwe: [Array],
22 silly audit report       cvss: [Object]
22 silly audit report     },
22 silly audit report     {
22 silly audit report       id: 1112195,
22 silly audit report       url: 'https://github.com/advisories/GHSA-4hjh-wcwx-xvwj',
22 silly audit report       title: 'Axios is vulnerable to DoS attack through lack of data size check',
22 silly audit report       severity: 'high',
22 silly audit report       vulnerable_versions: '>=1.0.0 <1.12.0',
22 silly audit report       cwe: [Array],
22 silly audit report       cvss: [Object]
22 silly audit report     },
22 silly audit report     {
22 silly audit report       id: 1119404,
22 silly audit report       url: 'https://github.com/advisories/GHSA-fvcv-3m26-pcqx',
22 silly audit report       title: 'Axios has Unrestricted Cloud Metadata Exfiltration via Header Injection Chain',
22 silly audit report       severity: 'moderate',
22 silly audit report       vulnerable_versions: '>=1.0.0 <1.15.0',
22 silly audit report       cwe: [Array],
22 silly audit report       cvss: [Object]
22 silly audit report     },
22 silly audit report     {
22 silly audit report       id: 1116673,
22 silly audit report       url: 'https://github.com/advisories/GHSA-3p68-rc4w-qgx5',
22 silly audit report       title: 'Axios has a NO_PROXY Hostname Normalization Bypass that Leads to SSRF',
22 silly audit report       severity: 'moderate',
22 silly audit report       vulnerable_versions: '>=1.0.0 <1.15.0',
22 silly audit report       cwe: [Array],
22 silly audit report       cvss: [Object]
22 silly audit report     },
22 silly audit report     {
22 silly audit report       id: 1117574,
22 silly audit report       url: 'https://github.com/advisories/GHSA-w9j2-pvgh-6h63',
22 silly audit report       title: 'Axios: Authentication Bypass via Prototype Pollution Gadget in `validateStatus` Merge Strategy',
22 silly audit report       severity: 'moderate',
22 silly audit report       vulnerable_versions: '>=1.0.0 <1.15.1',
22 silly audit report       cwe: [Array],
22 silly audit report       cvss: [Object]
22 silly audit report     },
22 silly audit report     {
22 silly audit report       id: 1117576,
22 silly audit report       url: 'https://github.com/advisories/GHSA-pmwg-cvhr-8vh7',
22 silly audit report       title: 'Axios: Incomplete Fix for CVE-2025-62718 — NO_PROXY Protection Bypassed via RFC 1122 Loopback Subnet (127.0.0.0/8) in Axios 1.15.0',
22 silly audit report       severity: 'high',
22 silly audit report       vulnerable_versions: '>=1.0.0 <1.15.1',
22 silly audit report       cwe: [Array],
22 silly audit report       cvss: [Object]
22 silly audit report     },
22 silly audit report     {
22 silly audit report       id: 1117577,
22 silly audit report       url: 'https://github.com/advisories/GHSA-3w6x-2g7m-8v23',
22 silly audit report       title: 'Axios: Invisible JSON Response Tampering via Prototype Pollution Gadget in `parseReviver`',
22 silly audit report       severity: 'moderate',
22 silly audit report       vulnerable_versions: '>=1.0.0 <1.15.2',
22 silly audit report       cwe: [Array],
22 silly audit report       cvss: [Object]
22 silly audit report     },
22 silly audit report     {
22 silly audit report       id: 1117580,
22 silly audit report       url: 'https://github.com/advisories/GHSA-xhjh-pmcv-23jw',
22 silly audit report       title: 'Axios: Null Byte Injection via Reverse-Encoding in AxiosURLSearchParams',
22 silly audit report       severity: 'low',
22 silly audit report       vulnerable_versions: '>=1.0.0 <1.15.1',
22 silly audit report       cwe: [Array],
22 silly audit report       cvss: [Object]
22 silly audit report     },
22 silly audit report     {
22 silly audit report       id: 1117581,
22 silly audit report       url: 'https://github.com/advisories/GHSA-445q-vr5w-6q77',
22 silly audit report       title: 'Axios: CRLF Injection in multipart/form-data body via unsanitized blob.type in formDataToStream',
22 silly audit report       severity: 'moderate',
22 silly audit report       vulnerable_versions: '>=1.0.0 <1.15.1',
22 silly audit report       cwe: [Array],
22 silly audit report       cvss: [Object]
22 silly audit report     },
22 silly audit report     {
22 silly audit report       id: 1117583,
22 silly audit report       url: 'https://github.com/advisories/GHSA-m7pr-hjqh-92cm',
22 silly audit report       title: 'Axios: no_proxy bypass via IP alias allows SSRF',
22 silly audit report       severity: 'moderate',
22 silly audit report       vulnerable_versions: '>=1.0.0 <1.15.1',
22 silly audit report       cwe: [Array],
22 silly audit report       cvss: [Object]
22 silly audit report     },
22 silly audit report     {
22 silly audit report       id: 1117585,
22 silly audit report       url: 'https://github.com/advisories/GHSA-62hf-57xw-28j9',
22 silly audit report       title: 'Axios: unbounded recursion in toFormData causes DoS via deeply nested request data',
22 silly audit report       severity: 'moderate',
22 silly audit report       vulnerable_versions: '>=1.0.0 <1.15.1',
22 silly audit report       cwe: [Array],
22 silly audit report       cvss: [Object]
22 silly audit report     },
22 silly audit report     {
22 silly audit report       id: 1117587,
22 silly audit report       url: 'https://github.com/advisories/GHSA-5c9x-8gcm-mpgx',
22 silly audit report       title: "Axios' HTTP adapter-streamed uploads bypass maxBodyLength when maxRedirects: 0",
22 silly audit report       severity: 'moderate',
22 silly audit report       vulnerable_versions: '>=1.0.0 <1.15.1',
22 silly audit report       cwe: [Array],
22 silly audit report       cvss: [Object]
22 silly audit report     },
22 silly audit report     {
22 silly audit report       id: 1117589,
22 silly audit report       url: 'https://github.com/advisories/GHSA-vf2m-468p-8v99',
22 silly audit report       title: 'Axios: HTTP adapter streamed responses bypass maxContentLength',
22 silly audit report       severity: 'moderate',
22 silly audit report       vulnerable_versions: '>=1.0.0 <1.15.1',
22 silly audit report       cwe: [Array],
22 silly audit report       cvss: [Object]
22 silly audit report     },
22 silly audit report     {
22 silly audit report       id: 1117591,
22 silly audit report       url: 'https://github.com/advisories/GHSA-pf86-5x62-jrwf',
22 silly audit report       title: 'Axios: Prototype Pollution Gadgets - Response Tampering, Data Exfiltration, and Request Hijacking',
22 silly audit report       severity: 'high',
22 silly audit report       vulnerable_versions: '>=1.0.0 <1.15.1',
22 silly audit report       cwe: [Array],
22 silly audit report       cvss: [Object]
22 silly audit report     },
22 silly audit report     {
22 silly audit report       id: 1117593,
22 silly audit report       url: 'https://github.com/advisories/GHSA-6chq-wfr3-2hj9',
22 silly audit report       title: 'Axios: Header Injection via Prototype Pollution',
22 silly audit report       severity: 'high',
22 silly audit report       vulnerable_versions: '>=1.0.0 <1.15.1',
22 silly audit report       cwe: [Array],
22 silly audit report       cvss: [Object]
22 silly audit report     },
22 silly audit report     {
22 silly audit report       id: 1117595,
22 silly audit report       url: 'https://github.com/advisories/GHSA-xx6v-rp6x-q39c',
22 silly audit report       title: 'Axios: XSRF Token Cross-Origin Leakage via Prototype Pollution Gadget in `withXSRFToken` Boolean Coercion',
22 silly audit report       severity: 'moderate',
22 silly audit report       vulnerable_versions: '>=1.0.0 <1.15.1',
22 silly audit report       cwe: [Array],
22 silly audit report       cvss: [Object]
22 silly audit report     },
22 silly audit report     {
22 silly audit report       id: 1117858,
22 silly audit report       url: 'https://github.com/advisories/GHSA-43fc-jf86-j433',
22 silly audit report       title: 'Axios is Vulnerable to Denial of Service via __proto__ Key in mergeConfig',
22 silly audit report       severity: 'high',
22 silly audit report       vulnerable_versions: '>=1.0.0 <=1.13.4',
22 silly audit report       cwe: [Array],
22 silly audit report       cvss: [Object]
22 silly audit report     }
22 silly audit report   ],
22 silly audit report   ckeditor5: [
22 silly audit report     {
22 silly audit report       id: 1114937,
22 silly audit report       url: 'https://github.com/advisories/GHSA-jrqm-vmqc-gm93',
22 silly audit report       title: 'CKEditor 5 has Cross-site Scripting (XSS) in the HTML Support package',
22 silly audit report       severity: 'moderate',
22 silly audit report       vulnerable_versions: '>=29.0.0 <47.6.0',
22 silly audit report       cwe: [Array],
22 silly audit report       cvss: [Object]
22 silly audit report     }
22 silly audit report   ],
22 silly audit report   dompurify: [
22 silly audit report     {
22 silly audit report       id: 1105772,
22 silly audit report       url: 'https://github.com/advisories/GHSA-vhxf-7vqr-mrjg',
22 silly audit report       title: 'DOMPurify allows Cross-site Scripting (XSS)',
22 silly audit report       severity: 'moderate',
22 silly audit report       vulnerable_versions: '<3.2.4',
22 silly audit report       cwe: [Array],
22 silly audit report       cvss: [Object]
22 silly audit report     },
22 silly audit report     {
22 silly audit report       id: 1113980,
22 silly audit report       url: 'https://github.com/advisories/GHSA-v8jm-5vwx-cfxm',
22 silly audit report       title: 'DOMPurify contains a Cross-site Scripting vulnerability',
22 silly audit report       severity: 'moderate',
22 silly audit report       vulnerable_versions: '>=2.5.3 <=2.5.8',
22 silly audit report       cwe: [Array],
22 silly audit report       cvss: [Object]
22 silly audit report     },
22 silly audit report     {
22 silly audit report       id: 1115667,
22 silly audit report       url: 'https://github.com/advisories/GHSA-v2wj-7wpq-c8vv',
22 silly audit report       title: 'DOMPurify contains a Cross-site Scripting vulnerability',
22 silly audit report       severity: 'moderate',
22 silly audit report       vulnerable_versions: '>=2.5.3 <=2.5.8',
22 silly audit report       cwe: [Array],
22 silly audit report       cvss: [Object]
22 silly audit report     },
22 silly audit report     {
22 silly audit report       id: 1115921,
22 silly audit report       url: 'https://github.com/advisories/GHSA-cjmm-f4jc-qw8r',
22 silly audit report       title: 'DOMPurify ADD_ATTR predicate skips URI validation',
22 silly audit report       severity: 'moderate',
22 silly audit report       vulnerable_versions: '<=3.3.1',
22 silly audit report       cwe: [Array],
22 silly audit report       cvss: [Object]
22 silly audit report     },
22 silly audit report     {
22 silly audit report       id: 1115922,
22 silly audit report       url: 'https://github.com/advisories/GHSA-cj63-jhhr-wcxv',
22 silly audit report       title: 'DOMPurify USE_PROFILES prototype pollution allows event handlers',
22 silly audit report       severity: 'moderate',
22 silly audit report       vulnerable_versions: '<=3.3.1',
22 silly audit report       cwe: [Array],
22 silly audit report       cvss: [Object]
22 silly audit report     },
22 silly audit report     {
22 silly audit report       id: 1116663,
22 silly audit report       url: 'https://github.com/advisories/GHSA-39q2-94rc-95cp',
22 silly audit report       title: "DOMPurify's ADD_TAGS function form bypasses FORBID_TAGS due to short-circuit evaluation",
22 silly audit report       severity: 'moderate',
22 silly audit report       vulnerable_versions: '<=3.3.3',
22 silly audit report       cwe: [Array],
22 silly audit report       cvss: [Object]
22 silly audit report     },
22 silly audit report     {
22 silly audit report       id: 1117138,
22 silly audit report       url: 'https://github.com/advisories/GHSA-h7mw-gpvr-xq4m',
22 silly audit report       title: 'DOMPurify: FORBID_TAGS bypassed by function-based ADD_TAGS predicate (asymmetry with FORBID_ATTR fix)',
22 silly audit report       severity: 'moderate',
22 silly audit report       vulnerable_versions: '<3.4.0',
22 silly audit report       cwe: [Array],
22 silly audit report       cvss: [Object]
22 silly audit report     },
22 silly audit report     {
22 silly audit report       id: 1117139,
22 silly audit report       url: 'https://github.com/advisories/GHSA-crv5-9vww-q3g8',
22 silly audit report       title: 'DOMPurify has a SAFE_FOR_TEMPLATES bypass in RETURN_DOM mode',
22 silly audit report       severity: 'moderate',
22 silly audit report       vulnerable_versions: '>=1.0.10 <3.4.0',
22 silly audit report       cwe: [Array],
22 silly audit report       cvss: [Object]
22 silly audit report     },
22 silly audit report     {
22 silly audit report       id: 1117795,
22 silly audit report       url: 'https://github.com/advisories/GHSA-h8r8-wccr-v5f2',
22 silly audit report       title: 'DOMPurify is vulnerable to mutation-XSS via Re-Contextualization ',
22 silly audit report       severity: 'moderate',
22 silly audit report       vulnerable_versions: '<3.3.2',
22 silly audit report       cwe: [Array],
22 silly audit report       cvss: [Object]
22 silly audit report     }
22 silly audit report   ],
22 silly audit report   esbuild: [
22 silly audit report     {
22 silly audit report       id: 1102341,
22 silly audit report       url: 'https://github.com/advisories/GHSA-67mh-4wv8-2f99',
22 silly audit report       title: 'esbuild enables any website to send any requests to the development server and read the response',
22 silly audit report       severity: 'moderate',
22 silly audit report       vulnerable_versions: '<=0.24.2',
22 silly audit report       cwe: [Array],
22 silly audit report       cvss: [Object]
22 silly audit report     }
22 silly audit report   ],
22 silly audit report   flatted: [
22 silly audit report     {
22 silly audit report       id: 1114526,
22 silly audit report       url: 'https://github.com/advisories/GHSA-25h7-pfq9-p65f',
22 silly audit report       title: 'flatted vulnerable to unbounded recursion DoS in parse() revive phase',
22 silly audit report       severity: 'high',
22 silly audit report       vulnerable_versions: '<3.4.0',
22 silly audit report       cwe: [Array],
22 silly audit report       cvss: [Object]
22 silly audit report     },
22 silly audit report     {
22 silly audit report       id: 1115357,
22 silly audit report       url: 'https://github.com/advisories/GHSA-rf6f-7fwh-wjgh',
22 silly audit report       title: 'Prototype Pollution via parse() in NodeJS flatted',
22 silly audit report       severity: 'high',
22 silly audit report       vulnerable_versions: '<=3.4.1',
22 silly audit report       cwe: [Array],
22 silly audit report       cvss: [Object]
22 silly audit report     }
22 silly audit report   ],
22 silly audit report   'follow-redirects': [
22 silly audit report     {
22 silly audit report       id: 1116560,
22 silly audit report       url: 'https://github.com/advisories/GHSA-r4q5-vmmm-2653',
22 silly audit report       title: 'follow-redirects leaks Custom Authentication Headers to Cross-Domain Redirect Targets',
22 silly audit report       severity: 'moderate',
22 silly audit report       vulnerable_versions: '<=1.15.11',
22 silly audit report       cwe: [Array],
22 silly audit report       cvss: [Object]
22 silly audit report     }
22 silly audit report   ],
22 silly audit report   glob: [
22 silly audit report     {
22 silly audit report       id: 1109842,
22 silly audit report       url: 'https://github.com/advisories/GHSA-5j98-mcp5-4vw2',
22 silly audit report       title: 'glob CLI: Command injection via -c/--cmd executes matches with shell:true',
22 silly audit report       severity: 'high',
22 silly audit report       vulnerable_versions: '>=10.2.0 <10.5.0',
22 silly audit report       cwe: [Array],
22 silly audit report       cvss: [Object]
22 silly audit report     }
22 silly audit report   ],
22 silly audit report   'js-cookie': [
22 silly audit report     {
22 silly audit report       id: 1119459,
22 silly audit report       url: 'https://github.com/advisories/GHSA-qjx8-664m-686j',
22 silly audit report       title: 'JavaScript Cookie: Per-instance prototype hijack in assign() enables cookie-attribute injection',
22 silly audit report       severity: 'high',
22 silly audit report       vulnerable_versions: '<=3.0.5',
22 silly audit report       cwe: [Array],
22 silly audit report       cvss: [Object]
22 silly audit report     }
22 silly audit report   ],
22 silly audit report   'js-yaml': [
22 silly audit report     {
22 silly audit report       id: 1112715,
22 silly audit report       url: 'https://github.com/advisories/GHSA-mh29-5h37-fv8m',
22 silly audit report       title: 'js-yaml has prototype pollution in merge (<<)',
22 silly audit report       severity: 'moderate',
22 silly audit report       vulnerable_versions: '>=4.0.0 <4.1.1',
22 silly audit report       cwe: [Array],
22 silly audit report       cvss: [Object]
22 silly audit report     }
22 silly audit report   ],
22 silly audit report   jspdf: [
22 silly audit report     {
22 silly audit report       id: 1103308,
22 silly audit report       url: 'https://github.com/advisories/GHSA-w532-jxjh-hjhj',
22 silly audit report       title: 'jsPDF Bypass Regular Expression Denial of Service (ReDoS)',
22 silly audit report       severity: 'high',
22 silly audit report       vulnerable_versions: '<3.0.1',
22 silly audit report       cwe: [Array],
22 silly audit report       cvss: [Object]
22 silly audit report     },
22 silly audit report     {
22 silly audit report       id: 1107412,
22 silly audit report       url: 'https://github.com/advisories/GHSA-8mvj-3j78-4qmw',
22 silly audit report       title: 'jsPDF Denial of Service (DoS)',
22 silly audit report       severity: 'high',
22 silly audit report       vulnerable_versions: '<=3.0.1',
22 silly audit report       cwe: [Array],
22 silly audit report       cvss: [Object]
22 silly audit report     },
22 silly audit report     {
22 silly audit report       id: 1112264,
22 silly audit report       url: 'https://github.com/advisories/GHSA-f8cm-6447-x5h2',
22 silly audit report       title: 'jsPDF has Local File Inclusion/Path Traversal vulnerability',
22 silly audit report       severity: 'critical',
22 silly audit report       vulnerable_versions: '<=3.0.4',
22 silly audit report       cwe: [Array],
22 silly audit report       cvss: [Object]
22 silly audit report     },
22 silly audit report     {
22 silly audit report       id: 1112801,
22 silly audit report       url: 'https://github.com/advisories/GHSA-pqxr-3g65-p328',
22 silly audit report       title: 'jsPDF has PDF Injection in AcroFormChoiceField that allows Arbitrary JavaScript Execution',
22 silly audit report       severity: 'high',
22 silly audit report       vulnerable_versions: '<=4.0.0',
22 silly audit report       cwe: [Array],
22 silly audit report       cvss: [Object]
22 silly audit report     },
22 silly audit report     {
22 silly audit report       id: 1112802,
22 silly audit report       url: 'https://github.com/advisories/GHSA-95fx-jjr5-f39c',
22 silly audit report       title: 'jsPDF Vulnerable to Denial of Service (DoS) via Unvalidated BMP Dimensions in BMPDecoder',
22 silly audit report       severity: 'high',
22 silly audit report       vulnerable_versions: '<=4.0.0',
22 silly audit report       cwe: [Array],
22 silly audit report       cvss: [Object]
22 silly audit report     },
22 silly audit report     {
22 silly audit report       id: 1112803,
22 silly audit report       url: 'https://github.com/advisories/GHSA-vm32-vv63-w422',
22 silly audit report       title: 'jsPDF Vulnerable to Stored XMP Metadata Injection (Spoofing & Integrity Violation)',
22 silly audit report       severity: 'moderate',
22 silly audit report       vulnerable_versions: '<=4.0.0',
22 silly audit report       cwe: [Array],
22 silly audit report       cvss: [Object]
22 silly audit report     },
22 silly audit report     {
22 silly audit report       id: 1112804,
22 silly audit report       url: 'https://github.com/advisories/GHSA-cjw8-79x6-5cj4',
22 silly audit report       title: 'jsPDF has Shared State Race Condition in addJS Plugin',
22 silly audit report       severity: 'moderate',
22 silly audit report       vulnerable_versions: '<=4.0.0',
22 silly audit report       cwe: [Array],
22 silly audit report       cvss: [Object]
22 silly audit report     },
22 silly audit report     {
22 silly audit report       id: 1113310,
22 silly audit report       url: 'https://github.com/advisories/GHSA-9vjf-qc39-jprp',
22 silly audit report       title: 'jsPDF has a PDF Object Injection via Unsanitized Input in addJS Method',
22 silly audit report       severity: 'high',
22 silly audit report       vulnerable_versions: '<4.2.0',
22 silly audit report       cwe: [Array],
22 silly audit report       cvss: [Object]
22 silly audit report     },
22 silly audit report     {
22 silly audit report       id: 1113324,
22 silly audit report       url: 'https://github.com/advisories/GHSA-67pg-wm7f-q7fj',
22 silly audit report       title: 'jsPDF Affected by Client-Side/Server-Side Denial of Service via Malicious GIF Dimensions',
22 silly audit report       severity: 'high',
22 silly audit report       vulnerable_versions: '<4.2.0',
22 silly audit report       cwe: [Array],
22 silly audit report       cvss: [Object]
22 silly audit report     },
22 silly audit report     {
22 silly audit report       id: 1114396,
22 silly audit report       url: 'https://github.com/advisories/GHSA-p5xg-68wr-hm3m',
22 silly audit report       title: 'jsPDF has a PDF Injection in AcroForm module allows Arbitrary JavaScript Execution (RadioButton.createOption and "AS" property)',
22 silly audit report       severity: 'high',
22 silly audit report       vulnerable_versions: '<4.2.0',
22 silly audit report       cwe: [Array],
22 silly audit report       cvss: [Object]
22 silly audit report     },
22 silly audit report     {
22 silly audit report       id: 1114950,
22 silly audit report       url: 'https://github.com/advisories/GHSA-7x6v-j9x4-qf24',
22 silly audit report       title: 'jsPDF has a PDF Object Injection via FreeText color',
22 silly audit report       severity: 'high',
22 silly audit report       vulnerable_versions: '<=4.2.0',
22 silly audit report       cwe: [Array],
22 silly audit report       cvss: [Object]
22 silly audit report     },
22 silly audit report     {
22 silly audit report       id: 1114974,
22 silly audit report       url: 'https://github.com/advisories/GHSA-wfv2-pwc8-crg5',
22 silly audit report       title: 'jsPDF has HTML Injection in New Window paths',
22 silly audit report       severity: 'critical',
22 silly audit report       vulnerable_versions: '<=4.2.0',
22 silly audit report       cwe: [Array],
22 silly audit report       cvss: [Object]
22 silly audit report     }
22 silly audit report   ],
22 silly audit report   lodash: [
22 silly audit report     {
22 silly audit report       id: 1112455,
22 silly audit report       url: 'https://github.com/advisories/GHSA-xxjr-mmjv-4gpg',
22 silly audit report       title: 'Lodash has Prototype Pollution Vulnerability in `_.unset` and `_.omit` functions',
22 silly audit report       severity: 'moderate',
22 silly audit report       vulnerable_versions: '>=4.0.0 <=4.17.22',
22 silly audit report       cwe: [Array],
22 silly audit report       cvss: [Object]
22 silly audit report     },
22 silly audit report     {
22 silly audit report       id: 1115806,
22 silly audit report       url: 'https://github.com/advisories/GHSA-r5fr-rjxr-66jc',
22 silly audit report       title: 'lodash vulnerable to Code Injection via `_.template` imports key names',
22 silly audit report       severity: 'high',
22 silly audit report       vulnerable_versions: '>=4.0.0 <=4.17.23',
22 silly audit report       cwe: [Array],
22 silly audit report       cvss: [Object]
22 silly audit report     },
22 silly audit report     {
22 silly audit report       id: 1115810,
22 silly audit report       url: 'https://github.com/advisories/GHSA-f23m-r3pf-42rh',
22 silly audit report       title: 'lodash vulnerable to Prototype Pollution via array path bypass in `_.unset` and `_.omit`',
22 silly audit report       severity: 'moderate',
22 silly audit report       vulnerable_versions: '<=4.17.23',
22 silly audit report       cwe: [Array],
22 silly audit report       cvss: [Object]
22 silly audit report     }
22 silly audit report   ],
22 silly audit report   'lodash-es': [
22 silly audit report     {
22 silly audit report       id: 1112453,
22 silly audit report       url: 'https://github.com/advisories/GHSA-xxjr-mmjv-4gpg',
22 silly audit report       title: 'Lodash has Prototype Pollution Vulnerability in `_.unset` and `_.omit` functions',
22 silly audit report       severity: 'moderate',
22 silly audit report       vulnerable_versions: '>=4.0.0 <=4.17.22',
22 silly audit report       cwe: [Array],
22 silly audit report       cvss: [Object]
22 silly audit report     },
22 silly audit report     {
22 silly audit report       id: 1115805,
22 silly audit report       url: 'https://github.com/advisories/GHSA-r5fr-rjxr-66jc',
22 silly audit report       title: 'lodash vulnerable to Code Injection via `_.template` imports key names',
22 silly audit report       severity: 'high',
22 silly audit report       vulnerable_versions: '>=4.0.0 <=4.17.23',
22 silly audit report       cwe: [Array],
22 silly audit report       cvss: [Object]
22 silly audit report     },
22 silly audit report     {
22 silly audit report       id: 1115809,
22 silly audit report       url: 'https://github.com/advisories/GHSA-f23m-r3pf-42rh',
22 silly audit report       title: 'lodash vulnerable to Prototype Pollution via array path bypass in `_.unset` and `_.omit`',
22 silly audit report       severity: 'moderate',
22 silly audit report       vulnerable_versions: '<=4.17.23',
22 silly audit report       cwe: [Array],
22 silly audit report       cvss: [Object]
22 silly audit report     }
22 silly audit report   ],
22 silly audit report   picomatch: [
22 silly audit report     {
22 silly audit report       id: 1115549,
22 silly audit report       url: 'https://github.com/advisories/GHSA-3v7f-55p6-f55p',
22 silly audit report       title: 'Picomatch: Method Injection in POSIX Character Classes causes incorrect Glob Matching',
22 silly audit report       severity: 'moderate',
22 silly audit report       vulnerable_versions: '<2.3.2',
22 silly audit report       cwe: [Array],
22 silly audit report       cvss: [Object]
22 silly audit report     },
22 silly audit report     {
22 silly audit report       id: 1115552,
22 silly audit report       url: 'https://github.com/advisories/GHSA-c2c7-rcm5-vvqj',
22 silly audit report       title: 'Picomatch has a ReDoS vulnerability via extglob quantifiers',
22 silly audit report       severity: 'high',
22 silly audit report       vulnerable_versions: '<2.3.2',
22 silly audit report       cwe: [Array],
22 silly audit report       cvss: [Object]
22 silly audit report     }
22 silly audit report   ],
22 silly audit report   postcss: [
22 silly audit report     {
22 silly audit report       id: 1117015,
22 silly audit report       url: 'https://github.com/advisories/GHSA-qx2v-qp2m-jg93',
22 silly audit report       title: 'PostCSS has XSS via Unescaped </style> in its CSS Stringify Output',
22 silly audit report       severity: 'moderate',
22 silly audit report       vulnerable_versions: '<8.5.10',
22 silly audit report       cwe: [Array],
22 silly audit report       cvss: [Object]
22 silly audit report     }
22 silly audit report   ],
22 silly audit report   qs: [
22 silly audit report     {
22 silly audit report       id: 1119502,
22 silly audit report       url: 'https://github.com/advisories/GHSA-q8mj-m7cp-5q26',
22 silly audit report       title: 'qs has a remotely triggerable DoS: qs.stringify crashes with TypeError on null/undefined entries in comma-format arrays when encodeValuesOnly is set',
22 silly audit report       severity: 'moderate',
22 silly audit report       vulnerable_versions: '>=6.11.1 <=6.15.1',
22 silly audit report       cwe: [Array],
22 silly audit report       cvss: [Object]
22 silly audit report     },
22 silly audit report     {
22 silly audit report       id: 1113161,
22 silly audit report       url: 'https://github.com/advisories/GHSA-w7fw-mjwx-w883',
22 silly audit report       title: "qs's arrayLimit bypass in comma parsing allows denial of service",
22 silly audit report       severity: 'low',
22 silly audit report       vulnerable_versions: '>=6.7.0 <=6.14.1',
22 silly audit report       cwe: [Array],
22 silly audit report       cvss: [Object]
22 silly audit report     },
22 silly audit report     {
22 silly audit report       id: 1113719,
22 silly audit report       url: 'https://github.com/advisories/GHSA-6rw7-vpxm-498p',
22 silly audit report       title: "qs's arrayLimit bypass in its bracket notation allows DoS via memory exhaustion",
22 silly audit report       severity: 'moderate',
22 silly audit report       vulnerable_versions: '<6.14.1',
22 silly audit report       cwe: [Array],
22 silly audit report       cvss: [Object]
22 silly audit report     }
22 silly audit report   ],
22 silly audit report   rollup: [
22 silly audit report     {
22 silly audit report       id: 1113515,
22 silly audit report       url: 'https://github.com/advisories/GHSA-mw96-cpmx-2vgc',
22 silly audit report       title: 'Rollup 4 has Arbitrary File Write via Path Traversal',
22 silly audit report       severity: 'high',
22 silly audit report       vulnerable_versions: '>=4.0.0 <4.59.0',
22 silly audit report       cwe: [Array],
22 silly audit report       cvss: [Object]
22 silly audit report     }
22 silly audit report   ],
22 silly audit report   uuid: [
22 silly audit report     {
22 silly audit report       id: 1119441,
22 silly audit report       url: 'https://github.com/advisories/GHSA-w5hq-g745-h8pq',
22 silly audit report       title: 'uuid: Missing buffer bounds check in v3/v5/v6 when buf is provided',
22 silly audit report       severity: 'moderate',
22 silly audit report       vulnerable_versions: '<11.1.1',
22 silly audit report       cwe: [Array],
22 silly audit report       cvss: [Object]
22 silly audit report     }
22 silly audit report   ],
22 silly audit report   vite: [
22 silly audit report     {
22 silly audit report       id: 1107323,
22 silly audit report       url: 'https://github.com/advisories/GHSA-g4jq-h2w9-997c',
22 silly audit report       title: 'Vite middleware may serve files starting with the same name with the public directory',
22 silly audit report       severity: 'low',
22 silly audit report       vulnerable_versions: '<=5.4.19',
22 silly audit report       cwe: [Array],
22 silly audit report       cvss: [Object]
22 silly audit report     },
22 silly audit report     {
22 silly audit report       id: 1107327,
22 silly audit report       url: 'https://github.com/advisories/GHSA-jqfw-vq24-v9c3',
22 silly audit report       title: "Vite's `server.fs` settings were not applied to HTML files",
22 silly audit report       severity: 'low',
22 silly audit report       vulnerable_versions: '<=5.4.19',
22 silly audit report       cwe: [Array],
22 silly audit report       cvss: [Object]
22 silly audit report     },
22 silly audit report     {
22 silly audit report       id: 1109131,
22 silly audit report       url: 'https://github.com/advisories/GHSA-93m4-6634-74q7',
22 silly audit report       title: 'vite allows server.fs.deny bypass via backslash on Windows',
22 silly audit report       severity: 'moderate',
22 silly audit report       vulnerable_versions: '>=5.2.6 <=5.4.20',
22 silly audit report       cwe: [Array],
22 silly audit report       cvss: [Object]
22 silly audit report     },
22 silly audit report     {
22 silly audit report       id: 1116229,
22 silly audit report       url: 'https://github.com/advisories/GHSA-4w7w-66w2-5vf9',
22 silly audit report       title: 'Vite Vulnerable to Path Traversal in Optimized Deps `.map` Handling',
22 silly audit report       severity: 'moderate',
22 silly audit report       vulnerable_versions: '<=6.4.1',
22 silly audit report       cwe: [Array],
22 silly audit report       cvss: [Object]
22 silly audit report     }
22 silly audit report   ],
22 silly audit report   yaml: [
22 silly audit report     {
22 silly audit report       id: 1115556,
22 silly audit report       url: 'https://github.com/advisories/GHSA-48c2-rrv3-qjmp',
22 silly audit report       title: 'yaml is vulnerable to Stack Overflow via deeply nested YAML collections',
22 silly audit report       severity: 'moderate',
22 silly audit report       vulnerable_versions: '>=2.0.0 <2.8.3',
22 silly audit report       cwe: [Array],
22 silly audit report       cvss: [Object]
22 silly audit report     }
22 silly audit report   ]
22 silly audit report }
23 silly packumentCache corgi:https://registry.npmjs.org/@ckeditor%2fckeditor5-html-support cache-miss
24 silly packumentCache corgi:https://registry.npmjs.org/brace-expansion cache-miss
25 silly packumentCache corgi:https://registry.npmjs.org/minimatch cache-miss
26 silly packumentCache corgi:https://registry.npmjs.org/ajv cache-miss
27 silly packumentCache corgi:https://registry.npmjs.org/axios cache-miss
28 silly packumentCache corgi:https://registry.npmjs.org/ckeditor5 cache-miss
29 silly packumentCache corgi:https://registry.npmjs.org/dompurify cache-miss
30 silly packumentCache corgi:https://registry.npmjs.org/esbuild cache-miss
31 silly packumentCache corgi:https://registry.npmjs.org/flatted cache-miss
32 silly packumentCache corgi:https://registry.npmjs.org/follow-redirects cache-miss
33 silly packumentCache corgi:https://registry.npmjs.org/glob cache-miss
34 silly packumentCache corgi:https://registry.npmjs.org/js-cookie cache-miss
35 silly packumentCache corgi:https://registry.npmjs.org/js-yaml cache-miss
36 silly packumentCache corgi:https://registry.npmjs.org/jspdf cache-miss
37 silly packumentCache corgi:https://registry.npmjs.org/lodash cache-miss
38 silly packumentCache corgi:https://registry.npmjs.org/lodash-es cache-miss
39 silly packumentCache corgi:https://registry.npmjs.org/picomatch cache-miss
40 silly packumentCache corgi:https://registry.npmjs.org/postcss cache-miss
41 silly packumentCache corgi:https://registry.npmjs.org/qs cache-miss
42 silly packumentCache corgi:https://registry.npmjs.org/rollup cache-miss
43 silly packumentCache corgi:https://registry.npmjs.org/uuid cache-miss
44 silly packumentCache corgi:https://registry.npmjs.org/vite cache-miss
45 silly packumentCache corgi:https://registry.npmjs.org/yaml cache-miss
46 http fetch GET 200 https://registry.npmjs.org/flatted 108ms (cache revalidated)
47 silly packumentCache corgi:https://registry.npmjs.org/flatted set size:57858 disposed:false
48 http fetch GET 200 https://registry.npmjs.org/follow-redirects 310ms (cache revalidated)
49 silly packumentCache corgi:https://registry.npmjs.org/follow-redirects set size:88479 disposed:false
50 http fetch GET 200 https://registry.npmjs.org/brace-expansion 340ms (cache revalidated)
51 silly packumentCache corgi:https://registry.npmjs.org/brace-expansion set size:24623 disposed:false
52 http fetch GET 200 https://registry.npmjs.org/uuid 335ms (cache revalidated)
53 silly packumentCache corgi:https://registry.npmjs.org/uuid set size:81812 disposed:false
54 http fetch GET 200 https://registry.npmjs.org/ajv 347ms (cache revalidated)
55 silly packumentCache corgi:https://registry.npmjs.org/ajv set size:467559 disposed:false
56 http fetch GET 200 https://registry.npmjs.org/minimatch 362ms (cache revalidated)
57 silly packumentCache corgi:https://registry.npmjs.org/minimatch set size:168441 disposed:false
58 http fetch GET 200 https://registry.npmjs.org/dompurify 363ms (cache revalidated)
59 silly packumentCache corgi:https://registry.npmjs.org/dompurify set size:248342 disposed:false
60 http fetch GET 200 https://registry.npmjs.org/esbuild 369ms (cache revalidated)
61 silly packumentCache corgi:https://registry.npmjs.org/esbuild set size:885757 disposed:false
62 http fetch GET 200 https://registry.npmjs.org/js-yaml 375ms (cache revalidated)
63 silly packumentCache corgi:https://registry.npmjs.org/js-yaml set size:58533 disposed:false
64 http fetch GET 200 https://registry.npmjs.org/lodash 383ms (cache revalidated)
65 silly packumentCache corgi:https://registry.npmjs.org/lodash set size:69555 disposed:false
66 http fetch GET 200 https://registry.npmjs.org/js-cookie 389ms (cache revalidated)
67 silly packumentCache corgi:https://registry.npmjs.org/js-cookie set size:52125 disposed:false
68 http fetch GET 200 https://registry.npmjs.org/jspdf 389ms (cache revalidated)
69 silly packumentCache corgi:https://registry.npmjs.org/jspdf set size:68277 disposed:false
70 http fetch GET 200 https://registry.npmjs.org/axios 397ms (cache revalidated)
71 silly packumentCache corgi:https://registry.npmjs.org/axios set size:290630 disposed:false
72 http fetch GET 200 https://registry.npmjs.org/@ckeditor%2fckeditor5-html-support 412ms (cache revalidated)
73 silly packumentCache corgi:https://registry.npmjs.org/@ckeditor%2fckeditor5-html-support set size:1705072 disposed:false
74 http fetch GET 200 https://registry.npmjs.org/postcss 428ms (cache revalidated)
75 silly packumentCache corgi:https://registry.npmjs.org/postcss set size:344717 disposed:false
76 http fetch GET 200 https://registry.npmjs.org/ckeditor5 448ms (cache revalidated)
77 silly packumentCache corgi:https://registry.npmjs.org/ckeditor5 set size:5511246 disposed:false
78 http fetch GET 200 https://registry.npmjs.org/picomatch 488ms (cache revalidated)
79 silly packumentCache corgi:https://registry.npmjs.org/picomatch set size:44414 disposed:false
80 http fetch GET 200 https://registry.npmjs.org/glob 492ms (cache revalidated)
81 silly packumentCache corgi:https://registry.npmjs.org/glob set size:199194 disposed:false
82 http fetch GET 200 https://registry.npmjs.org/lodash-es 493ms (cache revalidated)
83 silly packumentCache corgi:https://registry.npmjs.org/lodash-es set size:42655 disposed:false
84 http fetch GET 200 https://registry.npmjs.org/qs 492ms (cache revalidated)
85 silly packumentCache corgi:https://registry.npmjs.org/qs set size:146581 disposed:false
86 http fetch GET 200 https://registry.npmjs.org/yaml 497ms (cache revalidated)
87 silly packumentCache corgi:https://registry.npmjs.org/yaml set size:163878 disposed:false
88 http fetch GET 200 https://registry.npmjs.org/vite 504ms (cache revalidated)
89 silly packumentCache corgi:https://registry.npmjs.org/vite set size:2249718 disposed:false
90 http fetch GET 200 https://registry.npmjs.org/rollup 543ms (cache revalidated)
91 silly packumentCache corgi:https://registry.npmjs.org/rollup set size:2568527 disposed:false
92 silly packumentCache corgi:https://registry.npmjs.org/@eslint%2fconfig-array cache-miss
93 silly packumentCache corgi:https://registry.npmjs.org/@eslint%2feslintrc cache-miss
94 silly packumentCache corgi:https://registry.npmjs.org/eslint cache-miss
95 http fetch GET 200 https://registry.npmjs.org/@eslint%2fconfig-array 264ms (cache revalidated)
96 silly packumentCache corgi:https://registry.npmjs.org/@eslint%2fconfig-array set size:19036 disposed:false
97 http fetch GET 200 https://registry.npmjs.org/eslint 267ms (cache revalidated)
98 silly packumentCache corgi:https://registry.npmjs.org/eslint set size:1157219 disposed:false
99 http fetch GET 200 https://registry.npmjs.org/@eslint%2feslintrc 283ms (cache revalidated)
100 silly packumentCache corgi:https://registry.npmjs.org/@eslint%2feslintrc set size:83205 disposed:false
101 silly packumentCache corgi:https://registry.npmjs.org/@typescript-eslint%2ftypescript-estree cache-miss
102 http fetch GET 200 https://registry.npmjs.org/@typescript-eslint%2ftypescript-estree 85ms (cache revalidated)
103 silly packumentCache corgi:https://registry.npmjs.org/@typescript-eslint%2ftypescript-estree set size:8686599 disposed:false
104 silly packumentCache corgi:https://registry.npmjs.org/@inertiajs%2fcore cache-miss
105 http fetch GET 200 https://registry.npmjs.org/@inertiajs%2fcore 69ms (cache revalidated)
106 silly packumentCache corgi:https://registry.npmjs.org/@inertiajs%2fcore set size:124846 disposed:false
107 silly packumentCache corgi:https://registry.npmjs.org/@ckeditor%2fckeditor5-adapter-ckfinder cache-miss
108 silly packumentCache corgi:https://registry.npmjs.org/@ckeditor%2fckeditor5-alignment cache-miss
109 silly packumentCache corgi:https://registry.npmjs.org/@ckeditor%2fckeditor5-autoformat cache-miss
110 silly packumentCache corgi:https://registry.npmjs.org/@ckeditor%2fckeditor5-autosave cache-miss
111 silly packumentCache corgi:https://registry.npmjs.org/@ckeditor%2fckeditor5-basic-styles cache-miss
112 silly packumentCache corgi:https://registry.npmjs.org/@ckeditor%2fckeditor5-block-quote cache-miss
113 silly packumentCache corgi:https://registry.npmjs.org/@ckeditor%2fckeditor5-bookmark cache-miss
114 silly packumentCache corgi:https://registry.npmjs.org/@ckeditor%2fckeditor5-ckbox cache-miss
115 silly packumentCache corgi:https://registry.npmjs.org/@ckeditor%2fckeditor5-ckfinder cache-miss
116 silly packumentCache corgi:https://registry.npmjs.org/@ckeditor%2fckeditor5-cloud-services cache-miss
117 silly packumentCache corgi:https://registry.npmjs.org/@ckeditor%2fckeditor5-code-block cache-miss
118 silly packumentCache corgi:https://registry.npmjs.org/@ckeditor%2fckeditor5-easy-image cache-miss
119 silly packumentCache corgi:https://registry.npmjs.org/@ckeditor%2fckeditor5-editor-balloon cache-miss
120 silly packumentCache corgi:https://registry.npmjs.org/@ckeditor%2fckeditor5-editor-classic cache-miss
121 silly packumentCache corgi:https://registry.npmjs.org/@ckeditor%2fckeditor5-editor-decoupled cache-miss
122 silly packumentCache corgi:https://registry.npmjs.org/@ckeditor%2fckeditor5-editor-inline cache-miss
123 silly packumentCache corgi:https://registry.npmjs.org/@ckeditor%2fckeditor5-editor-multi-root cache-miss
124 silly packumentCache corgi:https://registry.npmjs.org/@ckeditor%2fckeditor5-essentials cache-miss
125 silly packumentCache corgi:https://registry.npmjs.org/@ckeditor%2fckeditor5-find-and-replace cache-miss
126 silly packumentCache corgi:https://registry.npmjs.org/@ckeditor%2fckeditor5-font cache-miss
127 silly packumentCache corgi:https://registry.npmjs.org/@ckeditor%2fckeditor5-heading cache-miss
128 silly packumentCache corgi:https://registry.npmjs.org/@ckeditor%2fckeditor5-highlight cache-miss
129 silly packumentCache corgi:https://registry.npmjs.org/@ckeditor%2fckeditor5-horizontal-line cache-miss
130 silly packumentCache corgi:https://registry.npmjs.org/@ckeditor%2fckeditor5-html-embed cache-miss
131 silly packumentCache corgi:https://registry.npmjs.org/@ckeditor%2fckeditor5-image cache-miss
132 silly packumentCache corgi:https://registry.npmjs.org/@ckeditor%2fckeditor5-indent cache-miss
133 silly packumentCache corgi:https://registry.npmjs.org/@ckeditor%2fckeditor5-integrations-common cache-miss
134 silly packumentCache corgi:https://registry.npmjs.org/@ckeditor%2fckeditor5-language cache-miss
135 silly packumentCache corgi:https://registry.npmjs.org/@ckeditor%2fckeditor5-link cache-miss
136 silly packumentCache corgi:https://registry.npmjs.org/@ckeditor%2fckeditor5-list cache-miss
137 silly packumentCache corgi:https://registry.npmjs.org/@ckeditor%2fckeditor5-markdown-gfm cache-miss
138 silly packumentCache corgi:https://registry.npmjs.org/@ckeditor%2fckeditor5-media-embed cache-miss
139 silly packumentCache corgi:https://registry.npmjs.org/@ckeditor%2fckeditor5-mention cache-miss
140 silly packumentCache corgi:https://registry.npmjs.org/@ckeditor%2fckeditor5-minimap cache-miss
141 silly packumentCache corgi:https://registry.npmjs.org/@ckeditor%2fckeditor5-page-break cache-miss
142 silly packumentCache corgi:https://registry.npmjs.org/@ckeditor%2fckeditor5-paste-from-office cache-miss
143 silly packumentCache corgi:https://registry.npmjs.org/@ckeditor%2fckeditor5-react cache-miss
144 silly packumentCache corgi:https://registry.npmjs.org/@ckeditor%2fckeditor5-remove-format cache-miss
145 silly packumentCache corgi:https://registry.npmjs.org/@ckeditor%2fckeditor5-restricted-editing cache-miss
146 silly packumentCache corgi:https://registry.npmjs.org/@ckeditor%2fckeditor5-show-blocks cache-miss
147 silly packumentCache corgi:https://registry.npmjs.org/@ckeditor%2fckeditor5-source-editing cache-miss
148 silly packumentCache corgi:https://registry.npmjs.org/@ckeditor%2fckeditor5-special-characters cache-miss
149 silly packumentCache corgi:https://registry.npmjs.org/@ckeditor%2fckeditor5-style cache-miss
150 silly packumentCache corgi:https://registry.npmjs.org/@ckeditor%2fckeditor5-table cache-miss
151 silly packumentCache corgi:https://registry.npmjs.org/@ckeditor%2fckeditor5-word-count cache-miss
152 http fetch GET 200 https://registry.npmjs.org/@ckeditor%2fckeditor5-autoformat 171ms (cache revalidated)
153 silly packumentCache corgi:https://registry.npmjs.org/@ckeditor%2fckeditor5-autoformat set size:1469847 disposed:false
154 http fetch GET 200 https://registry.npmjs.org/@ckeditor%2fckeditor5-ckbox 195ms (cache revalidated)
155 silly packumentCache corgi:https://registry.npmjs.org/@ckeditor%2fckeditor5-ckbox set size:1562902 disposed:false
156 http fetch GET 200 https://registry.npmjs.org/@ckeditor%2fckeditor5-autosave 241ms (cache revalidated)
157 silly packumentCache corgi:https://registry.npmjs.org/@ckeditor%2fckeditor5-autosave set size:1304241 disposed:false
158 http fetch GET 200 https://registry.npmjs.org/@ckeditor%2fckeditor5-bookmark 262ms (cache revalidated)
159 silly packumentCache corgi:https://registry.npmjs.org/@ckeditor%2fckeditor5-bookmark set size:943403 disposed:false
160 http fetch GET 200 https://registry.npmjs.org/@ckeditor%2fckeditor5-basic-styles 279ms (cache revalidated)
161 silly packumentCache corgi:https://registry.npmjs.org/@ckeditor%2fckeditor5-basic-styles set size:1454568 disposed:false
162 http fetch GET 200 https://registry.npmjs.org/@ckeditor%2fckeditor5-code-block 307ms (cache revalidated)
163 silly packumentCache corgi:https://registry.npmjs.org/@ckeditor%2fckeditor5-code-block set size:1552110 disposed:false
164 http fetch GET 200 https://registry.npmjs.org/@ckeditor%2fckeditor5-alignment 340ms (cache revalidated)
165 silly packumentCache corgi:https://registry.npmjs.org/@ckeditor%2fckeditor5-alignment set size:1393750 disposed:false
166 http fetch GET 200 https://registry.npmjs.org/@ckeditor%2fckeditor5-ckfinder 364ms (cache revalidated)
167 silly packumentCache corgi:https://registry.npmjs.org/@ckeditor%2fckeditor5-ckfinder set size:1425476 disposed:false
168 http fetch GET 200 https://registry.npmjs.org/@ckeditor%2fckeditor5-editor-balloon 390ms (cache revalidated)
169 silly packumentCache corgi:https://registry.npmjs.org/@ckeditor%2fckeditor5-editor-balloon set size:1461006 disposed:false
170 http fetch GET 200 https://registry.npmjs.org/@ckeditor%2fckeditor5-adapter-ckfinder 442ms (cache revalidated)
171 silly packumentCache corgi:https://registry.npmjs.org/@ckeditor%2fckeditor5-adapter-ckfinder set size:1337779 disposed:false
172 http fetch GET 200 https://registry.npmjs.org/@ckeditor%2fckeditor5-block-quote 466ms (cache revalidated)
173 silly packumentCache corgi:https://registry.npmjs.org/@ckeditor%2fckeditor5-block-quote set size:1528615 disposed:false
174 http fetch GET 200 https://registry.npmjs.org/@ckeditor%2fckeditor5-editor-decoupled 492ms (cache revalidated)
175 silly packumentCache corgi:https://registry.npmjs.org/@ckeditor%2fckeditor5-editor-decoupled set size:1470823 disposed:false
176 http fetch GET 200 https://registry.npmjs.org/@ckeditor%2fckeditor5-easy-image 523ms (cache revalidated)
177 silly packumentCache corgi:https://registry.npmjs.org/@ckeditor%2fckeditor5-easy-image set size:1403728 disposed:false
178 http fetch GET 200 https://registry.npmjs.org/@ckeditor%2fckeditor5-find-and-replace 551ms (cache revalidated)
179 silly packumentCache corgi:https://registry.npmjs.org/@ckeditor%2fckeditor5-find-and-replace set size:1435564 disposed:false
180 http fetch GET 200 https://registry.npmjs.org/@ckeditor%2fckeditor5-editor-classic 589ms (cache revalidated)
181 silly packumentCache corgi:https://registry.npmjs.org/@ckeditor%2fckeditor5-editor-classic set size:1466961 disposed:false
182 http fetch GET 200 https://registry.npmjs.org/@ckeditor%2fckeditor5-editor-multi-root 625ms (cache revalidated)
183 silly packumentCache corgi:https://registry.npmjs.org/@ckeditor%2fckeditor5-editor-multi-root set size:1363090 disposed:false
184 http fetch GET 200 https://registry.npmjs.org/@ckeditor%2fckeditor5-cloud-services 698ms (cache revalidated)
185 silly packumentCache corgi:https://registry.npmjs.org/@ckeditor%2fckeditor5-cloud-services set size:1299565 disposed:false
186 http fetch GET 200 https://registry.npmjs.org/@ckeditor%2fckeditor5-heading 721ms (cache revalidated)
187 silly packumentCache corgi:https://registry.npmjs.org/@ckeditor%2fckeditor5-heading set size:1521879 disposed:false
188 http fetch GET 200 https://registry.npmjs.org/@ckeditor%2fckeditor5-essentials 775ms (cache revalidated)
189 silly packumentCache corgi:https://registry.npmjs.org/@ckeditor%2fckeditor5-essentials set size:1580666 disposed:false
190 http fetch GET 200 https://registry.npmjs.org/@ckeditor%2fckeditor5-react 801ms (cache revalidated)
191 silly packumentCache corgi:https://registry.npmjs.org/@ckeditor%2fckeditor5-react set size:85174 disposed:false
192 http fetch GET 200 https://registry.npmjs.org/@ckeditor%2fckeditor5-page-break 807ms (cache revalidated)
193 silly packumentCache corgi:https://registry.npmjs.org/@ckeditor%2fckeditor5-page-break set size:1414319 disposed:false
194 http fetch GET 200 https://registry.npmjs.org/@ckeditor%2fckeditor5-highlight 838ms (cache revalidated)
195 silly packumentCache corgi:https://registry.npmjs.org/@ckeditor%2fckeditor5-highlight set size:1385385 disposed:false
196 http fetch GET 200 https://registry.npmjs.org/@ckeditor%2fckeditor5-font 865ms (cache revalidated)
197 silly packumentCache corgi:https://registry.npmjs.org/@ckeditor%2fckeditor5-font set size:1408566 disposed:false
198 http fetch GET 200 https://registry.npmjs.org/@ckeditor%2fckeditor5-language 886ms (cache revalidated)
199 silly packumentCache corgi:https://registry.npmjs.org/@ckeditor%2fckeditor5-language set size:1286089 disposed:false
200 http fetch GET 200 https://registry.npmjs.org/@ckeditor%2fckeditor5-editor-inline 915ms (cache revalidated)
201 silly packumentCache corgi:https://registry.npmjs.org/@ckeditor%2fckeditor5-editor-inline set size:1459045 disposed:false
202 http fetch GET 200 https://registry.npmjs.org/@ckeditor%2fckeditor5-html-embed 939ms (cache revalidated)
203 silly packumentCache corgi:https://registry.npmjs.org/@ckeditor%2fckeditor5-html-embed set size:1411268 disposed:false
204 http fetch GET 200 https://registry.npmjs.org/@ckeditor%2fckeditor5-horizontal-line 968ms (cache revalidated)
205 silly packumentCache corgi:https://registry.npmjs.org/@ckeditor%2fckeditor5-horizontal-line set size:1439108 disposed:false
206 http fetch GET 200 https://registry.npmjs.org/@ckeditor%2fckeditor5-link 997ms (cache revalidated)
207 silly packumentCache corgi:https://registry.npmjs.org/@ckeditor%2fckeditor5-link set size:1740206 disposed:false
208 http fetch GET 200 https://registry.npmjs.org/@ckeditor%2fckeditor5-integrations-common 1046ms (cache revalidated)
209 silly packumentCache corgi:https://registry.npmjs.org/@ckeditor%2fckeditor5-integrations-common set size:11818 disposed:false
210 http fetch GET 200 https://registry.npmjs.org/@ckeditor%2fckeditor5-list 1057ms (cache revalidated)
211 silly packumentCache corgi:https://registry.npmjs.org/@ckeditor%2fckeditor5-list set size:1689702 disposed:false
212 http fetch GET 200 https://registry.npmjs.org/@ckeditor%2fckeditor5-restricted-editing 1082ms (cache revalidated)
213 silly packumentCache corgi:https://registry.npmjs.org/@ckeditor%2fckeditor5-restricted-editing set size:1483480 disposed:false
214 http fetch GET 200 https://registry.npmjs.org/@ckeditor%2fckeditor5-mention 1109ms (cache revalidated)
215 silly packumentCache corgi:https://registry.npmjs.org/@ckeditor%2fckeditor5-mention set size:1432224 disposed:false
216 http fetch GET 200 https://registry.npmjs.org/@ckeditor%2fckeditor5-markdown-gfm 1132ms (cache revalidated)
217 silly packumentCache corgi:https://registry.npmjs.org/@ckeditor%2fckeditor5-markdown-gfm set size:1660971 disposed:false
218 http fetch GET 200 https://registry.npmjs.org/@ckeditor%2fckeditor5-minimap 1157ms (cache revalidated)
219 silly packumentCache corgi:https://registry.npmjs.org/@ckeditor%2fckeditor5-minimap set size:1327179 disposed:false
220 http fetch GET 200 https://registry.npmjs.org/@ckeditor%2fckeditor5-image 1185ms (cache revalidated)
221 silly packumentCache corgi:https://registry.npmjs.org/@ckeditor%2fckeditor5-image set size:1825020 disposed:false
222 http fetch GET 200 https://registry.npmjs.org/@ckeditor%2fckeditor5-table 1204ms (cache revalidated)
223 silly packumentCache corgi:https://registry.npmjs.org/@ckeditor%2fckeditor5-table set size:1613169 disposed:false
224 http fetch GET 200 https://registry.npmjs.org/@ckeditor%2fckeditor5-indent 1236ms (cache revalidated)
225 silly packumentCache corgi:https://registry.npmjs.org/@ckeditor%2fckeditor5-indent set size:1487465 disposed:false
226 http fetch GET 200 https://registry.npmjs.org/@ckeditor%2fckeditor5-paste-from-office 1263ms (cache revalidated)
227 silly packumentCache corgi:https://registry.npmjs.org/@ckeditor%2fckeditor5-paste-from-office set size:1396049 disposed:false
228 http fetch GET 200 https://registry.npmjs.org/@ckeditor%2fckeditor5-style 1302ms (cache revalidated)
229 silly packumentCache corgi:https://registry.npmjs.org/@ckeditor%2fckeditor5-style set size:1511353 disposed:false
230 http fetch GET 200 https://registry.npmjs.org/@ckeditor%2fckeditor5-show-blocks 1335ms (cache revalidated)
231 silly packumentCache corgi:https://registry.npmjs.org/@ckeditor%2fckeditor5-show-blocks set size:1276778 disposed:false
232 http fetch GET 200 https://registry.npmjs.org/@ckeditor%2fckeditor5-word-count 1356ms (cache revalidated)
233 silly packumentCache corgi:https://registry.npmjs.org/@ckeditor%2fckeditor5-word-count set size:1375897 disposed:false
234 http fetch GET 200 https://registry.npmjs.org/@ckeditor%2fckeditor5-remove-format 1382ms (cache revalidated)
235 silly packumentCache corgi:https://registry.npmjs.org/@ckeditor%2fckeditor5-remove-format set size:1403202 disposed:false
236 http fetch GET 200 https://registry.npmjs.org/@ckeditor%2fckeditor5-special-characters 1404ms (cache revalidated)
237 silly packumentCache corgi:https://registry.npmjs.org/@ckeditor%2fckeditor5-special-characters set size:1454436 disposed:false
238 http fetch GET 200 https://registry.npmjs.org/@ckeditor%2fckeditor5-media-embed 1436ms (cache revalidated)
239 silly packumentCache corgi:https://registry.npmjs.org/@ckeditor%2fckeditor5-media-embed set size:1715093 disposed:false
240 http fetch GET 200 https://registry.npmjs.org/@ckeditor%2fckeditor5-source-editing 1459ms (cache revalidated)
241 silly packumentCache corgi:https://registry.npmjs.org/@ckeditor%2fckeditor5-source-editing set size:1432105 disposed:false
242 silly packumentCache corgi:https://registry.npmjs.org/flat-cache cache-miss
243 http fetch GET 200 https://registry.npmjs.org/flat-cache 48ms (cache revalidated)
244 silly packumentCache corgi:https://registry.npmjs.org/flat-cache set size:50282 disposed:false
245 silly packumentCache corgi:https://registry.npmjs.org/sucrase cache-miss
246 http fetch GET 200 https://registry.npmjs.org/sucrase 44ms (cache revalidated)
247 silly packumentCache corgi:https://registry.npmjs.org/sucrase set size:163085 disposed:false
248 silly packumentCache corgi:https://registry.npmjs.org/recharts cache-miss
249 http fetch GET 200 https://registry.npmjs.org/recharts 45ms (cache revalidated)
250 silly packumentCache corgi:https://registry.npmjs.org/recharts set size:834079 disposed:false
251 silly packumentCache corgi:https://registry.npmjs.org/@ckeditor%2fckeditor5-clipboard cache-miss
252 silly packumentCache corgi:https://registry.npmjs.org/@ckeditor%2fckeditor5-core cache-miss
253 silly packumentCache corgi:https://registry.npmjs.org/@ckeditor%2fckeditor5-engine cache-miss
254 silly packumentCache corgi:https://registry.npmjs.org/@ckeditor%2fckeditor5-typing cache-miss
255 silly packumentCache corgi:https://registry.npmjs.org/@ckeditor%2fckeditor5-ui cache-miss
256 silly packumentCache corgi:https://registry.npmjs.org/@ckeditor%2fckeditor5-utils cache-miss
257 silly packumentCache corgi:https://registry.npmjs.org/@ckeditor%2fckeditor5-watchdog cache-miss
258 silly packumentCache corgi:https://registry.npmjs.org/@ckeditor%2fckeditor5-widget cache-miss
259 http fetch GET 200 https://registry.npmjs.org/@ckeditor%2fckeditor5-typing 364ms (cache revalidated)
260 silly packumentCache corgi:https://registry.npmjs.org/@ckeditor%2fckeditor5-typing set size:1407793 disposed:false
261 http fetch GET 200 https://registry.npmjs.org/@ckeditor%2fckeditor5-utils 397ms (cache revalidated)
262 silly packumentCache corgi:https://registry.npmjs.org/@ckeditor%2fckeditor5-utils set size:1176470 disposed:false
263 http fetch GET 200 https://registry.npmjs.org/@ckeditor%2fckeditor5-core 425ms (cache revalidated)
264 silly packumentCache corgi:https://registry.npmjs.org/@ckeditor%2fckeditor5-core set size:1425173 disposed:false
265 http fetch GET 200 https://registry.npmjs.org/@ckeditor%2fckeditor5-clipboard 526ms (cache revalidated)
266 silly packumentCache corgi:https://registry.npmjs.org/@ckeditor%2fckeditor5-clipboard set size:1589076 disposed:false
267 http fetch GET 200 https://registry.npmjs.org/@ckeditor%2fckeditor5-engine 556ms (cache revalidated)
268 silly packumentCache corgi:https://registry.npmjs.org/@ckeditor%2fckeditor5-engine set size:1253356 disposed:false
269 http fetch GET 200 https://registry.npmjs.org/@ckeditor%2fckeditor5-watchdog 581ms (cache revalidated)
270 silly packumentCache corgi:https://registry.npmjs.org/@ckeditor%2fckeditor5-watchdog set size:1295828 disposed:false
271 http fetch GET 200 https://registry.npmjs.org/@ckeditor%2fckeditor5-ui 731ms (cache revalidated)
272 silly packumentCache corgi:https://registry.npmjs.org/@ckeditor%2fckeditor5-ui set size:1609456 disposed:false
273 http fetch GET 200 https://registry.npmjs.org/@ckeditor%2fckeditor5-widget 766ms (cache revalidated)
274 silly packumentCache corgi:https://registry.npmjs.org/@ckeditor%2fckeditor5-widget set size:1697745 disposed:false
275 silly packumentCache corgi:https://registry.npmjs.org/anymatch cache-miss
276 silly packumentCache corgi:https://registry.npmjs.org/micromatch cache-miss
277 silly packumentCache corgi:https://registry.npmjs.org/readdirp cache-miss
278 silly packumentCache corgi:https://registry.npmjs.org/vite-plugin-full-reload cache-miss
279 http fetch GET 200 https://registry.npmjs.org/anymatch 42ms (cache revalidated)
280 silly packumentCache corgi:https://registry.npmjs.org/anymatch set size:18345 disposed:false
281 http fetch GET 200 https://registry.npmjs.org/readdirp 47ms (cache revalidated)
282 silly packumentCache corgi:https://registry.npmjs.org/readdirp set size:47123 disposed:false
283 http fetch GET 200 https://registry.npmjs.org/vite-plugin-full-reload 49ms (cache revalidated)
284 silly packumentCache corgi:https://registry.npmjs.org/vite-plugin-full-reload set size:26806 disposed:false
285 http fetch GET 200 https://registry.npmjs.org/micromatch 54ms (cache revalidated)
286 silly packumentCache corgi:https://registry.npmjs.org/micromatch set size:71776 disposed:false
287 silly packumentCache corgi:https://registry.npmjs.org/autoprefixer cache-miss
288 silly packumentCache corgi:https://registry.npmjs.org/postcss-import cache-miss
289 silly packumentCache corgi:https://registry.npmjs.org/postcss-js cache-miss
290 silly packumentCache corgi:https://registry.npmjs.org/postcss-load-config cache-miss
291 silly packumentCache corgi:https://registry.npmjs.org/postcss-nested cache-miss
292 silly packumentCache corgi:https://registry.npmjs.org/tailwindcss cache-miss
293 http fetch GET 200 https://registry.npmjs.org/postcss-import 53ms (cache revalidated)
294 silly packumentCache corgi:https://registry.npmjs.org/postcss-import set size:52251 disposed:false
295 http fetch GET 200 https://registry.npmjs.org/postcss-load-config 54ms (cache revalidated)
296 silly packumentCache corgi:https://registry.npmjs.org/postcss-load-config set size:37999 disposed:false
297 http fetch GET 200 https://registry.npmjs.org/postcss-js 59ms (cache revalidated)
298 silly packumentCache corgi:https://registry.npmjs.org/postcss-js set size:25314 disposed:false
299 http fetch GET 200 https://registry.npmjs.org/postcss-nested 60ms (cache revalidated)
300 silly packumentCache corgi:https://registry.npmjs.org/postcss-nested set size:41645 disposed:false
301 http fetch GET 200 https://registry.npmjs.org/autoprefixer 66ms (cache revalidated)
302 silly packumentCache corgi:https://registry.npmjs.org/autoprefixer set size:298545 disposed:false
303 http fetch GET 200 https://registry.npmjs.org/tailwindcss 89ms (cache revalidated)
304 silly packumentCache corgi:https://registry.npmjs.org/tailwindcss set size:4715267 disposed:false
305 silly packumentCache corgi:https://registry.npmjs.org/@vitejs%2fplugin-react cache-miss
306 silly packumentCache corgi:https://registry.npmjs.org/laravel-vite-plugin cache-miss
307 http fetch GET 200 https://registry.npmjs.org/laravel-vite-plugin 74ms (cache revalidated)
308 silly packumentCache corgi:https://registry.npmjs.org/laravel-vite-plugin set size:66623 disposed:false
309 http fetch GET 200 https://registry.npmjs.org/@vitejs%2fplugin-react 84ms (cache revalidated)
310 silly packumentCache corgi:https://registry.npmjs.org/@vitejs%2fplugin-react set size:113751 disposed:false
311 silly packumentCache corgi:https://registry.npmjs.org/lint-staged cache-miss
312 http fetch GET 200 https://registry.npmjs.org/lint-staged 43ms (cache revalidated)
313 silly packumentCache corgi:https://registry.npmjs.org/lint-staged set size:538043 disposed:false
314 silly packumentCache corgi:https://registry.npmjs.org/@ckeditor%2fckeditor5-enter cache-miss
315 silly packumentCache corgi:https://registry.npmjs.org/@ckeditor%2fckeditor5-paragraph cache-miss
316 silly packumentCache corgi:https://registry.npmjs.org/@ckeditor%2fckeditor5-select-all cache-miss
317 silly packumentCache corgi:https://registry.npmjs.org/@ckeditor%2fckeditor5-upload cache-miss
318 http cache https://registry.npmjs.org/@ckeditor%2fckeditor5-select-all 749ms (cache hit)
319 silly packumentCache corgi:https://registry.npmjs.org/@ckeditor%2fckeditor5-select-all set size:1415620 disposed:false
320 http cache https://registry.npmjs.org/@ckeditor%2fckeditor5-enter 777ms (cache hit)
321 silly packumentCache corgi:https://registry.npmjs.org/@ckeditor%2fckeditor5-enter set size:1348883 disposed:false
322 http cache https://registry.npmjs.org/@ckeditor%2fckeditor5-paragraph 802ms (cache hit)
323 silly packumentCache corgi:https://registry.npmjs.org/@ckeditor%2fckeditor5-paragraph set size:1453141 disposed:false
324 http cache https://registry.npmjs.org/@ckeditor%2fckeditor5-upload 827ms (cache hit)
325 silly packumentCache corgi:https://registry.npmjs.org/@ckeditor%2fckeditor5-upload set size:1269296 disposed:false
326 silly packumentCache corgi:https://registry.npmjs.org/@ckeditor%2fckeditor5-undo cache-miss
327 http cache https://registry.npmjs.org/@ckeditor%2fckeditor5-undo 913ms (cache hit)
328 silly packumentCache corgi:https://registry.npmjs.org/@ckeditor%2fckeditor5-undo set size:1431483 disposed:false
329 silly packumentCache corgi:https://registry.npmjs.org/@ckeditor%2fckeditor5-theme-lark cache-miss
330 http cache https://registry.npmjs.org/@ckeditor%2fckeditor5-theme-lark 826ms (cache hit)
331 silly packumentCache corgi:https://registry.npmjs.org/@ckeditor%2fckeditor5-theme-lark set size:1144972 disposed:false
332 verbose cwd /Users/fajar.mac/Documents/APG/REDESIGN LOGIN PAGE/bpr-bonding-app-29.05.26
333 verbose os Darwin 24.6.0
334 verbose node v24.13.0
335 verbose npm  v11.6.2
336 verbose exit 0
337 info ok
