0 verbose cli /usr/local/bin/node /usr/local/bin/npm
1 info using npm@11.6.2
2 info using node@v24.13.0
3 silly config load:file:/usr/local/lib/node_modules/npm/npmrc
4 silly config load:file:/Users/fajar.mac/Documents/APG/REDESIGN LOGIN PAGE/bpr-bonding-app-29.05.26/.npmrc
5 silly config load:file:/Users/fajar.mac/.npmrc
6 silly config load:file:/usr/local/etc/npmrc
7 verbose title npm ci
8 verbose argv "ci" "--cache" ".npm-cache" "--prefer-offline" "false"
9 verbose logfile logs-max:10 dir:/Users/fajar.mac/Documents/APG/REDESIGN LOGIN PAGE/bpr-bonding-app-29.05.26/.npm-cache/_logs/2026-05-29T03_41_31_696Z-
10 verbose logfile /Users/fajar.mac/Documents/APG/REDESIGN LOGIN PAGE/bpr-bonding-app-29.05.26/.npm-cache/_logs/2026-05-29T03_41_31_696Z-debug-0.log
11 silly logfile done cleaning log files
12 silly packumentCache heap:2348810240 maxSize:587202560 maxEntrySize:293601280
13 silly idealTree buildDeps
14 silly reify moves {}
15 silly audit bulk request {
15 silly audit   '@alloc/quick-lru': [ '5.2.0' ],
15 silly audit   '@ampproject/remapping': [ '2.3.0' ],
15 silly audit   '@babel/code-frame': [ '7.27.1' ],
15 silly audit   '@babel/compat-data': [ '7.26.5' ],
15 silly audit   '@babel/core': [ '7.26.7' ],
15 silly audit   semver: [ '6.3.1', '7.6.3' ],
15 silly audit   '@babel/generator': [ '7.26.5' ],
15 silly audit   '@babel/helper-compilation-targets': [ '7.26.5' ],
15 silly audit   '@babel/helper-module-imports': [ '7.25.9' ],
15 silly audit   '@babel/helper-module-transforms': [ '7.26.0' ],
15 silly audit   '@babel/helper-plugin-utils': [ '7.26.5' ],
15 silly audit   '@babel/helper-string-parser': [ '7.27.1' ],
15 silly audit   '@babel/helper-validator-identifier': [ '7.27.1' ],
15 silly audit   '@babel/helper-validator-option': [ '7.25.9' ],
15 silly audit   '@babel/helpers': [ '7.28.2' ],
15 silly audit   '@babel/parser': [ '7.28.0' ],
15 silly audit   '@babel/plugin-transform-react-jsx-self': [ '7.25.9' ],
15 silly audit   '@babel/plugin-transform-react-jsx-source': [ '7.25.9' ],
15 silly audit   '@babel/runtime': [ '7.28.2' ],
15 silly audit   '@babel/template': [ '7.27.2' ],
15 silly audit   '@babel/traverse': [ '7.26.7' ],
15 silly audit   '@babel/types': [ '7.28.2' ],
15 silly audit   '@ckeditor/ckeditor5-adapter-ckfinder': [ '44.1.0' ],
15 silly audit   '@ckeditor/ckeditor5-alignment': [ '44.1.0' ],
15 silly audit   '@ckeditor/ckeditor5-autoformat': [ '44.1.0' ],
15 silly audit   '@ckeditor/ckeditor5-autosave': [ '44.1.0' ],
15 silly audit   '@ckeditor/ckeditor5-basic-styles': [ '44.1.0' ],
15 silly audit   '@ckeditor/ckeditor5-block-quote': [ '44.1.0' ],
15 silly audit   '@ckeditor/ckeditor5-bookmark': [ '44.1.0' ],
15 silly audit   '@ckeditor/ckeditor5-ckbox': [ '44.1.0' ],
15 silly audit   '@ckeditor/ckeditor5-ckfinder': [ '44.1.0' ],
15 silly audit   '@ckeditor/ckeditor5-clipboard': [ '44.1.0' ],
15 silly audit   '@ckeditor/ckeditor5-cloud-services': [ '44.1.0' ],
15 silly audit   '@ckeditor/ckeditor5-code-block': [ '44.1.0' ],
15 silly audit   '@ckeditor/ckeditor5-core': [ '44.1.0' ],
15 silly audit   '@ckeditor/ckeditor5-easy-image': [ '44.1.0' ],
15 silly audit   '@ckeditor/ckeditor5-editor-balloon': [ '44.1.0' ],
15 silly audit   '@ckeditor/ckeditor5-editor-classic': [ '44.1.0' ],
15 silly audit   '@ckeditor/ckeditor5-editor-decoupled': [ '44.1.0' ],
15 silly audit   '@ckeditor/ckeditor5-editor-inline': [ '44.1.0' ],
15 silly audit   '@ckeditor/ckeditor5-editor-multi-root': [ '44.1.0' ],
15 silly audit   '@ckeditor/ckeditor5-engine': [ '44.1.0' ],
15 silly audit   '@ckeditor/ckeditor5-enter': [ '44.1.0' ],
15 silly audit   '@ckeditor/ckeditor5-essentials': [ '44.1.0' ],
15 silly audit   '@ckeditor/ckeditor5-find-and-replace': [ '44.1.0' ],
15 silly audit   '@ckeditor/ckeditor5-font': [ '44.1.0' ],
15 silly audit   '@ckeditor/ckeditor5-heading': [ '44.1.0' ],
15 silly audit   '@ckeditor/ckeditor5-highlight': [ '44.1.0' ],
15 silly audit   '@ckeditor/ckeditor5-horizontal-line': [ '44.1.0' ],
15 silly audit   '@ckeditor/ckeditor5-html-embed': [ '44.1.0' ],
15 silly audit   '@ckeditor/ckeditor5-html-support': [ '44.1.0' ],
15 silly audit   '@ckeditor/ckeditor5-image': [ '44.1.0' ],
15 silly audit   '@ckeditor/ckeditor5-indent': [ '44.1.0' ],
15 silly audit   '@ckeditor/ckeditor5-integrations-common': [ '2.2.2' ],
15 silly audit   '@ckeditor/ckeditor5-language': [ '44.1.0' ],
15 silly audit   '@ckeditor/ckeditor5-link': [ '44.1.0' ],
15 silly audit   '@ckeditor/ckeditor5-list': [ '44.1.0' ],
15 silly audit   '@ckeditor/ckeditor5-markdown-gfm': [ '44.1.0' ],
15 silly audit   '@ckeditor/ckeditor5-media-embed': [ '44.1.0' ],
15 silly audit   '@ckeditor/ckeditor5-mention': [ '44.1.0' ],
15 silly audit   '@ckeditor/ckeditor5-minimap': [ '44.1.0' ],
15 silly audit   '@ckeditor/ckeditor5-page-break': [ '44.1.0' ],
15 silly audit   '@ckeditor/ckeditor5-paragraph': [ '44.1.0' ],
15 silly audit   '@ckeditor/ckeditor5-paste-from-office': [ '44.1.0' ],
15 silly audit   '@ckeditor/ckeditor5-react': [ '9.4.0' ],
15 silly audit   '@ckeditor/ckeditor5-remove-format': [ '44.1.0' ],
15 silly audit   '@ckeditor/ckeditor5-restricted-editing': [ '44.1.0' ],
15 silly audit   '@ckeditor/ckeditor5-select-all': [ '44.1.0' ],
15 silly audit   '@ckeditor/ckeditor5-show-blocks': [ '44.1.0' ],
15 silly audit   '@ckeditor/ckeditor5-source-editing': [ '44.1.0' ],
15 silly audit   '@ckeditor/ckeditor5-special-characters': [ '44.1.0' ],
15 silly audit   '@ckeditor/ckeditor5-style': [ '44.1.0' ],
15 silly audit   '@ckeditor/ckeditor5-table': [ '44.1.0' ],
15 silly audit   '@ckeditor/ckeditor5-theme-lark': [ '44.1.0' ],
15 silly audit   '@ckeditor/ckeditor5-typing': [ '44.1.0' ],
15 silly audit   '@ckeditor/ckeditor5-ui': [ '44.1.0' ],
15 silly audit   '@ckeditor/ckeditor5-undo': [ '44.1.0' ],
15 silly audit   '@ckeditor/ckeditor5-upload': [ '44.1.0' ],
15 silly audit   '@ckeditor/ckeditor5-utils': [ '44.1.0' ],
15 silly audit   '@ckeditor/ckeditor5-watchdog': [ '44.1.0' ],
15 silly audit   '@ckeditor/ckeditor5-widget': [ '44.1.0' ],
15 silly audit   '@ckeditor/ckeditor5-word-count': [ '44.1.0' ],
15 silly audit   '@esbuild/aix-ppc64': [ '0.21.5' ],
15 silly audit   '@esbuild/android-arm': [ '0.21.5' ],
15 silly audit   '@esbuild/android-arm64': [ '0.21.5' ],
15 silly audit   '@esbuild/android-x64': [ '0.21.5' ],
15 silly audit   '@esbuild/darwin-arm64': [ '0.21.5' ],
15 silly audit   '@esbuild/darwin-x64': [ '0.21.5' ],
15 silly audit   '@esbuild/freebsd-arm64': [ '0.21.5' ],
15 silly audit   '@esbuild/freebsd-x64': [ '0.21.5' ],
15 silly audit   '@esbuild/linux-arm': [ '0.21.5' ],
15 silly audit   '@esbuild/linux-arm64': [ '0.21.5' ],
15 silly audit   '@esbuild/linux-ia32': [ '0.21.5' ],
15 silly audit   '@esbuild/linux-loong64': [ '0.21.5' ],
15 silly audit   '@esbuild/linux-mips64el': [ '0.21.5' ],
15 silly audit   '@esbuild/linux-ppc64': [ '0.21.5' ],
15 silly audit   '@esbuild/linux-riscv64': [ '0.21.5' ],
15 silly audit   '@esbuild/linux-s390x': [ '0.21.5' ],
15 silly audit   '@esbuild/linux-x64': [ '0.21.5' ],
15 silly audit   '@esbuild/netbsd-x64': [ '0.21.5' ],
15 silly audit   '@esbuild/openbsd-x64': [ '0.21.5' ],
15 silly audit   '@esbuild/sunos-x64': [ '0.21.5' ],
15 silly audit   '@esbuild/win32-arm64': [ '0.21.5' ],
15 silly audit   '@esbuild/win32-ia32': [ '0.21.5' ],
15 silly audit   '@esbuild/win32-x64': [ '0.21.5' ],
15 silly audit   '@eslint-community/eslint-utils': [ '4.4.1' ],
15 silly audit   '@eslint-community/regexpp': [ '4.12.1' ],
15 silly audit   '@eslint/config-array': [ '0.21.0' ],
15 silly audit   'brace-expansion': [ '1.1.12', '2.0.1' ],
15 silly audit   minimatch: [ '3.1.2', '9.0.5' ],
15 silly audit   '@eslint/config-helpers': [ '0.3.0' ],
15 silly audit   '@eslint/core': [ '0.15.1' ],
15 silly audit   '@eslint/eslintrc': [ '3.3.1' ],
15 silly audit   globals: [ '14.0.0', '11.12.0' ],
15 silly audit   '@eslint/js': [ '9.32.0' ],
15 silly audit   '@eslint/object-schema': [ '2.1.6' ],
15 silly audit   '@eslint/plugin-kit': [ '0.3.4' ],
15 silly audit   '@floating-ui/core': [ '1.6.9' ],
15 silly audit   '@floating-ui/dom': [ '1.6.13' ],
15 silly audit   '@floating-ui/react': [ '0.26.28' ],
15 silly audit   '@floating-ui/react-dom': [ '2.1.2' ],
15 silly audit   '@floating-ui/utils': [ '0.2.9' ],
15 silly audit   '@headlessui/react': [ '2.2.0' ],
15 silly audit   '@humanfs/core': [ '0.19.1' ],
15 silly audit   '@humanfs/node': [ '0.16.6' ],
15 silly audit   '@humanwhocodes/retry': [ '0.3.1', '0.4.3' ],
15 silly audit   '@humanwhocodes/module-importer': [ '1.0.1' ],
15 silly audit   '@ianvs/prettier-plugin-sort-imports': [ '4.4.1' ],
15 silly audit   '@inertiajs/core': [ '1.3.0' ],
15 silly audit   '@inertiajs/react': [ '1.3.0' ],
15 silly audit   '@isaacs/cliui': [ '8.0.2' ],
15 silly audit   'ansi-styles': [ '6.2.1', '4.3.0' ],
15 silly audit   'emoji-regex': [ '9.2.2', '10.4.0', '8.0.0' ],
15 silly audit   'string-width': [ '5.1.2', '7.2.0', '4.2.3' ],
15 silly audit   'wrap-ansi': [ '8.1.0', '9.0.0', '7.0.0' ],
15 silly audit   '@jridgewell/gen-mapping': [ '0.3.8' ],
15 silly audit   '@jridgewell/resolve-uri': [ '3.1.2' ],
15 silly audit   '@jridgewell/set-array': [ '1.2.1' ],
15 silly audit   '@jridgewell/sourcemap-codec': [ '1.5.0' ],
15 silly audit   '@jridgewell/trace-mapping': [ '0.3.25' ],
15 silly audit   '@mixmark-io/domino': [ '2.2.0' ],
15 silly audit   '@nodelib/fs.scandir': [ '2.1.5' ],
15 silly audit   '@nodelib/fs.stat': [ '2.0.5' ],
15 silly audit   '@nodelib/fs.walk': [ '1.2.8' ],
15 silly audit   '@pkgjs/parseargs': [ '0.11.0' ],
15 silly audit   '@radix-ui/number': [ '1.1.0' ],
15 silly audit   '@radix-ui/primitive': [ '1.1.1' ],
15 silly audit   '@radix-ui/react-alert-dialog': [ '1.1.5' ],
15 silly audit   '@radix-ui/react-arrow': [ '1.1.1', '1.1.2' ],
15 silly audit   '@radix-ui/react-avatar': [ '1.1.2' ],
15 silly audit   '@radix-ui/react-checkbox': [ '1.1.3' ],
15 silly audit   '@radix-ui/react-collapsible': [ '1.1.2' ],
15 silly audit   '@radix-ui/react-collection': [ '1.1.1' ],
15 silly audit   '@radix-ui/react-compose-refs': [ '1.1.1' ],
15 silly audit   '@radix-ui/react-context': [ '1.1.1' ],
15 silly audit   '@radix-ui/react-dialog': [ '1.1.5' ],
15 silly audit   '@radix-ui/react-direction': [ '1.1.0' ],
15 silly audit   '@radix-ui/react-dismissable-layer': [ '1.1.4', '1.1.5' ],
15 silly audit   '@radix-ui/react-dropdown-menu': [ '2.1.5' ],
15 silly audit   '@radix-ui/react-focus-guards': [ '1.1.1' ],
15 silly audit   '@radix-ui/react-focus-scope': [ '1.1.1' ],
15 silly audit   '@radix-ui/react-hover-card': [ '1.1.6' ],
15 silly audit   '@radix-ui/react-popper': [ '1.2.2', '1.2.1' ],
15 silly audit   '@radix-ui/react-portal': [ '1.1.4', '1.1.3' ],
15 silly audit   '@radix-ui/react-primitive': [ '2.0.2', '2.0.1' ],
15 silly audit   '@radix-ui/react-slot': [ '1.1.2', '1.1.1' ],
15 silly audit   '@radix-ui/react-icons': [ '1.3.2' ],
15 silly audit   '@radix-ui/react-id': [ '1.1.0' ],
15 silly audit   '@radix-ui/react-label': [ '2.1.1' ],
15 silly audit   '@radix-ui/react-menu': [ '2.1.5' ],
15 silly audit   '@radix-ui/react-popover': [ '1.1.5' ],
15 silly audit   '@radix-ui/react-presence': [ '1.1.2' ],
15 silly audit   '@radix-ui/react-radio-group': [ '1.2.2' ],
15 silly audit   '@radix-ui/react-roving-focus': [ '1.1.1' ],
15 silly audit   '@radix-ui/react-select': [ '2.1.5' ],
15 silly audit   '@radix-ui/react-separator': [ '1.1.1' ],
15 silly audit   '@radix-ui/react-tabs': [ '1.1.2' ],
15 silly audit   '@radix-ui/react-toast': [ '1.2.5' ],
15 silly audit   '@radix-ui/react-tooltip': [ '1.1.7' ],
15 silly audit   '@radix-ui/react-use-callback-ref': [ '1.1.0' ],
15 silly audit   '@radix-ui/react-use-controllable-state': [ '1.1.0' ],
15 silly audit   '@radix-ui/react-use-escape-keydown': [ '1.1.0' ],
15 silly audit   '@radix-ui/react-use-layout-effect': [ '1.1.0' ],
15 silly audit   '@radix-ui/react-use-previous': [ '1.1.0' ],
15 silly audit   '@radix-ui/react-use-rect': [ '1.1.0' ],
15 silly audit   '@radix-ui/react-use-size': [ '1.1.0' ],
15 silly audit   '@radix-ui/react-visually-hidden': [ '1.1.1' ],
15 silly audit   '@radix-ui/rect': [ '1.1.0' ],
15 silly audit   '@react-aria/focus': [ '3.19.1' ],
15 silly audit   '@react-aria/interactions': [ '3.23.0' ],
15 silly audit   '@react-aria/ssr': [ '3.9.7' ],
15 silly audit   '@react-aria/utils': [ '3.27.0' ],
15 silly audit   '@react-stately/utils': [ '3.10.5' ],
15 silly audit   '@react-types/shared': [ '3.27.0' ],
15 silly audit   '@rollup/rollup-android-arm-eabi': [ '4.32.1' ],
15 silly audit   '@rollup/rollup-android-arm64': [ '4.32.1' ],
15 silly audit   '@rollup/rollup-darwin-arm64': [ '4.32.1' ],
15 silly audit   '@rollup/rollup-darwin-x64': [ '4.32.1' ],
15 silly audit   '@rollup/rollup-freebsd-arm64': [ '4.32.1' ],
15 silly audit   '@rollup/rollup-freebsd-x64': [ '4.32.1' ],
15 silly audit   '@rollup/rollup-linux-arm-gnueabihf': [ '4.32.1' ],
15 silly audit   '@rollup/rollup-linux-arm-musleabihf': [ '4.32.1' ],
15 silly audit   '@rollup/rollup-linux-arm64-gnu': [ '4.32.1' ],
15 silly audit   '@rollup/rollup-linux-arm64-musl': [ '4.32.1' ],
15 silly audit   '@rollup/rollup-linux-loongarch64-gnu': [ '4.32.1' ],
15 silly audit   '@rollup/rollup-linux-powerpc64le-gnu': [ '4.32.1' ],
15 silly audit   '@rollup/rollup-linux-riscv64-gnu': [ '4.32.1' ],
15 silly audit   '@rollup/rollup-linux-s390x-gnu': [ '4.32.1' ],
15 silly audit   '@rollup/rollup-linux-x64-gnu': [ '4.32.1' ],
15 silly audit   '@rollup/rollup-linux-x64-musl': [ '4.32.1' ],
15 silly audit   '@rollup/rollup-win32-arm64-msvc': [ '4.32.1' ],
15 silly audit   '@rollup/rollup-win32-ia32-msvc': [ '4.32.1' ],
15 silly audit   '@rollup/rollup-win32-x64-msvc': [ '4.32.1' ],
15 silly audit   '@swc/helpers': [ '0.5.15' ],
15 silly audit   '@tailwindcss/forms': [ '0.5.10' ],
15 silly audit   '@tailwindcss/typography': [ '0.5.16' ],
15 silly audit   'postcss-selector-parser': [ '6.0.10', '6.1.2' ],
15 silly audit   '@tanstack/eslint-plugin-query': [ '5.65.0' ],
15 silly audit   '@tanstack/query-core': [ '5.65.0' ],
15 silly audit   '@tanstack/react-query': [ '5.65.1' ],
15 silly audit   '@tanstack/react-virtual': [ '3.11.3' ],
15 silly audit   '@tanstack/virtual-core': [ '3.11.3' ],
15 silly audit   '@tinymce/tinymce-react': [ '5.1.1' ],
15 silly audit   '@types/babel__core': [ '7.20.5' ],
15 silly audit   '@types/babel__generator': [ '7.6.8' ],
15 silly audit   '@types/babel__template': [ '7.4.4' ],
15 silly audit   '@types/babel__traverse': [ '7.20.6' ],
15 silly audit   '@types/d3-array': [ '3.2.1' ],
15 silly audit   '@types/d3-color': [ '3.1.3' ],
15 silly audit   '@types/d3-ease': [ '3.0.2' ],
15 silly audit   '@types/d3-interpolate': [ '3.0.4' ],
15 silly audit   '@types/d3-path': [ '3.1.0' ],
15 silly audit   '@types/d3-scale': [ '4.0.8' ],
15 silly audit   '@types/d3-shape': [ '3.1.7' ],
15 silly audit   '@types/d3-time': [ '3.0.4' ],
15 silly audit   '@types/d3-timer': [ '3.0.2' ],
15 silly audit   '@types/estree': [ '1.0.6' ],
15 silly audit   '@types/jquery': [ '3.5.32' ],
15 silly audit   '@types/js-cookie': [ '3.0.6' ],
15 silly audit   '@types/json-schema': [ '7.0.15' ],
15 silly audit   '@types/lodash': [ '4.17.15' ],
15 silly audit   '@types/node': [ '18.19.74' ],
15 silly audit   '@types/prop-types': [ '15.7.14' ],
15 silly audit   '@types/raf': [ '3.4.3' ],
15 silly audit   '@types/react': [ '18.3.18' ],
15 silly audit   '@types/react-dom': [ '18.3.5' ],
15 silly audit   '@types/sizzle': [ '2.3.9' ],
15 silly audit   '@types/tinymce': [ '4.6.9' ],
15 silly audit   '@types/uuid': [ '10.0.0' ],
15 silly audit   '@typescript-eslint/scope-manager': [ '8.22.0' ],
15 silly audit   '@typescript-eslint/types': [ '8.22.0' ],
15 silly audit   '@typescript-eslint/typescript-estree': [ '8.22.0' ],
15 silly audit   '@typescript-eslint/utils': [ '8.22.0' ],
15 silly audit   '@typescript-eslint/visitor-keys': [ '8.22.0' ],
15 silly audit   'eslint-visitor-keys': [ '4.2.0', '3.4.3', '4.2.1' ],
15 silly audit   '@vitejs/plugin-react': [ '4.3.4' ],
15 silly audit   acorn: [ '8.15.0' ],
15 silly audit   'acorn-jsx': [ '5.3.2' ],
15 silly audit   ajv: [ '6.12.6' ],
15 silly audit   'ansi-escapes': [ '7.0.0' ],
15 silly audit   'ansi-regex': [ '6.1.0', '5.0.1' ],
15 silly audit   'any-promise': [ '1.3.0' ],
15 silly audit   anymatch: [ '3.1.3' ],
15 silly audit   arg: [ '5.0.2' ],
15 silly audit   argparse: [ '2.0.1' ],
15 silly audit   'aria-hidden': [ '1.2.4' ],
15 silly audit   asynckit: [ '0.4.0' ],
15 silly audit   atob: [ '2.1.2' ],
15 silly audit   'attr-accept': [ '2.2.5' ],
15 silly audit   autoprefixer: [ '10.4.20' ],
15 silly audit   axios: [ '1.11.0' ],
15 silly audit   'balanced-match': [ '1.0.2' ],
15 silly audit   'base64-arraybuffer': [ '1.0.2' ],
15 silly audit   'binary-extensions': [ '2.3.0' ],
15 silly audit   blurhash: [ '2.0.5' ],
15 silly audit   braces: [ '3.0.3' ],
15 silly audit   browserslist: [ '4.24.4' ],
15 silly audit   btoa: [ '1.2.1' ],
15 silly audit   'call-bind-apply-helpers': [ '1.0.1' ],
15 silly audit   'call-bound': [ '1.0.3' ],
15 silly audit   callsites: [ '3.1.0' ],
15 silly audit   'camelcase-css': [ '2.0.1' ],
15 silly audit   'caniuse-lite': [ '1.0.30001759' ],
15 silly audit   canvg: [ '3.0.11' ],
15 silly audit   'regenerator-runtime': [ '0.13.11' ],
15 silly audit   chalk: [ '4.1.2', '5.4.1' ],
15 silly audit   chokidar: [ '3.6.0' ],
15 silly audit   'glob-parent': [ '5.1.2', '6.0.2' ],
15 silly audit   ckeditor5: [ '44.1.0' ],
15 silly audit   'class-variance-authority': [ '0.7.1' ],
15 silly audit   'cli-cursor': [ '5.0.0' ],
15 silly audit   'cli-truncate': [ '4.0.0' ],
15 silly audit   clsx: [ '2.1.1' ],
15 silly audit   cmdk: [ '1.0.4' ],
15 silly audit   'color-convert': [ '2.0.1' ],
15 silly audit   'color-name': [ '1.1.4' ],
15 silly audit   'color-parse': [ '1.4.2' ],
15 silly audit   colorette: [ '2.0.20' ],
15 silly audit   'combined-stream': [ '1.0.8' ],
15 silly audit   commander: [ '13.1.0', '4.1.1' ],
15 silly audit   'concat-map': [ '0.0.1' ],
15 silly audit   'convert-source-map': [ '2.0.0' ],
15 silly audit   'core-js': [ '3.40.0' ],
15 silly audit   'cross-spawn': [ '7.0.6' ],
15 silly audit   'css-line-break': [ '2.1.0' ],
15 silly audit   cssesc: [ '3.0.0' ],
15 silly audit   csstype: [ '3.1.3' ],
15 silly audit   'd3-array': [ '3.2.4' ],
15 silly audit   'd3-color': [ '3.1.0' ],
15 silly audit   'd3-ease': [ '3.0.1' ],
15 silly audit   'd3-format': [ '3.1.0' ],
15 silly audit   'd3-interpolate': [ '3.0.1' ],
15 silly audit   'd3-path': [ '3.1.0' ],
15 silly audit   'd3-scale': [ '4.0.2' ],
15 silly audit   'd3-shape': [ '3.2.0' ],
15 silly audit   'd3-time': [ '3.1.0' ],
15 silly audit   'd3-time-format': [ '4.1.0' ],
15 silly audit   'd3-timer': [ '3.0.1' ],
15 silly audit   'date-fns': [ '3.6.0' ],
15 silly audit   dayjs: [ '1.11.13' ],
15 silly audit   debug: [ '4.4.0' ],
15 silly audit   'decimal.js-light': [ '2.5.1' ],
15 silly audit   'deep-is': [ '0.1.4' ],
15 silly audit   deepmerge: [ '4.3.1' ],
15 silly audit   'delayed-stream': [ '1.0.0' ],
15 silly audit   'detect-node-es': [ '1.1.0' ],
15 silly audit   didyoumean: [ '1.2.2' ],
15 silly audit   dlv: [ '1.1.3' ],
15 silly audit   'dom-helpers': [ '5.2.1' ],
15 silly audit   dompurify: [ '2.5.8' ],
15 silly audit   'dunder-proto': [ '1.0.1' ],
15 silly audit   eastasianwidth: [ '0.2.0' ],
15 silly audit   'electron-to-chromium': [ '1.5.88' ],
15 silly audit   environment: [ '1.1.0' ],
15 silly audit   'es-define-property': [ '1.0.1' ],
15 silly audit   'es-errors': [ '1.3.0' ],
15 silly audit   'es-object-atoms': [ '1.1.1' ],
15 silly audit   'es-set-tostringtag': [ '2.1.0' ],
15 silly audit   esbuild: [ '0.21.5' ],
15 silly audit   escalade: [ '3.2.0' ],
15 silly audit   'escape-string-regexp': [ '4.0.0' ],
15 silly audit   eslint: [ '9.32.0' ],
15 silly audit   'eslint-scope': [ '8.4.0' ],
15 silly audit   espree: [ '10.4.0' ],
15 silly audit   esquery: [ '1.6.0' ],
15 silly audit   esrecurse: [ '4.3.0' ],
15 silly audit   estraverse: [ '5.3.0' ],
15 silly audit   esutils: [ '2.0.3' ],
15 silly audit   eventemitter3: [ '5.0.1', '4.0.7' ],
15 silly audit   execa: [ '8.0.1' ],
15 silly audit   'fast-deep-equal': [ '3.1.3' ],
15 silly audit   'fast-equals': [ '5.2.2' ],
15 silly audit   'fast-glob': [ '3.3.3' ],
15 silly audit   'fast-json-stable-stringify': [ '2.1.0' ],
15 silly audit   'fast-levenshtein': [ '2.0.6' ],
15 silly audit   fastq: [ '1.18.0' ],
15 silly audit   fflate: [ '0.8.2' ],
15 silly audit   'file-entry-cache': [ '8.0.0' ],
15 silly audit   'file-selector': [ '2.1.2' ],
15 silly audit   'fill-range': [ '7.1.1' ],
15 silly audit   'find-up': [ '5.0.0' ],
15 silly audit   'flat-cache': [ '4.0.1' ],
15 silly audit   flatted: [ '3.3.2' ],
15 silly audit   'follow-redirects': [ '1.15.9' ],
15 silly audit   'foreground-child': [ '3.3.0' ],
15 silly audit   'form-data': [ '4.0.4' ],
15 silly audit   'fraction.js': [ '4.3.7' ],
15 silly audit   'framer-motion': [ '11.18.2' ],
15 silly audit   fsevents: [ '2.3.3' ],
15 silly audit   'function-bind': [ '1.1.2' ],
15 silly audit   gensync: [ '1.0.0-beta.2' ],
15 silly audit   'get-east-asian-width': [ '1.3.0' ],
15 silly audit   'get-intrinsic': [ '1.2.7' ],
15 silly audit   'get-nonce': [ '1.0.1' ],
15 silly audit   'get-proto': [ '1.0.1' ],
15 silly audit   'get-stream': [ '8.0.1' ],
15 silly audit   glob: [ '10.4.5' ],
15 silly audit   gopd: [ '1.2.0' ],
15 silly audit   'has-flag': [ '4.0.0' ],
15 silly audit   'has-symbols': [ '1.1.0' ],
15 silly audit   'has-tostringtag': [ '1.0.2' ],
15 silly audit   hasown: [ '2.0.2' ],
15 silly audit   html2canvas: [ '1.4.1' ],
15 silly audit   'human-signals': [ '5.0.0' ],
15 silly audit   husky: [ '9.1.7' ],
15 silly audit   ignore: [ '5.3.2' ],
15 silly audit   'import-fresh': [ '3.3.1' ],
15 silly audit   imurmurhash: [ '0.1.4' ],
15 silly audit   internmap: [ '2.0.3' ],
15 silly audit   'is-binary-path': [ '2.1.0' ],
15 silly audit   'is-core-module': [ '2.16.1' ],
15 silly audit   'is-extglob': [ '2.1.1' ],
15 silly audit   'is-fullwidth-code-point': [ '4.0.0', '5.0.0', '3.0.0' ],
15 silly audit   'is-glob': [ '4.0.3' ],
15 silly audit   'is-number': [ '7.0.0' ],
15 silly audit   'is-stream': [ '3.0.0' ],
15 silly audit   isexe: [ '2.0.0' ],
15 silly audit   jackspeak: [ '3.4.3' ],
15 silly audit   jiti: [ '1.21.7' ],
15 silly audit   'js-cookie': [ '3.0.5' ],
15 silly audit   'js-tokens': [ '4.0.0' ],
15 silly audit   'js-yaml': [ '4.1.0' ],
15 silly audit   jsesc: [ '3.1.0' ],
15 silly audit   'json-buffer': [ '3.0.1' ],
15 silly audit   'json-schema-traverse': [ '0.4.1' ],
15 silly audit   'json-stable-stringify-without-jsonify': [ '1.0.1' ],
15 silly audit   json5: [ '2.2.3' ],
15 silly audit   jspdf: [ '2.5.2' ],
15 silly audit   keyv: [ '4.5.4' ],
15 silly audit   'laravel-vite-plugin': [ '1.2.0' ],
15 silly audit   levn: [ '0.4.1' ],
15 silly audit   lilconfig: [ '3.1.3' ],
15 silly audit   'lines-and-columns': [ '1.2.4' ],
15 silly audit   'lint-staged': [ '15.4.3' ],
15 silly audit   listr2: [ '8.2.5' ],
15 silly audit   'locate-path': [ '6.0.0' ],
15 silly audit   lodash: [ '4.17.21' ],
15 silly audit   'lodash-es': [ '4.17.21' ],
15 silly audit   'lodash.castarray': [ '4.4.0' ],
15 silly audit   'lodash.isequal': [ '4.5.0' ],
15 silly audit   'lodash.isplainobject': [ '4.0.6' ],
15 silly audit   'lodash.merge': [ '4.6.2' ],
15 silly audit   'log-update': [ '6.1.0' ],
15 silly audit   'slice-ansi': [ '7.1.0', '5.0.0' ],
15 silly audit   'loose-envify': [ '1.4.0' ],
15 silly audit   'lru-cache': [ '5.1.1', '10.4.3' ],
15 silly audit   'lucide-react': [ '0.446.0' ],
15 silly audit   marked: [ '4.0.12' ],
15 silly audit   'math-intrinsics': [ '1.1.0' ],
15 silly audit   'merge-stream': [ '2.0.0' ],
15 silly audit   merge2: [ '1.4.1' ],
15 silly audit   micromatch: [ '4.0.8' ],
15 silly audit   'mime-db': [ '1.52.0' ],
15 silly audit   'mime-types': [ '2.1.35' ],
15 silly audit   'mimic-fn': [ '4.0.0' ],
15 silly audit   'mimic-function': [ '5.0.1' ],
15 silly audit   'mini-svg-data-uri': [ '1.4.4' ],
15 silly audit   minipass: [ '7.1.2' ],
15 silly audit   mitt: [ '3.0.1' ],
15 silly audit   'motion-dom': [ '11.18.1' ],
15 silly audit   'motion-utils': [ '11.18.1' ],
15 silly audit   ms: [ '2.1.3' ],
15 silly audit   mz: [ '2.7.0' ],
15 silly audit   nanoid: [ '3.3.8' ],
15 silly audit   'natural-compare': [ '1.4.0' ],
15 silly audit   'node-releases': [ '2.0.19' ],
15 silly audit   'normalize-path': [ '3.0.0' ],
15 silly audit   'normalize-range': [ '0.1.2' ],
15 silly audit   'npm-run-path': [ '5.3.0' ],
15 silly audit   'path-key': [ '4.0.0', '3.1.1' ],
15 silly audit   nprogress: [ '0.2.0' ],
15 silly audit   nuqs: [ '2.4.0' ],
15 silly audit   'object-assign': [ '4.1.1' ],
15 silly audit   'object-hash': [ '3.0.0' ],
15 silly audit   'object-inspect': [ '1.13.3' ],
15 silly audit   onetime: [ '6.0.0', '7.0.0' ],
15 silly audit   optionator: [ '0.9.4' ],
15 silly audit   'p-limit': [ '3.1.0' ],
15 silly audit   'p-locate': [ '5.0.0' ],
15 silly audit   'package-json-from-dist': [ '1.0.1' ],
15 silly audit   'parent-module': [ '1.0.1' ],
15 silly audit   'path-exists': [ '4.0.0' ],
15 silly audit   'path-parse': [ '1.0.7' ],
15 silly audit   'path-scurry': [ '1.11.1' ],
15 silly audit   'performance-now': [ '2.1.0' ],
15 silly audit   picocolors: [ '1.1.1' ],
15 silly audit   picomatch: [ '2.3.1' ],
15 silly audit   pidtree: [ '0.6.0' ],
15 silly audit   pify: [ '2.3.0' ],
15 silly audit   pirates: [ '4.0.6' ],
15 silly audit   postcss: [ '8.5.1' ],
15 silly audit   'postcss-import': [ '15.1.0' ],
15 silly audit   'postcss-js': [ '4.0.1' ],
15 silly audit   'postcss-load-config': [ '4.0.2' ],
15 silly audit   'postcss-nested': [ '6.2.0' ],
15 silly audit   'postcss-value-parser': [ '4.2.0' ],
15 silly audit   'prelude-ls': [ '1.2.1' ],
15 silly audit   prettier: [ '3.4.2' ],
15 silly audit   'prettier-plugin-tailwindcss': [ '0.6.11' ],
15 silly audit   'prop-types': [ '15.8.1' ],
15 silly audit   'proxy-from-env': [ '1.1.0' ],
15 silly audit   punycode: [ '2.3.1' ],
15 silly audit   qs: [ '6.14.0' ],
15 silly audit   'queue-microtask': [ '1.2.3' ],
15 silly audit   raf: [ '3.4.1' ],
15 silly audit   react: [ '18.3.1' ],
15 silly audit   'react-currency-input-field': [ '3.9.0' ],
15 silly audit   'react-day-picker': [ '8.10.1' ],
15 silly audit   'react-dom': [ '18.3.1' ],
15 silly audit   'react-dropzone': [ '14.3.5' ],
15 silly audit   'react-is': [ '16.13.1', '18.3.1' ],
15 silly audit   'react-refresh': [ '0.14.2' ],
15 silly audit   'react-remove-scroll': [ '2.6.3' ],
15 silly audit   'react-remove-scroll-bar': [ '2.3.8' ],
15 silly audit   'react-smooth': [ '4.0.4' ],
15 silly audit   'react-style-singleton': [ '2.2.3' ],
15 silly audit   'react-transition-group': [ '4.4.5' ],
15 silly audit   'read-cache': [ '1.0.0' ],
15 silly audit   readdirp: [ '3.6.0' ],
15 silly audit   recharts: [ '2.15.1' ],
15 silly audit   'recharts-scale': [ '0.4.5' ],
15 silly audit   resolve: [ '1.22.10' ],
15 silly audit   'resolve-from': [ '4.0.0' ],
15 silly audit   'restore-cursor': [ '5.1.0' ],
15 silly audit   reusify: [ '1.0.4' ],
15 silly audit   rfdc: [ '1.4.1' ],
15 silly audit   rgbcolor: [ '1.0.1' ],
15 silly audit   rollup: [ '4.32.1' ],
15 silly audit   'run-parallel': [ '1.2.0' ],
15 silly audit   scheduler: [ '0.23.2' ],
15 silly audit   'shebang-command': [ '2.0.0' ],
15 silly audit   'shebang-regex': [ '3.0.0' ],
15 silly audit   'side-channel': [ '1.1.0' ],
15 silly audit   'side-channel-list': [ '1.0.0' ],
15 silly audit   'side-channel-map': [ '1.0.1' ],
15 silly audit   'side-channel-weakmap': [ '1.0.2' ],
15 silly audit   'signal-exit': [ '4.1.0' ],
15 silly audit   'source-map-js': [ '1.2.1' ],
15 silly audit   'stackblur-canvas': [ '2.7.0' ],
15 silly audit   'string-argv': [ '0.3.2' ],
15 silly audit   'strip-ansi': [ '6.0.1', '7.1.0' ],
15 silly audit   'strip-final-newline': [ '3.0.0' ],
15 silly audit   'strip-json-comments': [ '3.1.1' ],
15 silly audit   sucrase: [ '3.35.0' ],
15 silly audit   'supports-color': [ '7.2.0' ],
15 silly audit   'supports-preserve-symlinks-flag': [ '1.0.0' ],
15 silly audit   'svg-pathdata': [ '6.0.3' ],
15 silly audit   tabbable: [ '6.2.0' ],
15 silly audit   'tailwind-merge': [ '2.6.0' ],
15 silly audit   tailwindcss: [ '3.4.17' ],
15 silly audit   'tailwindcss-animate': [ '1.0.7' ],
15 silly audit   'text-segmentation': [ '1.0.3' ],
15 silly audit   thenify: [ '3.3.1' ],
15 silly audit   'thenify-all': [ '1.6.0' ],
15 silly audit   'tiny-invariant': [ '1.3.3' ],
15 silly audit   tinymce: [ '7.6.1' ],
15 silly audit   'to-regex-range': [ '5.0.1' ],
15 silly audit   'ts-api-utils': [ '2.0.0' ],
15 silly audit   'ts-interface-checker': [ '0.1.13' ],
15 silly audit   tslib: [ '2.8.1' ],
15 silly audit   turndown: [ '7.2.0' ],
15 silly audit   'turndown-plugin-gfm': [ '1.0.2' ],
15 silly audit   'type-check': [ '0.4.0' ],
15 silly audit   typescript: [ '5.7.3' ],
15 silly audit   'undici-types': [ '5.26.5' ],
15 silly audit   'update-browserslist-db': [ '1.1.2' ],
15 silly audit   'uri-js': [ '4.4.1' ],
15 silly audit   'use-callback-ref': [ '1.3.3' ],
15 silly audit   'use-sidecar': [ '1.1.3' ],
15 silly audit   'use-sync-external-store': [ '1.4.0' ],
15 silly audit   'util-deprecate': [ '1.0.2' ],
15 silly audit   utrie: [ '1.0.2' ],
15 silly audit   uuid: [ '10.0.0' ],
15 silly audit   'vanilla-colorful': [ '0.7.2' ],
15 silly audit   'victory-vendor': [ '36.9.2' ],
15 silly audit   vite: [ '5.4.19' ],
15 silly audit   'vite-plugin-full-reload': [ '1.2.0' ],
15 silly audit   which: [ '2.0.2' ],
15 silly audit   'word-wrap': [ '1.2.5' ],
15 silly audit   yallist: [ '3.1.1' ],
15 silly audit   yaml: [ '2.7.0' ],
15 silly audit   'yocto-queue': [ '0.1.0' ]
15 silly audit }
16 http cache yaml@https://registry.npmjs.org/yaml/-/yaml-2.7.0.tgz 1ms (cache hit)
17 http cache yallist@https://registry.npmjs.org/yallist/-/yallist-3.1.1.tgz 0ms (cache hit)
18 http cache wrap-ansi-cjs@https://registry.npmjs.org/wrap-ansi/-/wrap-ansi-7.0.0.tgz 0ms (cache hit)
19 http cache wrap-ansi@https://registry.npmjs.org/wrap-ansi/-/wrap-ansi-9.0.0.tgz 0ms (cache hit)
20 http cache yocto-queue@https://registry.npmjs.org/yocto-queue/-/yocto-queue-0.1.0.tgz 0ms (cache hit)
21 http cache word-wrap@https://registry.npmjs.org/word-wrap/-/word-wrap-1.2.5.tgz 0ms (cache hit)
22 http cache vite-plugin-full-reload@https://registry.npmjs.org/vite-plugin-full-reload/-/vite-plugin-full-reload-1.2.0.tgz 0ms (cache hit)
23 http cache which@https://registry.npmjs.org/which/-/which-2.0.2.tgz 0ms (cache hit)
24 http cache victory-vendor@https://registry.npmjs.org/victory-vendor/-/victory-vendor-36.9.2.tgz 0ms (cache hit)
25 http cache vite@https://registry.npmjs.org/vite/-/vite-5.4.19.tgz 0ms (cache hit)
26 http cache uuid@https://registry.npmjs.org/uuid/-/uuid-10.0.0.tgz 0ms (cache hit)
27 http cache utrie@https://registry.npmjs.org/utrie/-/utrie-1.0.2.tgz 0ms (cache hit)
28 http cache vanilla-colorful@https://registry.npmjs.org/vanilla-colorful/-/vanilla-colorful-0.7.2.tgz 0ms (cache hit)
29 http cache use-sync-external-store@https://registry.npmjs.org/use-sync-external-store/-/use-sync-external-store-1.4.0.tgz 0ms (cache hit)
30 http cache use-sidecar@https://registry.npmjs.org/use-sidecar/-/use-sidecar-1.1.3.tgz 0ms (cache hit)
31 http cache use-callback-ref@https://registry.npmjs.org/use-callback-ref/-/use-callback-ref-1.3.3.tgz 0ms (cache hit)
32 http cache update-browserslist-db@https://registry.npmjs.org/update-browserslist-db/-/update-browserslist-db-1.1.2.tgz 0ms (cache hit)
33 http cache util-deprecate@https://registry.npmjs.org/util-deprecate/-/util-deprecate-1.0.2.tgz 0ms (cache hit)
34 http cache uri-js@https://registry.npmjs.org/uri-js/-/uri-js-4.4.1.tgz 0ms (cache hit)
35 http cache undici-types@https://registry.npmjs.org/undici-types/-/undici-types-5.26.5.tgz 0ms (cache hit)
36 http cache type-check@https://registry.npmjs.org/type-check/-/type-check-0.4.0.tgz 0ms (cache hit)
37 http cache turndown-plugin-gfm@https://registry.npmjs.org/turndown-plugin-gfm/-/turndown-plugin-gfm-1.0.2.tgz 0ms (cache hit)
38 http cache typescript@https://registry.npmjs.org/typescript/-/typescript-5.7.3.tgz 0ms (cache hit)
39 http cache turndown@https://registry.npmjs.org/turndown/-/turndown-7.2.0.tgz 0ms (cache hit)
40 http cache tslib@https://registry.npmjs.org/tslib/-/tslib-2.8.1.tgz 0ms (cache hit)
41 http cache ts-api-utils@https://registry.npmjs.org/ts-api-utils/-/ts-api-utils-2.0.0.tgz 0ms (cache hit)
42 http cache to-regex-range@https://registry.npmjs.org/to-regex-range/-/to-regex-range-5.0.1.tgz 0ms (cache hit)
43 http cache ts-interface-checker@https://registry.npmjs.org/ts-interface-checker/-/ts-interface-checker-0.1.13.tgz 0ms (cache hit)
44 http cache tinymce@https://registry.npmjs.org/tinymce/-/tinymce-7.6.1.tgz 0ms (cache hit)
45 http cache tiny-invariant@https://registry.npmjs.org/tiny-invariant/-/tiny-invariant-1.3.3.tgz 0ms (cache hit)
46 http cache thenify@https://registry.npmjs.org/thenify/-/thenify-3.3.1.tgz 0ms (cache hit)
47 http cache tailwindcss-animate@https://registry.npmjs.org/tailwindcss-animate/-/tailwindcss-animate-1.0.7.tgz 0ms (cache hit)
48 http cache text-segmentation@https://registry.npmjs.org/text-segmentation/-/text-segmentation-1.0.3.tgz 0ms (cache hit)
49 http cache tailwindcss@https://registry.npmjs.org/tailwindcss/-/tailwindcss-3.4.17.tgz 0ms (cache hit)
50 http cache thenify-all@https://registry.npmjs.org/thenify-all/-/thenify-all-1.6.0.tgz 0ms (cache hit)
51 http cache tailwind-merge@https://registry.npmjs.org/tailwind-merge/-/tailwind-merge-2.6.0.tgz 0ms (cache hit)
52 http cache supports-preserve-symlinks-flag@https://registry.npmjs.org/supports-preserve-symlinks-flag/-/supports-preserve-symlinks-flag-1.0.0.tgz 0ms (cache hit)
53 http cache tabbable@https://registry.npmjs.org/tabbable/-/tabbable-6.2.0.tgz 0ms (cache hit)
54 http cache supports-color@https://registry.npmjs.org/supports-color/-/supports-color-7.2.0.tgz 0ms (cache hit)
55 http cache svg-pathdata@https://registry.npmjs.org/svg-pathdata/-/svg-pathdata-6.0.3.tgz 0ms (cache hit)
56 http cache sucrase@https://registry.npmjs.org/sucrase/-/sucrase-3.35.0.tgz 0ms (cache hit)
57 http cache strip-final-newline@https://registry.npmjs.org/strip-final-newline/-/strip-final-newline-3.0.0.tgz 0ms (cache hit)
58 http cache strip-ansi-cjs@https://registry.npmjs.org/strip-ansi/-/strip-ansi-6.0.1.tgz 0ms (cache hit)
59 http cache strip-json-comments@https://registry.npmjs.org/strip-json-comments/-/strip-json-comments-3.1.1.tgz 0ms (cache hit)
60 http cache string-width-cjs@https://registry.npmjs.org/string-width/-/string-width-4.2.3.tgz 0ms (cache hit)
61 http cache string-argv@https://registry.npmjs.org/string-argv/-/string-argv-0.3.2.tgz 0ms (cache hit)
62 http cache stackblur-canvas@https://registry.npmjs.org/stackblur-canvas/-/stackblur-canvas-2.7.0.tgz 0ms (cache hit)
63 http cache string-width@https://registry.npmjs.org/string-width/-/string-width-7.2.0.tgz 0ms (cache hit)
64 http cache source-map-js@https://registry.npmjs.org/source-map-js/-/source-map-js-1.2.1.tgz 0ms (cache hit)
65 http cache slice-ansi@https://registry.npmjs.org/slice-ansi/-/slice-ansi-5.0.0.tgz 0ms (cache hit)
66 http cache side-channel-weakmap@https://registry.npmjs.org/side-channel-weakmap/-/side-channel-weakmap-1.0.2.tgz 0ms (cache hit)
67 http cache side-channel-map@https://registry.npmjs.org/side-channel-map/-/side-channel-map-1.0.1.tgz 0ms (cache hit)
68 http cache side-channel@https://registry.npmjs.org/side-channel/-/side-channel-1.1.0.tgz 0ms (cache hit)
69 http cache side-channel-list@https://registry.npmjs.org/side-channel-list/-/side-channel-list-1.0.0.tgz 0ms (cache hit)
70 http cache signal-exit@https://registry.npmjs.org/signal-exit/-/signal-exit-4.1.0.tgz 0ms (cache hit)
71 http cache shebang-regex@https://registry.npmjs.org/shebang-regex/-/shebang-regex-3.0.0.tgz 0ms (cache hit)
72 http cache shebang-command@https://registry.npmjs.org/shebang-command/-/shebang-command-2.0.0.tgz 0ms (cache hit)
73 http cache scheduler@https://registry.npmjs.org/scheduler/-/scheduler-0.23.2.tgz 0ms (cache hit)
74 http cache semver@https://registry.npmjs.org/semver/-/semver-7.6.3.tgz 0ms (cache hit)
75 http cache run-parallel@https://registry.npmjs.org/run-parallel/-/run-parallel-1.2.0.tgz 0ms (cache hit)
76 http cache rfdc@https://registry.npmjs.org/rfdc/-/rfdc-1.4.1.tgz 0ms (cache hit)
77 http cache rollup@https://registry.npmjs.org/rollup/-/rollup-4.32.1.tgz 0ms (cache hit)
78 http cache reusify@https://registry.npmjs.org/reusify/-/reusify-1.0.4.tgz 0ms (cache hit)
79 http cache restore-cursor@https://registry.npmjs.org/restore-cursor/-/restore-cursor-5.1.0.tgz 0ms (cache hit)
80 http cache resolve-from@https://registry.npmjs.org/resolve-from/-/resolve-from-4.0.0.tgz 0ms (cache hit)
81 http cache strip-ansi@https://registry.npmjs.org/strip-ansi/-/strip-ansi-7.1.0.tgz 0ms (cache hit)
82 http cache rgbcolor@https://registry.npmjs.org/rgbcolor/-/rgbcolor-1.0.1.tgz 0ms (cache hit)
83 http cache resolve@https://registry.npmjs.org/resolve/-/resolve-1.22.10.tgz 0ms (cache hit)
84 http cache recharts@https://registry.npmjs.org/recharts/-/recharts-2.15.1.tgz 0ms (cache hit)
85 http cache readdirp@https://registry.npmjs.org/readdirp/-/readdirp-3.6.0.tgz 0ms (cache hit)
86 http cache read-cache@https://registry.npmjs.org/read-cache/-/read-cache-1.0.0.tgz 0ms (cache hit)
87 http cache react-transition-group@https://registry.npmjs.org/react-transition-group/-/react-transition-group-4.4.5.tgz 0ms (cache hit)
88 http cache react-style-singleton@https://registry.npmjs.org/react-style-singleton/-/react-style-singleton-2.2.3.tgz 0ms (cache hit)
89 http cache react-smooth@https://registry.npmjs.org/react-smooth/-/react-smooth-4.0.4.tgz 0ms (cache hit)
90 http cache react-remove-scroll-bar@https://registry.npmjs.org/react-remove-scroll-bar/-/react-remove-scroll-bar-2.3.8.tgz 0ms (cache hit)
91 http cache react-remove-scroll@https://registry.npmjs.org/react-remove-scroll/-/react-remove-scroll-2.6.3.tgz 0ms (cache hit)
92 http cache react-refresh@https://registry.npmjs.org/react-refresh/-/react-refresh-0.14.2.tgz 0ms (cache hit)
93 http cache react-is@https://registry.npmjs.org/react-is/-/react-is-16.13.1.tgz 0ms (cache hit)
94 http cache react-dropzone@https://registry.npmjs.org/react-dropzone/-/react-dropzone-14.3.5.tgz 0ms (cache hit)
95 http cache react-day-picker@https://registry.npmjs.org/react-day-picker/-/react-day-picker-8.10.1.tgz 0ms (cache hit)
96 http cache react-dom@https://registry.npmjs.org/react-dom/-/react-dom-18.3.1.tgz 0ms (cache hit)
97 http cache react-currency-input-field@https://registry.npmjs.org/react-currency-input-field/-/react-currency-input-field-3.9.0.tgz 0ms (cache hit)
98 http cache react@https://registry.npmjs.org/react/-/react-18.3.1.tgz 0ms (cache hit)
99 http cache raf@https://registry.npmjs.org/raf/-/raf-3.4.1.tgz 0ms (cache hit)
100 http cache queue-microtask@https://registry.npmjs.org/queue-microtask/-/queue-microtask-1.2.3.tgz 0ms (cache hit)
101 http cache qs@https://registry.npmjs.org/qs/-/qs-6.14.0.tgz 0ms (cache hit)
102 http cache proxy-from-env@https://registry.npmjs.org/proxy-from-env/-/proxy-from-env-1.1.0.tgz 0ms (cache hit)
103 http cache prop-types@https://registry.npmjs.org/prop-types/-/prop-types-15.8.1.tgz 0ms (cache hit)
104 http cache prettier@https://registry.npmjs.org/prettier/-/prettier-3.4.2.tgz 0ms (cache hit)
105 http cache prettier-plugin-tailwindcss@https://registry.npmjs.org/prettier-plugin-tailwindcss/-/prettier-plugin-tailwindcss-0.6.11.tgz 0ms (cache hit)
106 http cache prelude-ls@https://registry.npmjs.org/prelude-ls/-/prelude-ls-1.2.1.tgz 0ms (cache hit)
107 http cache postcss-value-parser@https://registry.npmjs.org/postcss-value-parser/-/postcss-value-parser-4.2.0.tgz 0ms (cache hit)
108 http cache postcss-selector-parser@https://registry.npmjs.org/postcss-selector-parser/-/postcss-selector-parser-6.1.2.tgz 0ms (cache hit)
109 http cache postcss-load-config@https://registry.npmjs.org/postcss-load-config/-/postcss-load-config-4.0.2.tgz 0ms (cache hit)
110 http cache postcss-nested@https://registry.npmjs.org/postcss-nested/-/postcss-nested-6.2.0.tgz 0ms (cache hit)
111 http cache postcss-import@https://registry.npmjs.org/postcss-import/-/postcss-import-15.1.0.tgz 0ms (cache hit)
112 http cache postcss-js@https://registry.npmjs.org/postcss-js/-/postcss-js-4.0.1.tgz 0ms (cache hit)
113 http cache pirates@https://registry.npmjs.org/pirates/-/pirates-4.0.6.tgz 0ms (cache hit)
114 http cache punycode@https://registry.npmjs.org/punycode/-/punycode-2.3.1.tgz 1ms (cache hit)
115 http cache pify@https://registry.npmjs.org/pify/-/pify-2.3.0.tgz 0ms (cache hit)
116 http cache recharts-scale@https://registry.npmjs.org/recharts-scale/-/recharts-scale-0.4.5.tgz 0ms (cache hit)
117 http cache pidtree@https://registry.npmjs.org/pidtree/-/pidtree-0.6.0.tgz 0ms (cache hit)
118 http cache postcss@https://registry.npmjs.org/postcss/-/postcss-8.5.1.tgz 0ms (cache hit)
119 http cache picocolors@https://registry.npmjs.org/picocolors/-/picocolors-1.1.1.tgz 0ms (cache hit)
120 http cache performance-now@https://registry.npmjs.org/performance-now/-/performance-now-2.1.0.tgz 0ms (cache hit)
121 http cache path-scurry@https://registry.npmjs.org/path-scurry/-/path-scurry-1.11.1.tgz 0ms (cache hit)
122 http cache path-parse@https://registry.npmjs.org/path-parse/-/path-parse-1.0.7.tgz 0ms (cache hit)
123 http cache path-exists@https://registry.npmjs.org/path-exists/-/path-exists-4.0.0.tgz 0ms (cache hit)
124 http cache path-key@https://registry.npmjs.org/path-key/-/path-key-3.1.1.tgz 0ms (cache hit)
125 http cache parent-module@https://registry.npmjs.org/parent-module/-/parent-module-1.0.1.tgz 0ms (cache hit)
126 http cache p-locate@https://registry.npmjs.org/p-locate/-/p-locate-5.0.0.tgz 0ms (cache hit)
127 http cache p-limit@https://registry.npmjs.org/p-limit/-/p-limit-3.1.0.tgz 0ms (cache hit)
128 http cache onetime@https://registry.npmjs.org/onetime/-/onetime-6.0.0.tgz 0ms (cache hit)
129 http cache optionator@https://registry.npmjs.org/optionator/-/optionator-0.9.4.tgz 0ms (cache hit)
130 http cache package-json-from-dist@https://registry.npmjs.org/package-json-from-dist/-/package-json-from-dist-1.0.1.tgz 0ms (cache hit)
131 http cache object-inspect@https://registry.npmjs.org/object-inspect/-/object-inspect-1.13.3.tgz 0ms (cache hit)
132 http cache object-hash@https://registry.npmjs.org/object-hash/-/object-hash-3.0.0.tgz 0ms (cache hit)
133 http cache object-assign@https://registry.npmjs.org/object-assign/-/object-assign-4.1.1.tgz 0ms (cache hit)
134 http cache nuqs@https://registry.npmjs.org/nuqs/-/nuqs-2.4.0.tgz 0ms (cache hit)
135 http cache nprogress@https://registry.npmjs.org/nprogress/-/nprogress-0.2.0.tgz 0ms (cache hit)
136 http cache npm-run-path@https://registry.npmjs.org/npm-run-path/-/npm-run-path-5.3.0.tgz 0ms (cache hit)
137 http cache picomatch@https://registry.npmjs.org/picomatch/-/picomatch-2.3.1.tgz 0ms (cache hit)
138 http cache normalize-range@https://registry.npmjs.org/normalize-range/-/normalize-range-0.1.2.tgz 0ms (cache hit)
139 http cache normalize-path@https://registry.npmjs.org/normalize-path/-/normalize-path-3.0.0.tgz 0ms (cache hit)
140 http cache natural-compare@https://registry.npmjs.org/natural-compare/-/natural-compare-1.4.0.tgz 0ms (cache hit)
141 http cache nanoid@https://registry.npmjs.org/nanoid/-/nanoid-3.3.8.tgz 0ms (cache hit)
142 http cache mz@https://registry.npmjs.org/mz/-/mz-2.7.0.tgz 0ms (cache hit)
143 http cache ms@https://registry.npmjs.org/ms/-/ms-2.1.3.tgz 0ms (cache hit)
144 http cache motion-utils@https://registry.npmjs.org/motion-utils/-/motion-utils-11.18.1.tgz 0ms (cache hit)
145 http cache motion-dom@https://registry.npmjs.org/motion-dom/-/motion-dom-11.18.1.tgz 0ms (cache hit)
146 http cache mitt@https://registry.npmjs.org/mitt/-/mitt-3.0.1.tgz 0ms (cache hit)
147 http cache minipass@https://registry.npmjs.org/minipass/-/minipass-7.1.2.tgz 0ms (cache hit)
148 http cache minimatch@https://registry.npmjs.org/minimatch/-/minimatch-9.0.5.tgz 0ms (cache hit)
149 http cache mini-svg-data-uri@https://registry.npmjs.org/mini-svg-data-uri/-/mini-svg-data-uri-1.4.4.tgz 0ms (cache hit)
150 http cache mimic-fn@https://registry.npmjs.org/mimic-fn/-/mimic-fn-4.0.0.tgz 0ms (cache hit)
151 http cache mimic-function@https://registry.npmjs.org/mimic-function/-/mimic-function-5.0.1.tgz 0ms (cache hit)
152 http cache mime-types@https://registry.npmjs.org/mime-types/-/mime-types-2.1.35.tgz 0ms (cache hit)
153 http cache mime-db@https://registry.npmjs.org/mime-db/-/mime-db-1.52.0.tgz 0ms (cache hit)
154 http cache micromatch@https://registry.npmjs.org/micromatch/-/micromatch-4.0.8.tgz 0ms (cache hit)
155 http cache merge2@https://registry.npmjs.org/merge2/-/merge2-1.4.1.tgz 0ms (cache hit)
156 http cache merge-stream@https://registry.npmjs.org/merge-stream/-/merge-stream-2.0.0.tgz 0ms (cache hit)
157 http cache marked@https://registry.npmjs.org/marked/-/marked-4.0.12.tgz 0ms (cache hit)
158 http cache lucide-react@https://registry.npmjs.org/lucide-react/-/lucide-react-0.446.0.tgz 0ms (cache hit)
159 http cache node-releases@https://registry.npmjs.org/node-releases/-/node-releases-2.0.19.tgz 0ms (cache hit)
160 http cache lru-cache@https://registry.npmjs.org/lru-cache/-/lru-cache-5.1.1.tgz 0ms (cache hit)
161 http cache math-intrinsics@https://registry.npmjs.org/math-intrinsics/-/math-intrinsics-1.1.0.tgz 0ms (cache hit)
162 http cache lodash.merge@https://registry.npmjs.org/lodash.merge/-/lodash.merge-4.6.2.tgz 0ms (cache hit)
163 http cache log-update@https://registry.npmjs.org/log-update/-/log-update-6.1.0.tgz 0ms (cache hit)
164 http cache loose-envify@https://registry.npmjs.org/loose-envify/-/loose-envify-1.4.0.tgz 0ms (cache hit)
165 http cache lodash.isequal@https://registry.npmjs.org/lodash.isequal/-/lodash.isequal-4.5.0.tgz 0ms (cache hit)
166 http cache lodash.castarray@https://registry.npmjs.org/lodash.castarray/-/lodash.castarray-4.4.0.tgz 0ms (cache hit)
167 http cache lodash.isplainobject@https://registry.npmjs.org/lodash.isplainobject/-/lodash.isplainobject-4.0.6.tgz 0ms (cache hit)
168 http cache lodash@https://registry.npmjs.org/lodash/-/lodash-4.17.21.tgz 0ms (cache hit)
169 http cache lodash-es@https://registry.npmjs.org/lodash-es/-/lodash-es-4.17.21.tgz 0ms (cache hit)
170 http cache locate-path@https://registry.npmjs.org/locate-path/-/locate-path-6.0.0.tgz 0ms (cache hit)
171 http cache listr2@https://registry.npmjs.org/listr2/-/listr2-8.2.5.tgz 0ms (cache hit)
172 http cache lines-and-columns@https://registry.npmjs.org/lines-and-columns/-/lines-and-columns-1.2.4.tgz 0ms (cache hit)
173 http cache lilconfig@https://registry.npmjs.org/lilconfig/-/lilconfig-3.1.3.tgz 0ms (cache hit)
174 http cache lint-staged@https://registry.npmjs.org/lint-staged/-/lint-staged-15.4.3.tgz 0ms (cache hit)
175 http cache levn@https://registry.npmjs.org/levn/-/levn-0.4.1.tgz 0ms (cache hit)
176 http cache keyv@https://registry.npmjs.org/keyv/-/keyv-4.5.4.tgz 0ms (cache hit)
177 http cache laravel-vite-plugin@https://registry.npmjs.org/laravel-vite-plugin/-/laravel-vite-plugin-1.2.0.tgz 0ms (cache hit)
178 http cache json5@https://registry.npmjs.org/json5/-/json5-2.2.3.tgz 0ms (cache hit)
179 http cache jspdf@https://registry.npmjs.org/jspdf/-/jspdf-2.5.2.tgz 0ms (cache hit)
180 http cache json-schema-traverse@https://registry.npmjs.org/json-schema-traverse/-/json-schema-traverse-0.4.1.tgz 0ms (cache hit)
181 http cache jsesc@https://registry.npmjs.org/jsesc/-/jsesc-3.1.0.tgz 0ms (cache hit)
182 http cache json-buffer@https://registry.npmjs.org/json-buffer/-/json-buffer-3.0.1.tgz 0ms (cache hit)
183 http cache json-stable-stringify-without-jsonify@https://registry.npmjs.org/json-stable-stringify-without-jsonify/-/json-stable-stringify-without-jsonify-1.0.1.tgz 0ms (cache hit)
184 http cache js-tokens@https://registry.npmjs.org/js-tokens/-/js-tokens-4.0.0.tgz 0ms (cache hit)
185 http cache js-yaml@https://registry.npmjs.org/js-yaml/-/js-yaml-4.1.0.tgz 0ms (cache hit)
186 http cache jiti@https://registry.npmjs.org/jiti/-/jiti-1.21.7.tgz 0ms (cache hit)
187 http cache jackspeak@https://registry.npmjs.org/jackspeak/-/jackspeak-3.4.3.tgz 0ms (cache hit)
188 http cache isexe@https://registry.npmjs.org/isexe/-/isexe-2.0.0.tgz 0ms (cache hit)
189 http cache is-stream@https://registry.npmjs.org/is-stream/-/is-stream-3.0.0.tgz 0ms (cache hit)
190 http cache is-number@https://registry.npmjs.org/is-number/-/is-number-7.0.0.tgz 0ms (cache hit)
191 http cache js-cookie@https://registry.npmjs.org/js-cookie/-/js-cookie-3.0.5.tgz 0ms (cache hit)
192 http cache is-extglob@https://registry.npmjs.org/is-extglob/-/is-extglob-2.1.1.tgz 0ms (cache hit)
193 http cache is-glob@https://registry.npmjs.org/is-glob/-/is-glob-4.0.3.tgz 0ms (cache hit)
194 http cache is-fullwidth-code-point@https://registry.npmjs.org/is-fullwidth-code-point/-/is-fullwidth-code-point-4.0.0.tgz 0ms (cache hit)
195 http cache is-binary-path@https://registry.npmjs.org/is-binary-path/-/is-binary-path-2.1.0.tgz 0ms (cache hit)
196 http cache is-core-module@https://registry.npmjs.org/is-core-module/-/is-core-module-2.16.1.tgz 0ms (cache hit)
197 http cache imurmurhash@https://registry.npmjs.org/imurmurhash/-/imurmurhash-0.1.4.tgz 0ms (cache hit)
198 http cache import-fresh@https://registry.npmjs.org/import-fresh/-/import-fresh-3.3.1.tgz 0ms (cache hit)
199 http cache human-signals@https://registry.npmjs.org/human-signals/-/human-signals-5.0.0.tgz 0ms (cache hit)
200 http cache ignore@https://registry.npmjs.org/ignore/-/ignore-5.3.2.tgz 0ms (cache hit)
201 http cache husky@https://registry.npmjs.org/husky/-/husky-9.1.7.tgz 0ms (cache hit)
202 http cache html2canvas@https://registry.npmjs.org/html2canvas/-/html2canvas-1.4.1.tgz 0ms (cache hit)
203 http cache internmap@https://registry.npmjs.org/internmap/-/internmap-2.0.3.tgz 0ms (cache hit)
204 http cache has-tostringtag@https://registry.npmjs.org/has-tostringtag/-/has-tostringtag-1.0.2.tgz 0ms (cache hit)
205 http cache has-symbols@https://registry.npmjs.org/has-symbols/-/has-symbols-1.1.0.tgz 0ms (cache hit)
206 http cache hasown@https://registry.npmjs.org/hasown/-/hasown-2.0.2.tgz 0ms (cache hit)
207 http cache has-flag@https://registry.npmjs.org/has-flag/-/has-flag-4.0.0.tgz 0ms (cache hit)
208 http cache glob-parent@https://registry.npmjs.org/glob-parent/-/glob-parent-6.0.2.tgz 0ms (cache hit)
209 http cache globals@https://registry.npmjs.org/globals/-/globals-11.12.0.tgz 0ms (cache hit)
210 http cache gopd@https://registry.npmjs.org/gopd/-/gopd-1.2.0.tgz 0ms (cache hit)
211 http cache get-proto@https://registry.npmjs.org/get-proto/-/get-proto-1.0.1.tgz 0ms (cache hit)
212 http cache get-stream@https://registry.npmjs.org/get-stream/-/get-stream-8.0.1.tgz 0ms (cache hit)
213 http cache get-nonce@https://registry.npmjs.org/get-nonce/-/get-nonce-1.0.1.tgz 0ms (cache hit)
214 http cache get-intrinsic@https://registry.npmjs.org/get-intrinsic/-/get-intrinsic-1.2.7.tgz 0ms (cache hit)
215 http cache gensync@https://registry.npmjs.org/gensync/-/gensync-1.0.0-beta.2.tgz 0ms (cache hit)
216 http cache get-east-asian-width@https://registry.npmjs.org/get-east-asian-width/-/get-east-asian-width-1.3.0.tgz 0ms (cache hit)
217 http cache function-bind@https://registry.npmjs.org/function-bind/-/function-bind-1.1.2.tgz 0ms (cache hit)
218 http cache fsevents@https://registry.npmjs.org/fsevents/-/fsevents-2.3.3.tgz 0ms (cache hit)
219 http cache fraction.js@https://registry.npmjs.org/fraction.js/-/fraction.js-4.3.7.tgz 0ms (cache hit)
220 http cache form-data@https://registry.npmjs.org/form-data/-/form-data-4.0.4.tgz 0ms (cache hit)
221 http cache foreground-child@https://registry.npmjs.org/foreground-child/-/foreground-child-3.3.0.tgz 0ms (cache hit)
222 http cache follow-redirects@https://registry.npmjs.org/follow-redirects/-/follow-redirects-1.15.9.tgz 0ms (cache hit)
223 http cache framer-motion@https://registry.npmjs.org/framer-motion/-/framer-motion-11.18.2.tgz 0ms (cache hit)
224 http cache flatted@https://registry.npmjs.org/flatted/-/flatted-3.3.2.tgz 0ms (cache hit)
225 http cache flat-cache@https://registry.npmjs.org/flat-cache/-/flat-cache-4.0.1.tgz 0ms (cache hit)
226 http cache glob@https://registry.npmjs.org/glob/-/glob-10.4.5.tgz 0ms (cache hit)
227 http cache file-selector@https://registry.npmjs.org/file-selector/-/file-selector-2.1.2.tgz 0ms (cache hit)
228 http cache fill-range@https://registry.npmjs.org/fill-range/-/fill-range-7.1.1.tgz 0ms (cache hit)
229 http cache find-up@https://registry.npmjs.org/find-up/-/find-up-5.0.0.tgz 0ms (cache hit)
230 http cache file-entry-cache@https://registry.npmjs.org/file-entry-cache/-/file-entry-cache-8.0.0.tgz 0ms (cache hit)
231 http cache fast-levenshtein@https://registry.npmjs.org/fast-levenshtein/-/fast-levenshtein-2.0.6.tgz 0ms (cache hit)
232 http cache fflate@https://registry.npmjs.org/fflate/-/fflate-0.8.2.tgz 0ms (cache hit)
233 http cache fastq@https://registry.npmjs.org/fastq/-/fastq-1.18.0.tgz 0ms (cache hit)
234 http cache fast-json-stable-stringify@https://registry.npmjs.org/fast-json-stable-stringify/-/fast-json-stable-stringify-2.1.0.tgz 0ms (cache hit)
235 http cache fast-glob@https://registry.npmjs.org/fast-glob/-/fast-glob-3.3.3.tgz 0ms (cache hit)
236 http cache fast-equals@https://registry.npmjs.org/fast-equals/-/fast-equals-5.2.2.tgz 0ms (cache hit)
237 http cache eventemitter3@https://registry.npmjs.org/eventemitter3/-/eventemitter3-5.0.1.tgz 0ms (cache hit)
238 http cache execa@https://registry.npmjs.org/execa/-/execa-8.0.1.tgz 0ms (cache hit)
239 http cache estraverse@https://registry.npmjs.org/estraverse/-/estraverse-5.3.0.tgz 0ms (cache hit)
240 http cache esquery@https://registry.npmjs.org/esquery/-/esquery-1.6.0.tgz 0ms (cache hit)
241 http cache esrecurse@https://registry.npmjs.org/esrecurse/-/esrecurse-4.3.0.tgz 0ms (cache hit)
242 http cache esutils@https://registry.npmjs.org/esutils/-/esutils-2.0.3.tgz 0ms (cache hit)
243 http cache eslint-visitor-keys@https://registry.npmjs.org/eslint-visitor-keys/-/eslint-visitor-keys-3.4.3.tgz 0ms (cache hit)
244 http cache eslint-scope@https://registry.npmjs.org/eslint-scope/-/eslint-scope-8.4.0.tgz 0ms (cache hit)
245 http cache escape-string-regexp@https://registry.npmjs.org/escape-string-regexp/-/escape-string-regexp-4.0.0.tgz 1ms (cache hit)
246 http cache escalade@https://registry.npmjs.org/escalade/-/escalade-3.2.0.tgz 0ms (cache hit)
247 http cache fast-deep-equal@https://registry.npmjs.org/fast-deep-equal/-/fast-deep-equal-3.1.3.tgz 0ms (cache hit)
248 http cache esbuild@https://registry.npmjs.org/esbuild/-/esbuild-0.21.5.tgz 0ms (cache hit)
249 http cache eslint@https://registry.npmjs.org/eslint/-/eslint-9.32.0.tgz 0ms (cache hit)
250 http cache es-set-tostringtag@https://registry.npmjs.org/es-set-tostringtag/-/es-set-tostringtag-2.1.0.tgz 0ms (cache hit)
251 http cache es-object-atoms@https://registry.npmjs.org/es-object-atoms/-/es-object-atoms-1.1.1.tgz 0ms (cache hit)
252 http cache environment@https://registry.npmjs.org/environment/-/environment-1.1.0.tgz 0ms (cache hit)
253 http cache es-errors@https://registry.npmjs.org/es-errors/-/es-errors-1.3.0.tgz 0ms (cache hit)
254 http cache emoji-regex@https://registry.npmjs.org/emoji-regex/-/emoji-regex-10.4.0.tgz 0ms (cache hit)
255 http cache es-define-property@https://registry.npmjs.org/es-define-property/-/es-define-property-1.0.1.tgz 0ms (cache hit)
256 http cache dunder-proto@https://registry.npmjs.org/dunder-proto/-/dunder-proto-1.0.1.tgz 0ms (cache hit)
257 http cache dom-helpers@https://registry.npmjs.org/dom-helpers/-/dom-helpers-5.2.1.tgz 0ms (cache hit)
258 http cache dompurify@https://registry.npmjs.org/dompurify/-/dompurify-2.5.8.tgz 0ms (cache hit)
259 http cache eastasianwidth@https://registry.npmjs.org/eastasianwidth/-/eastasianwidth-0.2.0.tgz 0ms (cache hit)
260 http cache espree@https://registry.npmjs.org/espree/-/espree-10.4.0.tgz 0ms (cache hit)
261 http cache electron-to-chromium@https://registry.npmjs.org/electron-to-chromium/-/electron-to-chromium-1.5.88.tgz 0ms (cache hit)
262 http cache didyoumean@https://registry.npmjs.org/didyoumean/-/didyoumean-1.2.2.tgz 0ms (cache hit)
263 http cache deepmerge@https://registry.npmjs.org/deepmerge/-/deepmerge-4.3.1.tgz 0ms (cache hit)
264 http cache detect-node-es@https://registry.npmjs.org/detect-node-es/-/detect-node-es-1.1.0.tgz 0ms (cache hit)
265 http cache delayed-stream@https://registry.npmjs.org/delayed-stream/-/delayed-stream-1.0.0.tgz 0ms (cache hit)
266 http cache dlv@https://registry.npmjs.org/dlv/-/dlv-1.1.3.tgz 0ms (cache hit)
267 http cache deep-is@https://registry.npmjs.org/deep-is/-/deep-is-0.1.4.tgz 0ms (cache hit)
268 http cache decimal.js-light@https://registry.npmjs.org/decimal.js-light/-/decimal.js-light-2.5.1.tgz 0ms (cache hit)
269 http cache dayjs@https://registry.npmjs.org/dayjs/-/dayjs-1.11.13.tgz 0ms (cache hit)
270 http cache debug@https://registry.npmjs.org/debug/-/debug-4.4.0.tgz 0ms (cache hit)
271 http cache date-fns@https://registry.npmjs.org/date-fns/-/date-fns-3.6.0.tgz 0ms (cache hit)
272 http cache d3-timer@https://registry.npmjs.org/d3-timer/-/d3-timer-3.0.1.tgz 0ms (cache hit)
273 http cache d3-time-format@https://registry.npmjs.org/d3-time-format/-/d3-time-format-4.1.0.tgz 0ms (cache hit)
274 http cache d3-time@https://registry.npmjs.org/d3-time/-/d3-time-3.1.0.tgz 0ms (cache hit)
275 http cache d3-scale@https://registry.npmjs.org/d3-scale/-/d3-scale-4.0.2.tgz 0ms (cache hit)
276 http cache d3-interpolate@https://registry.npmjs.org/d3-interpolate/-/d3-interpolate-3.0.1.tgz 0ms (cache hit)
277 http cache d3-path@https://registry.npmjs.org/d3-path/-/d3-path-3.1.0.tgz 0ms (cache hit)
278 http cache d3-shape@https://registry.npmjs.org/d3-shape/-/d3-shape-3.2.0.tgz 0ms (cache hit)
279 http cache d3-format@https://registry.npmjs.org/d3-format/-/d3-format-3.1.0.tgz 0ms (cache hit)
280 http cache d3-ease@https://registry.npmjs.org/d3-ease/-/d3-ease-3.0.1.tgz 0ms (cache hit)
281 http cache d3-color@https://registry.npmjs.org/d3-color/-/d3-color-3.1.0.tgz 0ms (cache hit)
282 http cache css-line-break@https://registry.npmjs.org/css-line-break/-/css-line-break-2.1.0.tgz 0ms (cache hit)
283 http cache csstype@https://registry.npmjs.org/csstype/-/csstype-3.1.3.tgz 0ms (cache hit)
284 http cache d3-array@https://registry.npmjs.org/d3-array/-/d3-array-3.2.4.tgz 0ms (cache hit)
285 http cache cross-spawn@https://registry.npmjs.org/cross-spawn/-/cross-spawn-7.0.6.tgz 0ms (cache hit)
286 http cache cssesc@https://registry.npmjs.org/cssesc/-/cssesc-3.0.0.tgz 0ms (cache hit)
287 http cache convert-source-map@https://registry.npmjs.org/convert-source-map/-/convert-source-map-2.0.0.tgz 0ms (cache hit)
288 http cache core-js@https://registry.npmjs.org/core-js/-/core-js-3.40.0.tgz 1ms (cache hit)
289 http cache combined-stream@https://registry.npmjs.org/combined-stream/-/combined-stream-1.0.8.tgz 0ms (cache hit)
290 http cache commander@https://registry.npmjs.org/commander/-/commander-13.1.0.tgz 0ms (cache hit)
291 http cache colorette@https://registry.npmjs.org/colorette/-/colorette-2.0.20.tgz 0ms (cache hit)
292 http cache color-parse@https://registry.npmjs.org/color-parse/-/color-parse-1.4.2.tgz 0ms (cache hit)
293 http cache concat-map@https://registry.npmjs.org/concat-map/-/concat-map-0.0.1.tgz 0ms (cache hit)
294 http cache clsx@https://registry.npmjs.org/clsx/-/clsx-2.1.1.tgz 0ms (cache hit)
295 http cache cmdk@https://registry.npmjs.org/cmdk/-/cmdk-1.0.4.tgz 0ms (cache hit)
296 http cache color-convert@https://registry.npmjs.org/color-convert/-/color-convert-2.0.1.tgz 0ms (cache hit)
297 http cache cli-truncate@https://registry.npmjs.org/cli-truncate/-/cli-truncate-4.0.0.tgz 0ms (cache hit)
298 http cache color-name@https://registry.npmjs.org/color-name/-/color-name-1.1.4.tgz 0ms (cache hit)
299 http cache cli-cursor@https://registry.npmjs.org/cli-cursor/-/cli-cursor-5.0.0.tgz 0ms (cache hit)
300 http cache class-variance-authority@https://registry.npmjs.org/class-variance-authority/-/class-variance-authority-0.7.1.tgz 0ms (cache hit)
301 http cache chokidar@https://registry.npmjs.org/chokidar/-/chokidar-3.6.0.tgz 0ms (cache hit)
302 http cache ckeditor5@https://registry.npmjs.org/ckeditor5/-/ckeditor5-44.1.0.tgz 0ms (cache hit)
303 http cache caniuse-lite@https://registry.npmjs.org/caniuse-lite/-/caniuse-lite-1.0.30001759.tgz 0ms (cache hit)
304 http cache canvg@https://registry.npmjs.org/canvg/-/canvg-3.0.11.tgz 0ms (cache hit)
305 http cache camelcase-css@https://registry.npmjs.org/camelcase-css/-/camelcase-css-2.0.1.tgz 0ms (cache hit)
306 http cache chalk@https://registry.npmjs.org/chalk/-/chalk-4.1.2.tgz 0ms (cache hit)
307 http cache call-bind-apply-helpers@https://registry.npmjs.org/call-bind-apply-helpers/-/call-bind-apply-helpers-1.0.1.tgz 0ms (cache hit)
308 http cache callsites@https://registry.npmjs.org/callsites/-/callsites-3.1.0.tgz 0ms (cache hit)
309 http cache btoa@https://registry.npmjs.org/btoa/-/btoa-1.2.1.tgz 0ms (cache hit)
310 http cache call-bound@https://registry.npmjs.org/call-bound/-/call-bound-1.0.3.tgz 0ms (cache hit)
311 http cache browserslist@https://registry.npmjs.org/browserslist/-/browserslist-4.24.4.tgz 0ms (cache hit)
312 http cache braces@https://registry.npmjs.org/braces/-/braces-3.0.3.tgz 0ms (cache hit)
313 http cache brace-expansion@https://registry.npmjs.org/brace-expansion/-/brace-expansion-2.0.1.tgz 0ms (cache hit)
314 http cache binary-extensions@https://registry.npmjs.org/binary-extensions/-/binary-extensions-2.3.0.tgz 0ms (cache hit)
315 http cache base64-arraybuffer@https://registry.npmjs.org/base64-arraybuffer/-/base64-arraybuffer-1.0.2.tgz 0ms (cache hit)
316 http cache balanced-match@https://registry.npmjs.org/balanced-match/-/balanced-match-1.0.2.tgz 0ms (cache hit)
317 http cache axios@https://registry.npmjs.org/axios/-/axios-1.11.0.tgz 0ms (cache hit)
318 http cache autoprefixer@https://registry.npmjs.org/autoprefixer/-/autoprefixer-10.4.20.tgz 0ms (cache hit)
319 http cache asynckit@https://registry.npmjs.org/asynckit/-/asynckit-0.4.0.tgz 0ms (cache hit)
320 http cache attr-accept@https://registry.npmjs.org/attr-accept/-/attr-accept-2.2.5.tgz 0ms (cache hit)
321 http cache atob@https://registry.npmjs.org/atob/-/atob-2.1.2.tgz 0ms (cache hit)
322 http cache blurhash@https://registry.npmjs.org/blurhash/-/blurhash-2.0.5.tgz 0ms (cache hit)
323 http cache argparse@https://registry.npmjs.org/argparse/-/argparse-2.0.1.tgz 0ms (cache hit)
324 http cache anymatch@https://registry.npmjs.org/anymatch/-/anymatch-3.1.3.tgz 0ms (cache hit)
325 http cache aria-hidden@https://registry.npmjs.org/aria-hidden/-/aria-hidden-1.2.4.tgz 0ms (cache hit)
326 http cache ansi-styles@https://registry.npmjs.org/ansi-styles/-/ansi-styles-4.3.0.tgz 0ms (cache hit)
327 http cache ansi-escapes@https://registry.npmjs.org/ansi-escapes/-/ansi-escapes-7.0.0.tgz 0ms (cache hit)
328 http cache ansi-regex@https://registry.npmjs.org/ansi-regex/-/ansi-regex-6.1.0.tgz 0ms (cache hit)
329 http cache ajv@https://registry.npmjs.org/ajv/-/ajv-6.12.6.tgz 0ms (cache hit)
330 http cache acorn@https://registry.npmjs.org/acorn/-/acorn-8.15.0.tgz 0ms (cache hit)
331 http cache acorn-jsx@https://registry.npmjs.org/acorn-jsx/-/acorn-jsx-5.3.2.tgz 0ms (cache hit)
332 http cache @vitejs/plugin-react@https://registry.npmjs.org/@vitejs/plugin-react/-/plugin-react-4.3.4.tgz 0ms (cache hit)
333 http cache any-promise@https://registry.npmjs.org/any-promise/-/any-promise-1.3.0.tgz 0ms (cache hit)
334 http cache arg@https://registry.npmjs.org/arg/-/arg-5.0.2.tgz 0ms (cache hit)
335 http cache @typescript-eslint/visitor-keys@https://registry.npmjs.org/@typescript-eslint/visitor-keys/-/visitor-keys-8.22.0.tgz 0ms (cache hit)
336 http cache @typescript-eslint/utils@https://registry.npmjs.org/@typescript-eslint/utils/-/utils-8.22.0.tgz 0ms (cache hit)
337 http cache @typescript-eslint/typescript-estree@https://registry.npmjs.org/@typescript-eslint/typescript-estree/-/typescript-estree-8.22.0.tgz 0ms (cache hit)
338 http cache @typescript-eslint/scope-manager@https://registry.npmjs.org/@typescript-eslint/scope-manager/-/scope-manager-8.22.0.tgz 0ms (cache hit)
339 http cache @typescript-eslint/types@https://registry.npmjs.org/@typescript-eslint/types/-/types-8.22.0.tgz 0ms (cache hit)
340 http cache @types/tinymce@https://registry.npmjs.org/@types/tinymce/-/tinymce-4.6.9.tgz 0ms (cache hit)
341 http cache @types/sizzle@https://registry.npmjs.org/@types/sizzle/-/sizzle-2.3.9.tgz 0ms (cache hit)
342 http cache @types/uuid@https://registry.npmjs.org/@types/uuid/-/uuid-10.0.0.tgz 0ms (cache hit)
343 http cache @types/raf@https://registry.npmjs.org/@types/raf/-/raf-3.4.3.tgz 0ms (cache hit)
344 http cache @types/react-dom@https://registry.npmjs.org/@types/react-dom/-/react-dom-18.3.5.tgz 0ms (cache hit)
345 http cache @types/prop-types@https://registry.npmjs.org/@types/prop-types/-/prop-types-15.7.14.tgz 0ms (cache hit)
346 http cache @types/node@https://registry.npmjs.org/@types/node/-/node-18.19.74.tgz 0ms (cache hit)
347 http cache @types/lodash@https://registry.npmjs.org/@types/lodash/-/lodash-4.17.15.tgz 0ms (cache hit)
348 http cache @types/json-schema@https://registry.npmjs.org/@types/json-schema/-/json-schema-7.0.15.tgz 0ms (cache hit)
349 http cache @types/js-cookie@https://registry.npmjs.org/@types/js-cookie/-/js-cookie-3.0.6.tgz 0ms (cache hit)
350 http cache @types/jquery@https://registry.npmjs.org/@types/jquery/-/jquery-3.5.32.tgz 0ms (cache hit)
351 http cache @types/react@https://registry.npmjs.org/@types/react/-/react-18.3.18.tgz 0ms (cache hit)
352 http cache @types/estree@https://registry.npmjs.org/@types/estree/-/estree-1.0.6.tgz 0ms (cache hit)
353 http cache @types/d3-time@https://registry.npmjs.org/@types/d3-time/-/d3-time-3.0.4.tgz 0ms (cache hit)
354 http cache @types/d3-timer@https://registry.npmjs.org/@types/d3-timer/-/d3-timer-3.0.2.tgz 1ms (cache hit)
355 http cache @types/d3-scale@https://registry.npmjs.org/@types/d3-scale/-/d3-scale-4.0.8.tgz 0ms (cache hit)
356 http cache @types/d3-path@https://registry.npmjs.org/@types/d3-path/-/d3-path-3.1.0.tgz 0ms (cache hit)
357 http cache @types/d3-shape@https://registry.npmjs.org/@types/d3-shape/-/d3-shape-3.1.7.tgz 0ms (cache hit)
358 http cache @types/d3-interpolate@https://registry.npmjs.org/@types/d3-interpolate/-/d3-interpolate-3.0.4.tgz 0ms (cache hit)
359 http cache @types/d3-ease@https://registry.npmjs.org/@types/d3-ease/-/d3-ease-3.0.2.tgz 0ms (cache hit)
360 http cache @types/d3-color@https://registry.npmjs.org/@types/d3-color/-/d3-color-3.1.3.tgz 0ms (cache hit)
361 http cache @types/babel__traverse@https://registry.npmjs.org/@types/babel__traverse/-/babel__traverse-7.20.6.tgz 0ms (cache hit)
362 http cache @types/d3-array@https://registry.npmjs.org/@types/d3-array/-/d3-array-3.2.1.tgz 0ms (cache hit)
363 http cache @types/babel__generator@https://registry.npmjs.org/@types/babel__generator/-/babel__generator-7.6.8.tgz 0ms (cache hit)
364 http cache @tinymce/tinymce-react@https://registry.npmjs.org/@tinymce/tinymce-react/-/tinymce-react-5.1.1.tgz 0ms (cache hit)
365 http cache @types/babel__core@https://registry.npmjs.org/@types/babel__core/-/babel__core-7.20.5.tgz 0ms (cache hit)
366 http cache @types/babel__template@https://registry.npmjs.org/@types/babel__template/-/babel__template-7.4.4.tgz 0ms (cache hit)
367 http cache @tanstack/virtual-core@https://registry.npmjs.org/@tanstack/virtual-core/-/virtual-core-3.11.3.tgz 0ms (cache hit)
368 http cache @tanstack/react-virtual@https://registry.npmjs.org/@tanstack/react-virtual/-/react-virtual-3.11.3.tgz 0ms (cache hit)
369 http cache @tanstack/query-core@https://registry.npmjs.org/@tanstack/query-core/-/query-core-5.65.0.tgz 0ms (cache hit)
370 http cache @tanstack/eslint-plugin-query@https://registry.npmjs.org/@tanstack/eslint-plugin-query/-/eslint-plugin-query-5.65.0.tgz 0ms (cache hit)
371 http cache @tailwindcss/typography@https://registry.npmjs.org/@tailwindcss/typography/-/typography-0.5.16.tgz 0ms (cache hit)
372 http cache @tailwindcss/forms@https://registry.npmjs.org/@tailwindcss/forms/-/forms-0.5.10.tgz 0ms (cache hit)
373 http cache @swc/helpers@https://registry.npmjs.org/@swc/helpers/-/helpers-0.5.15.tgz 0ms (cache hit)
374 http cache @tanstack/react-query@https://registry.npmjs.org/@tanstack/react-query/-/react-query-5.65.1.tgz 0ms (cache hit)
375 http cache @react-types/shared@https://registry.npmjs.org/@react-types/shared/-/shared-3.27.0.tgz 0ms (cache hit)
376 http cache @react-aria/utils@https://registry.npmjs.org/@react-aria/utils/-/utils-3.27.0.tgz 0ms (cache hit)
377 http cache @react-aria/ssr@https://registry.npmjs.org/@react-aria/ssr/-/ssr-3.9.7.tgz 0ms (cache hit)
378 http cache @react-aria/interactions@https://registry.npmjs.org/@react-aria/interactions/-/interactions-3.23.0.tgz 0ms (cache hit)
379 http cache @rollup/rollup-darwin-x64@https://registry.npmjs.org/@rollup/rollup-darwin-x64/-/rollup-darwin-x64-4.32.1.tgz 0ms (cache hit)
380 http cache @react-stately/utils@https://registry.npmjs.org/@react-stately/utils/-/utils-3.10.5.tgz 0ms (cache hit)
381 http cache @radix-ui/rect@https://registry.npmjs.org/@radix-ui/rect/-/rect-1.1.0.tgz 0ms (cache hit)
382 http cache @react-aria/focus@https://registry.npmjs.org/@react-aria/focus/-/focus-3.19.1.tgz 0ms (cache hit)
383 http cache @radix-ui/react-use-rect@https://registry.npmjs.org/@radix-ui/react-use-rect/-/react-use-rect-1.1.0.tgz 0ms (cache hit)
384 http cache @radix-ui/react-visually-hidden@https://registry.npmjs.org/@radix-ui/react-visually-hidden/-/react-visually-hidden-1.1.1.tgz 0ms (cache hit)
385 http cache @radix-ui/react-use-previous@https://registry.npmjs.org/@radix-ui/react-use-previous/-/react-use-previous-1.1.0.tgz 0ms (cache hit)
386 http cache @radix-ui/react-use-controllable-state@https://registry.npmjs.org/@radix-ui/react-use-controllable-state/-/react-use-controllable-state-1.1.0.tgz 0ms (cache hit)
387 http cache @radix-ui/react-use-escape-keydown@https://registry.npmjs.org/@radix-ui/react-use-escape-keydown/-/react-use-escape-keydown-1.1.0.tgz 0ms (cache hit)
388 http cache @radix-ui/react-use-layout-effect@https://registry.npmjs.org/@radix-ui/react-use-layout-effect/-/react-use-layout-effect-1.1.0.tgz 0ms (cache hit)
389 http cache @radix-ui/react-use-callback-ref@https://registry.npmjs.org/@radix-ui/react-use-callback-ref/-/react-use-callback-ref-1.1.0.tgz 0ms (cache hit)
390 http cache @radix-ui/react-tooltip@https://registry.npmjs.org/@radix-ui/react-tooltip/-/react-tooltip-1.1.7.tgz 0ms (cache hit)
391 http cache @radix-ui/react-toast@https://registry.npmjs.org/@radix-ui/react-toast/-/react-toast-1.2.5.tgz 0ms (cache hit)
392 http cache @radix-ui/react-tabs@https://registry.npmjs.org/@radix-ui/react-tabs/-/react-tabs-1.1.2.tgz 0ms (cache hit)
393 http cache @radix-ui/react-slot@https://registry.npmjs.org/@radix-ui/react-slot/-/react-slot-1.1.1.tgz 0ms (cache hit)
394 http cache @radix-ui/react-separator@https://registry.npmjs.org/@radix-ui/react-separator/-/react-separator-1.1.1.tgz 0ms (cache hit)
395 http cache @radix-ui/react-select@https://registry.npmjs.org/@radix-ui/react-select/-/react-select-2.1.5.tgz 0ms (cache hit)
396 http cache @radix-ui/react-roving-focus@https://registry.npmjs.org/@radix-ui/react-roving-focus/-/react-roving-focus-1.1.1.tgz 0ms (cache hit)
397 http cache @radix-ui/react-radio-group@https://registry.npmjs.org/@radix-ui/react-radio-group/-/react-radio-group-1.2.2.tgz 0ms (cache hit)
398 http cache @radix-ui/react-primitive@https://registry.npmjs.org/@radix-ui/react-primitive/-/react-primitive-2.0.1.tgz 0ms (cache hit)
399 http cache @radix-ui/react-presence@https://registry.npmjs.org/@radix-ui/react-presence/-/react-presence-1.1.2.tgz 0ms (cache hit)
400 http cache @radix-ui/react-portal@https://registry.npmjs.org/@radix-ui/react-portal/-/react-portal-1.1.3.tgz 0ms (cache hit)
401 http cache @radix-ui/react-menu@https://registry.npmjs.org/@radix-ui/react-menu/-/react-menu-2.1.5.tgz 0ms (cache hit)
402 http cache @radix-ui/react-popover@https://registry.npmjs.org/@radix-ui/react-popover/-/react-popover-1.1.5.tgz 0ms (cache hit)
403 http cache @radix-ui/react-use-size@https://registry.npmjs.org/@radix-ui/react-use-size/-/react-use-size-1.1.0.tgz 0ms (cache hit)
404 http cache @radix-ui/react-label@https://registry.npmjs.org/@radix-ui/react-label/-/react-label-2.1.1.tgz 0ms (cache hit)
405 http cache @radix-ui/react-id@https://registry.npmjs.org/@radix-ui/react-id/-/react-id-1.1.0.tgz 0ms (cache hit)
406 http cache @radix-ui/react-hover-card@https://registry.npmjs.org/@radix-ui/react-hover-card/-/react-hover-card-1.1.6.tgz 0ms (cache hit)
407 http cache @radix-ui/react-focus-scope@https://registry.npmjs.org/@radix-ui/react-focus-scope/-/react-focus-scope-1.1.1.tgz 0ms (cache hit)
408 http cache @radix-ui/react-icons@https://registry.npmjs.org/@radix-ui/react-icons/-/react-icons-1.3.2.tgz 0ms (cache hit)
409 http cache @radix-ui/react-focus-guards@https://registry.npmjs.org/@radix-ui/react-focus-guards/-/react-focus-guards-1.1.1.tgz 0ms (cache hit)
410 http cache @radix-ui/react-dropdown-menu@https://registry.npmjs.org/@radix-ui/react-dropdown-menu/-/react-dropdown-menu-2.1.5.tgz 0ms (cache hit)
411 http cache @radix-ui/react-dismissable-layer@https://registry.npmjs.org/@radix-ui/react-dismissable-layer/-/react-dismissable-layer-1.1.4.tgz 0ms (cache hit)
412 http cache @radix-ui/react-dialog@https://registry.npmjs.org/@radix-ui/react-dialog/-/react-dialog-1.1.5.tgz 0ms (cache hit)
413 http cache @radix-ui/react-compose-refs@https://registry.npmjs.org/@radix-ui/react-compose-refs/-/react-compose-refs-1.1.1.tgz 0ms (cache hit)
414 http cache @radix-ui/react-context@https://registry.npmjs.org/@radix-ui/react-context/-/react-context-1.1.1.tgz 0ms (cache hit)
415 http cache @radix-ui/react-direction@https://registry.npmjs.org/@radix-ui/react-direction/-/react-direction-1.1.0.tgz 0ms (cache hit)
416 http cache @radix-ui/react-popper@https://registry.npmjs.org/@radix-ui/react-popper/-/react-popper-1.2.1.tgz 0ms (cache hit)
417 http cache @radix-ui/react-checkbox@https://registry.npmjs.org/@radix-ui/react-checkbox/-/react-checkbox-1.1.3.tgz 0ms (cache hit)
418 http cache @radix-ui/react-collection@https://registry.npmjs.org/@radix-ui/react-collection/-/react-collection-1.1.1.tgz 0ms (cache hit)
419 http cache @radix-ui/react-avatar@https://registry.npmjs.org/@radix-ui/react-avatar/-/react-avatar-1.1.2.tgz 1ms (cache hit)
420 http cache @radix-ui/react-arrow@https://registry.npmjs.org/@radix-ui/react-arrow/-/react-arrow-1.1.1.tgz 0ms (cache hit)
421 http cache @radix-ui/primitive@https://registry.npmjs.org/@radix-ui/primitive/-/primitive-1.1.1.tgz 0ms (cache hit)
422 http cache @radix-ui/react-alert-dialog@https://registry.npmjs.org/@radix-ui/react-alert-dialog/-/react-alert-dialog-1.1.5.tgz 0ms (cache hit)
423 http cache @radix-ui/number@https://registry.npmjs.org/@radix-ui/number/-/number-1.1.0.tgz 0ms (cache hit)
424 http cache @pkgjs/parseargs@https://registry.npmjs.org/@pkgjs/parseargs/-/parseargs-0.11.0.tgz 0ms (cache hit)
425 http cache @nodelib/fs.stat@https://registry.npmjs.org/@nodelib/fs.stat/-/fs.stat-2.0.5.tgz 0ms (cache hit)
426 http cache @nodelib/fs.walk@https://registry.npmjs.org/@nodelib/fs.walk/-/fs.walk-1.2.8.tgz 0ms (cache hit)
427 http cache @radix-ui/react-collapsible@https://registry.npmjs.org/@radix-ui/react-collapsible/-/react-collapsible-1.1.2.tgz 0ms (cache hit)
428 http cache @nodelib/fs.scandir@https://registry.npmjs.org/@nodelib/fs.scandir/-/fs.scandir-2.1.5.tgz 0ms (cache hit)
429 http cache @mixmark-io/domino@https://registry.npmjs.org/@mixmark-io/domino/-/domino-2.2.0.tgz 0ms (cache hit)
430 http cache @jridgewell/trace-mapping@https://registry.npmjs.org/@jridgewell/trace-mapping/-/trace-mapping-0.3.25.tgz 0ms (cache hit)
431 http cache @jridgewell/set-array@https://registry.npmjs.org/@jridgewell/set-array/-/set-array-1.2.1.tgz 0ms (cache hit)
432 http cache @jridgewell/resolve-uri@https://registry.npmjs.org/@jridgewell/resolve-uri/-/resolve-uri-3.1.2.tgz 0ms (cache hit)
433 http cache @jridgewell/sourcemap-codec@https://registry.npmjs.org/@jridgewell/sourcemap-codec/-/sourcemap-codec-1.5.0.tgz 0ms (cache hit)
434 http cache @isaacs/cliui@https://registry.npmjs.org/@isaacs/cliui/-/cliui-8.0.2.tgz 0ms (cache hit)
435 http cache @jridgewell/gen-mapping@https://registry.npmjs.org/@jridgewell/gen-mapping/-/gen-mapping-0.3.8.tgz 0ms (cache hit)
436 http cache @inertiajs/core@https://registry.npmjs.org/@inertiajs/core/-/core-1.3.0.tgz 0ms (cache hit)
437 http cache @humanwhocodes/retry@https://registry.npmjs.org/@humanwhocodes/retry/-/retry-0.4.3.tgz 0ms (cache hit)
438 http cache @ianvs/prettier-plugin-sort-imports@https://registry.npmjs.org/@ianvs/prettier-plugin-sort-imports/-/prettier-plugin-sort-imports-4.4.1.tgz 0ms (cache hit)
439 http cache @humanwhocodes/module-importer@https://registry.npmjs.org/@humanwhocodes/module-importer/-/module-importer-1.0.1.tgz 0ms (cache hit)
440 http cache @humanfs/node@https://registry.npmjs.org/@humanfs/node/-/node-0.16.6.tgz 0ms (cache hit)
441 http cache @inertiajs/react@https://registry.npmjs.org/@inertiajs/react/-/react-1.3.0.tgz 0ms (cache hit)
442 http cache @headlessui/react@https://registry.npmjs.org/@headlessui/react/-/react-2.2.0.tgz 0ms (cache hit)
443 http cache @humanfs/core@https://registry.npmjs.org/@humanfs/core/-/core-0.19.1.tgz 0ms (cache hit)
444 http cache @floating-ui/dom@https://registry.npmjs.org/@floating-ui/dom/-/dom-1.6.13.tgz 0ms (cache hit)
445 http cache @floating-ui/react@https://registry.npmjs.org/@floating-ui/react/-/react-0.26.28.tgz 0ms (cache hit)
446 http cache @floating-ui/react-dom@https://registry.npmjs.org/@floating-ui/react-dom/-/react-dom-2.1.2.tgz 0ms (cache hit)
447 http cache @eslint/plugin-kit@https://registry.npmjs.org/@eslint/plugin-kit/-/plugin-kit-0.3.4.tgz 0ms (cache hit)
448 http cache @floating-ui/core@https://registry.npmjs.org/@floating-ui/core/-/core-1.6.9.tgz 0ms (cache hit)
449 http cache @eslint/js@https://registry.npmjs.org/@eslint/js/-/js-9.32.0.tgz 0ms (cache hit)
450 http cache @eslint/core@https://registry.npmjs.org/@eslint/core/-/core-0.15.1.tgz 0ms (cache hit)
451 http cache @eslint/eslintrc@https://registry.npmjs.org/@eslint/eslintrc/-/eslintrc-3.3.1.tgz 0ms (cache hit)
452 http cache @eslint/object-schema@https://registry.npmjs.org/@eslint/object-schema/-/object-schema-2.1.6.tgz 0ms (cache hit)
453 http cache @floating-ui/utils@https://registry.npmjs.org/@floating-ui/utils/-/utils-0.2.9.tgz 0ms (cache hit)
454 http cache @eslint/config-helpers@https://registry.npmjs.org/@eslint/config-helpers/-/config-helpers-0.3.0.tgz 0ms (cache hit)
455 http cache @eslint/config-array@https://registry.npmjs.org/@eslint/config-array/-/config-array-0.21.0.tgz 0ms (cache hit)
456 http cache @eslint-community/regexpp@https://registry.npmjs.org/@eslint-community/regexpp/-/regexpp-4.12.1.tgz 0ms (cache hit)
457 http cache @eslint-community/eslint-utils@https://registry.npmjs.org/@eslint-community/eslint-utils/-/eslint-utils-4.4.1.tgz 0ms (cache hit)
458 http cache @esbuild/darwin-x64@https://registry.npmjs.org/@esbuild/darwin-x64/-/darwin-x64-0.21.5.tgz 0ms (cache hit)
459 http cache @ckeditor/ckeditor5-word-count@https://registry.npmjs.org/@ckeditor/ckeditor5-word-count/-/ckeditor5-word-count-44.1.0.tgz 0ms (cache hit)
460 http cache @ckeditor/ckeditor5-upload@https://registry.npmjs.org/@ckeditor/ckeditor5-upload/-/ckeditor5-upload-44.1.0.tgz 0ms (cache hit)
461 http cache @ckeditor/ckeditor5-watchdog@https://registry.npmjs.org/@ckeditor/ckeditor5-watchdog/-/ckeditor5-watchdog-44.1.0.tgz 0ms (cache hit)
462 http cache @ckeditor/ckeditor5-widget@https://registry.npmjs.org/@ckeditor/ckeditor5-widget/-/ckeditor5-widget-44.1.0.tgz 0ms (cache hit)
463 http cache @ckeditor/ckeditor5-undo@https://registry.npmjs.org/@ckeditor/ckeditor5-undo/-/ckeditor5-undo-44.1.0.tgz 0ms (cache hit)
464 http cache @ckeditor/ckeditor5-ui@https://registry.npmjs.org/@ckeditor/ckeditor5-ui/-/ckeditor5-ui-44.1.0.tgz 0ms (cache hit)
465 http cache @ckeditor/ckeditor5-typing@https://registry.npmjs.org/@ckeditor/ckeditor5-typing/-/ckeditor5-typing-44.1.0.tgz 0ms (cache hit)
466 http cache @ckeditor/ckeditor5-theme-lark@https://registry.npmjs.org/@ckeditor/ckeditor5-theme-lark/-/ckeditor5-theme-lark-44.1.0.tgz 0ms (cache hit)
467 http cache @ckeditor/ckeditor5-table@https://registry.npmjs.org/@ckeditor/ckeditor5-table/-/ckeditor5-table-44.1.0.tgz 0ms (cache hit)
468 http cache @ckeditor/ckeditor5-utils@https://registry.npmjs.org/@ckeditor/ckeditor5-utils/-/ckeditor5-utils-44.1.0.tgz 0ms (cache hit)
469 http cache @ckeditor/ckeditor5-special-characters@https://registry.npmjs.org/@ckeditor/ckeditor5-special-characters/-/ckeditor5-special-characters-44.1.0.tgz 0ms (cache hit)
470 http cache @ckeditor/ckeditor5-style@https://registry.npmjs.org/@ckeditor/ckeditor5-style/-/ckeditor5-style-44.1.0.tgz 0ms (cache hit)
471 http cache @ckeditor/ckeditor5-select-all@https://registry.npmjs.org/@ckeditor/ckeditor5-select-all/-/ckeditor5-select-all-44.1.0.tgz 0ms (cache hit)
472 http cache @ckeditor/ckeditor5-source-editing@https://registry.npmjs.org/@ckeditor/ckeditor5-source-editing/-/ckeditor5-source-editing-44.1.0.tgz 0ms (cache hit)
473 http cache @ckeditor/ckeditor5-restricted-editing@https://registry.npmjs.org/@ckeditor/ckeditor5-restricted-editing/-/ckeditor5-restricted-editing-44.1.0.tgz 0ms (cache hit)
474 http cache @ckeditor/ckeditor5-remove-format@https://registry.npmjs.org/@ckeditor/ckeditor5-remove-format/-/ckeditor5-remove-format-44.1.0.tgz 0ms (cache hit)
475 http cache @ckeditor/ckeditor5-paste-from-office@https://registry.npmjs.org/@ckeditor/ckeditor5-paste-from-office/-/ckeditor5-paste-from-office-44.1.0.tgz 0ms (cache hit)
476 http cache @ckeditor/ckeditor5-react@https://registry.npmjs.org/@ckeditor/ckeditor5-react/-/ckeditor5-react-9.4.0.tgz 0ms (cache hit)
477 http cache @ckeditor/ckeditor5-paragraph@https://registry.npmjs.org/@ckeditor/ckeditor5-paragraph/-/ckeditor5-paragraph-44.1.0.tgz 0ms (cache hit)
478 http cache @ckeditor/ckeditor5-page-break@https://registry.npmjs.org/@ckeditor/ckeditor5-page-break/-/ckeditor5-page-break-44.1.0.tgz 0ms (cache hit)
479 http cache @ckeditor/ckeditor5-show-blocks@https://registry.npmjs.org/@ckeditor/ckeditor5-show-blocks/-/ckeditor5-show-blocks-44.1.0.tgz 0ms (cache hit)
480 http cache @ckeditor/ckeditor5-minimap@https://registry.npmjs.org/@ckeditor/ckeditor5-minimap/-/ckeditor5-minimap-44.1.0.tgz 0ms (cache hit)
481 http cache @ckeditor/ckeditor5-mention@https://registry.npmjs.org/@ckeditor/ckeditor5-mention/-/ckeditor5-mention-44.1.0.tgz 0ms (cache hit)
482 http cache @ckeditor/ckeditor5-markdown-gfm@https://registry.npmjs.org/@ckeditor/ckeditor5-markdown-gfm/-/ckeditor5-markdown-gfm-44.1.0.tgz 0ms (cache hit)
483 http cache @ckeditor/ckeditor5-language@https://registry.npmjs.org/@ckeditor/ckeditor5-language/-/ckeditor5-language-44.1.0.tgz 0ms (cache hit)
484 http cache @ckeditor/ckeditor5-media-embed@https://registry.npmjs.org/@ckeditor/ckeditor5-media-embed/-/ckeditor5-media-embed-44.1.0.tgz 0ms (cache hit)
485 http cache @ckeditor/ckeditor5-list@https://registry.npmjs.org/@ckeditor/ckeditor5-list/-/ckeditor5-list-44.1.0.tgz 0ms (cache hit)
486 http cache @ckeditor/ckeditor5-integrations-common@https://registry.npmjs.org/@ckeditor/ckeditor5-integrations-common/-/ckeditor5-integrations-common-2.2.2.tgz 0ms (cache hit)
487 http cache @ckeditor/ckeditor5-image@https://registry.npmjs.org/@ckeditor/ckeditor5-image/-/ckeditor5-image-44.1.0.tgz 0ms (cache hit)
488 http cache @ckeditor/ckeditor5-link@https://registry.npmjs.org/@ckeditor/ckeditor5-link/-/ckeditor5-link-44.1.0.tgz 0ms (cache hit)
489 http cache @ckeditor/ckeditor5-html-support@https://registry.npmjs.org/@ckeditor/ckeditor5-html-support/-/ckeditor5-html-support-44.1.0.tgz 0ms (cache hit)
490 http cache @ckeditor/ckeditor5-html-embed@https://registry.npmjs.org/@ckeditor/ckeditor5-html-embed/-/ckeditor5-html-embed-44.1.0.tgz 0ms (cache hit)
491 http cache @ckeditor/ckeditor5-indent@https://registry.npmjs.org/@ckeditor/ckeditor5-indent/-/ckeditor5-indent-44.1.0.tgz 0ms (cache hit)
492 http cache @ckeditor/ckeditor5-highlight@https://registry.npmjs.org/@ckeditor/ckeditor5-highlight/-/ckeditor5-highlight-44.1.0.tgz 0ms (cache hit)
493 http cache @ckeditor/ckeditor5-horizontal-line@https://registry.npmjs.org/@ckeditor/ckeditor5-horizontal-line/-/ckeditor5-horizontal-line-44.1.0.tgz 0ms (cache hit)
494 http cache @ckeditor/ckeditor5-heading@https://registry.npmjs.org/@ckeditor/ckeditor5-heading/-/ckeditor5-heading-44.1.0.tgz 0ms (cache hit)
495 http cache @ckeditor/ckeditor5-find-and-replace@https://registry.npmjs.org/@ckeditor/ckeditor5-find-and-replace/-/ckeditor5-find-and-replace-44.1.0.tgz 0ms (cache hit)
496 http cache @ckeditor/ckeditor5-essentials@https://registry.npmjs.org/@ckeditor/ckeditor5-essentials/-/ckeditor5-essentials-44.1.0.tgz 0ms (cache hit)
497 http cache @ckeditor/ckeditor5-font@https://registry.npmjs.org/@ckeditor/ckeditor5-font/-/ckeditor5-font-44.1.0.tgz 0ms (cache hit)
498 http cache @ckeditor/ckeditor5-engine@https://registry.npmjs.org/@ckeditor/ckeditor5-engine/-/ckeditor5-engine-44.1.0.tgz 0ms (cache hit)
499 http cache @ckeditor/ckeditor5-enter@https://registry.npmjs.org/@ckeditor/ckeditor5-enter/-/ckeditor5-enter-44.1.0.tgz 0ms (cache hit)
500 http cache @ckeditor/ckeditor5-editor-multi-root@https://registry.npmjs.org/@ckeditor/ckeditor5-editor-multi-root/-/ckeditor5-editor-multi-root-44.1.0.tgz 0ms (cache hit)
501 http cache @ckeditor/ckeditor5-editor-inline@https://registry.npmjs.org/@ckeditor/ckeditor5-editor-inline/-/ckeditor5-editor-inline-44.1.0.tgz 0ms (cache hit)
502 http cache @ckeditor/ckeditor5-editor-classic@https://registry.npmjs.org/@ckeditor/ckeditor5-editor-classic/-/ckeditor5-editor-classic-44.1.0.tgz 0ms (cache hit)
503 http cache @ckeditor/ckeditor5-editor-decoupled@https://registry.npmjs.org/@ckeditor/ckeditor5-editor-decoupled/-/ckeditor5-editor-decoupled-44.1.0.tgz 0ms (cache hit)
504 http cache @ckeditor/ckeditor5-easy-image@https://registry.npmjs.org/@ckeditor/ckeditor5-easy-image/-/ckeditor5-easy-image-44.1.0.tgz 0ms (cache hit)
505 http cache @ckeditor/ckeditor5-core@https://registry.npmjs.org/@ckeditor/ckeditor5-core/-/ckeditor5-core-44.1.0.tgz 0ms (cache hit)
506 http cache @ckeditor/ckeditor5-code-block@https://registry.npmjs.org/@ckeditor/ckeditor5-code-block/-/ckeditor5-code-block-44.1.0.tgz 0ms (cache hit)
507 http cache @ckeditor/ckeditor5-editor-balloon@https://registry.npmjs.org/@ckeditor/ckeditor5-editor-balloon/-/ckeditor5-editor-balloon-44.1.0.tgz 0ms (cache hit)
508 http cache @ckeditor/ckeditor5-cloud-services@https://registry.npmjs.org/@ckeditor/ckeditor5-cloud-services/-/ckeditor5-cloud-services-44.1.0.tgz 0ms (cache hit)
509 http cache @ckeditor/ckeditor5-ckfinder@https://registry.npmjs.org/@ckeditor/ckeditor5-ckfinder/-/ckeditor5-ckfinder-44.1.0.tgz 0ms (cache hit)
510 http cache @ckeditor/ckeditor5-ckbox@https://registry.npmjs.org/@ckeditor/ckeditor5-ckbox/-/ckeditor5-ckbox-44.1.0.tgz 0ms (cache hit)
511 http cache @ckeditor/ckeditor5-bookmark@https://registry.npmjs.org/@ckeditor/ckeditor5-bookmark/-/ckeditor5-bookmark-44.1.0.tgz 0ms (cache hit)
512 http cache @ckeditor/ckeditor5-clipboard@https://registry.npmjs.org/@ckeditor/ckeditor5-clipboard/-/ckeditor5-clipboard-44.1.0.tgz 0ms (cache hit)
513 http cache @ckeditor/ckeditor5-block-quote@https://registry.npmjs.org/@ckeditor/ckeditor5-block-quote/-/ckeditor5-block-quote-44.1.0.tgz 0ms (cache hit)
514 http cache @ckeditor/ckeditor5-autoformat@https://registry.npmjs.org/@ckeditor/ckeditor5-autoformat/-/ckeditor5-autoformat-44.1.0.tgz 0ms (cache hit)
515 http cache @ckeditor/ckeditor5-basic-styles@https://registry.npmjs.org/@ckeditor/ckeditor5-basic-styles/-/ckeditor5-basic-styles-44.1.0.tgz 0ms (cache hit)
516 http cache @ckeditor/ckeditor5-autosave@https://registry.npmjs.org/@ckeditor/ckeditor5-autosave/-/ckeditor5-autosave-44.1.0.tgz 0ms (cache hit)
517 http cache @ckeditor/ckeditor5-adapter-ckfinder@https://registry.npmjs.org/@ckeditor/ckeditor5-adapter-ckfinder/-/ckeditor5-adapter-ckfinder-44.1.0.tgz 0ms (cache hit)
518 http cache @babel/types@https://registry.npmjs.org/@babel/types/-/types-7.28.2.tgz 0ms (cache hit)
519 http cache @babel/traverse@https://registry.npmjs.org/@babel/traverse/-/traverse-7.26.7.tgz 0ms (cache hit)
520 http cache @babel/template@https://registry.npmjs.org/@babel/template/-/template-7.27.2.tgz 0ms (cache hit)
521 http cache @ckeditor/ckeditor5-alignment@https://registry.npmjs.org/@ckeditor/ckeditor5-alignment/-/ckeditor5-alignment-44.1.0.tgz 0ms (cache hit)
522 http cache @babel/plugin-transform-react-jsx-self@https://registry.npmjs.org/@babel/plugin-transform-react-jsx-self/-/plugin-transform-react-jsx-self-7.25.9.tgz 0ms (cache hit)
523 http cache @babel/plugin-transform-react-jsx-source@https://registry.npmjs.org/@babel/plugin-transform-react-jsx-source/-/plugin-transform-react-jsx-source-7.25.9.tgz 0ms (cache hit)
524 http cache @babel/runtime@https://registry.npmjs.org/@babel/runtime/-/runtime-7.28.2.tgz 0ms (cache hit)
525 http cache @babel/parser@https://registry.npmjs.org/@babel/parser/-/parser-7.28.0.tgz 0ms (cache hit)
526 http cache @babel/helpers@https://registry.npmjs.org/@babel/helpers/-/helpers-7.28.2.tgz 0ms (cache hit)
527 http cache @babel/helper-validator-option@https://registry.npmjs.org/@babel/helper-validator-option/-/helper-validator-option-7.25.9.tgz 0ms (cache hit)
528 http cache @babel/helper-validator-identifier@https://registry.npmjs.org/@babel/helper-validator-identifier/-/helper-validator-identifier-7.27.1.tgz 0ms (cache hit)
529 http cache @babel/helper-string-parser@https://registry.npmjs.org/@babel/helper-string-parser/-/helper-string-parser-7.27.1.tgz 0ms (cache hit)
530 http cache @babel/helper-plugin-utils@https://registry.npmjs.org/@babel/helper-plugin-utils/-/helper-plugin-utils-7.26.5.tgz 0ms (cache hit)
531 http cache @babel/helper-module-transforms@https://registry.npmjs.org/@babel/helper-module-transforms/-/helper-module-transforms-7.26.0.tgz 0ms (cache hit)
532 http cache @babel/generator@https://registry.npmjs.org/@babel/generator/-/generator-7.26.5.tgz 0ms (cache hit)
533 http cache @babel/helper-compilation-targets@https://registry.npmjs.org/@babel/helper-compilation-targets/-/helper-compilation-targets-7.26.5.tgz 0ms (cache hit)
534 http cache @babel/core@https://registry.npmjs.org/@babel/core/-/core-7.26.7.tgz 0ms (cache hit)
535 http cache @babel/code-frame@https://registry.npmjs.org/@babel/code-frame/-/code-frame-7.27.1.tgz 0ms (cache hit)
536 http cache @alloc/quick-lru@https://registry.npmjs.org/@alloc/quick-lru/-/quick-lru-5.2.0.tgz 0ms (cache hit)
537 http cache @ampproject/remapping@https://registry.npmjs.org/@ampproject/remapping/-/remapping-2.3.0.tgz 0ms (cache hit)
538 http cache @babel/compat-data@https://registry.npmjs.org/@babel/compat-data/-/compat-data-7.26.5.tgz 0ms (cache hit)
539 http cache @babel/helper-module-imports@https://registry.npmjs.org/@babel/helper-module-imports/-/helper-module-imports-7.25.9.tgz 0ms (cache hit)
540 http cache strip-ansi@https://registry.npmjs.org/strip-ansi/-/strip-ansi-6.0.1.tgz 0ms (cache hit)
541 http cache string-width@https://registry.npmjs.org/string-width/-/string-width-4.2.3.tgz 0ms (cache hit)
542 http cache is-fullwidth-code-point@https://registry.npmjs.org/is-fullwidth-code-point/-/is-fullwidth-code-point-3.0.0.tgz 0ms (cache hit)
543 http cache emoji-regex@https://registry.npmjs.org/emoji-regex/-/emoji-regex-8.0.0.tgz 0ms (cache hit)
544 http cache ansi-regex@https://registry.npmjs.org/ansi-regex/-/ansi-regex-5.0.1.tgz 0ms (cache hit)
545 http cache ansi-styles@https://registry.npmjs.org/ansi-styles/-/ansi-styles-6.2.1.tgz 0ms (cache hit)
546 http cache commander@https://registry.npmjs.org/commander/-/commander-4.1.1.tgz 0ms (cache hit)
547 http cache emoji-regex@https://registry.npmjs.org/emoji-regex/-/emoji-regex-8.0.0.tgz 0ms (cache hit)
548 http cache strip-ansi@https://registry.npmjs.org/strip-ansi/-/strip-ansi-6.0.1.tgz 0ms (cache hit)
549 http cache ansi-regex@https://registry.npmjs.org/ansi-regex/-/ansi-regex-5.0.1.tgz 0ms (cache hit)
550 http cache ansi-regex@https://registry.npmjs.org/ansi-regex/-/ansi-regex-5.0.1.tgz 0ms (cache hit)
551 http cache is-fullwidth-code-point@https://registry.npmjs.org/is-fullwidth-code-point/-/is-fullwidth-code-point-3.0.0.tgz 0ms (cache hit)
552 http cache ansi-styles@https://registry.npmjs.org/ansi-styles/-/ansi-styles-6.2.1.tgz 0ms (cache hit)
553 http cache onetime@https://registry.npmjs.org/onetime/-/onetime-7.0.0.tgz 0ms (cache hit)
554 http cache eventemitter3@https://registry.npmjs.org/eventemitter3/-/eventemitter3-4.0.7.tgz 0ms (cache hit)
555 http cache react-is@https://registry.npmjs.org/react-is/-/react-is-18.3.1.tgz 0ms (cache hit)
556 http cache lru-cache@https://registry.npmjs.org/lru-cache/-/lru-cache-10.4.3.tgz 0ms (cache hit)
557 http cache path-key@https://registry.npmjs.org/path-key/-/path-key-4.0.0.tgz 0ms (cache hit)
558 http cache slice-ansi@https://registry.npmjs.org/slice-ansi/-/slice-ansi-7.1.0.tgz 0ms (cache hit)
559 http cache is-fullwidth-code-point@https://registry.npmjs.org/is-fullwidth-code-point/-/is-fullwidth-code-point-5.0.0.tgz 0ms (cache hit)
560 http cache ansi-styles@https://registry.npmjs.org/ansi-styles/-/ansi-styles-6.2.1.tgz 0ms (cache hit)
561 http cache chalk@https://registry.npmjs.org/chalk/-/chalk-5.4.1.tgz 0ms (cache hit)
562 http cache glob-parent@https://registry.npmjs.org/glob-parent/-/glob-parent-5.1.2.tgz 0ms (cache hit)
563 http cache eslint-visitor-keys@https://registry.npmjs.org/eslint-visitor-keys/-/eslint-visitor-keys-4.2.1.tgz 0ms (cache hit)
564 http cache eslint-visitor-keys@https://registry.npmjs.org/eslint-visitor-keys/-/eslint-visitor-keys-4.2.1.tgz 0ms (cache hit)
565 http cache brace-expansion@https://registry.npmjs.org/brace-expansion/-/brace-expansion-1.1.12.tgz 0ms (cache hit)
566 http cache regenerator-runtime@https://registry.npmjs.org/regenerator-runtime/-/regenerator-runtime-0.13.11.tgz 0ms (cache hit)
567 http cache minimatch@https://registry.npmjs.org/minimatch/-/minimatch-3.1.2.tgz 0ms (cache hit)
568 http cache glob-parent@https://registry.npmjs.org/glob-parent/-/glob-parent-5.1.2.tgz 0ms (cache hit)
569 http cache eslint-visitor-keys@https://registry.npmjs.org/eslint-visitor-keys/-/eslint-visitor-keys-4.2.0.tgz 0ms (cache hit)
570 http cache postcss-selector-parser@https://registry.npmjs.org/postcss-selector-parser/-/postcss-selector-parser-6.0.10.tgz 1ms (cache hit)
571 http cache @radix-ui/react-primitive@https://registry.npmjs.org/@radix-ui/react-primitive/-/react-primitive-2.0.2.tgz 0ms (cache hit)
572 http cache @radix-ui/react-portal@https://registry.npmjs.org/@radix-ui/react-portal/-/react-portal-1.1.4.tgz 0ms (cache hit)
573 http cache @radix-ui/react-arrow@https://registry.npmjs.org/@radix-ui/react-arrow/-/react-arrow-1.1.2.tgz 0ms (cache hit)
574 http cache @radix-ui/react-popper@https://registry.npmjs.org/@radix-ui/react-popper/-/react-popper-1.2.2.tgz 0ms (cache hit)
575 http cache @radix-ui/react-dismissable-layer@https://registry.npmjs.org/@radix-ui/react-dismissable-layer/-/react-dismissable-layer-1.1.5.tgz 0ms (cache hit)
576 http cache @radix-ui/react-slot@https://registry.npmjs.org/@radix-ui/react-slot/-/react-slot-1.1.2.tgz 0ms (cache hit)
577 http cache string-width@https://registry.npmjs.org/string-width/-/string-width-5.1.2.tgz 0ms (cache hit)
578 http cache ansi-styles@https://registry.npmjs.org/ansi-styles/-/ansi-styles-6.2.1.tgz 0ms (cache hit)
579 http cache wrap-ansi@https://registry.npmjs.org/wrap-ansi/-/wrap-ansi-8.1.0.tgz 0ms (cache hit)
580 http cache emoji-regex@https://registry.npmjs.org/emoji-regex/-/emoji-regex-9.2.2.tgz 0ms (cache hit)
581 http cache minimatch@https://registry.npmjs.org/minimatch/-/minimatch-3.1.2.tgz 0ms (cache hit)
582 http cache brace-expansion@https://registry.npmjs.org/brace-expansion/-/brace-expansion-1.1.12.tgz 0ms (cache hit)
583 http cache globals@https://registry.npmjs.org/globals/-/globals-14.0.0.tgz 0ms (cache hit)
584 http cache @humanwhocodes/retry@https://registry.npmjs.org/@humanwhocodes/retry/-/retry-0.3.1.tgz 0ms (cache hit)
585 http cache brace-expansion@https://registry.npmjs.org/brace-expansion/-/brace-expansion-1.1.12.tgz 0ms (cache hit)
586 http cache minimatch@https://registry.npmjs.org/minimatch/-/minimatch-3.1.2.tgz 0ms (cache hit)
587 http cache semver@https://registry.npmjs.org/semver/-/semver-6.3.1.tgz 0ms (cache hit)
588 http cache semver@https://registry.npmjs.org/semver/-/semver-6.3.1.tgz 0ms (cache hit)
589 silly tarball no local data for yaml@https://registry.npmjs.org/yaml/-/yaml-2.7.0.tgz. Extracting by manifest.
590 silly tarball no local data for yallist@https://registry.npmjs.org/yallist/-/yallist-3.1.1.tgz. Extracting by manifest.
591 silly tarball no local data for wrap-ansi-cjs@https://registry.npmjs.org/wrap-ansi/-/wrap-ansi-7.0.0.tgz. Extracting by manifest.
592 silly tarball no local data for wrap-ansi@https://registry.npmjs.org/wrap-ansi/-/wrap-ansi-9.0.0.tgz. Extracting by manifest.
593 silly tarball no local data for yocto-queue@https://registry.npmjs.org/yocto-queue/-/yocto-queue-0.1.0.tgz. Extracting by manifest.
594 silly tarball no local data for word-wrap@https://registry.npmjs.org/word-wrap/-/word-wrap-1.2.5.tgz. Extracting by manifest.
595 silly tarball no local data for vite-plugin-full-reload@https://registry.npmjs.org/vite-plugin-full-reload/-/vite-plugin-full-reload-1.2.0.tgz. Extracting by manifest.
596 silly tarball no local data for which@https://registry.npmjs.org/which/-/which-2.0.2.tgz. Extracting by manifest.
597 silly tarball no local data for victory-vendor@https://registry.npmjs.org/victory-vendor/-/victory-vendor-36.9.2.tgz. Extracting by manifest.
598 silly tarball no local data for vite@https://registry.npmjs.org/vite/-/vite-5.4.19.tgz. Extracting by manifest.
599 silly tarball no local data for uuid@https://registry.npmjs.org/uuid/-/uuid-10.0.0.tgz. Extracting by manifest.
600 silly tarball no local data for utrie@https://registry.npmjs.org/utrie/-/utrie-1.0.2.tgz. Extracting by manifest.
601 silly tarball no local data for vanilla-colorful@https://registry.npmjs.org/vanilla-colorful/-/vanilla-colorful-0.7.2.tgz. Extracting by manifest.
602 silly tarball no local data for use-sync-external-store@https://registry.npmjs.org/use-sync-external-store/-/use-sync-external-store-1.4.0.tgz. Extracting by manifest.
603 silly tarball no local data for use-sidecar@https://registry.npmjs.org/use-sidecar/-/use-sidecar-1.1.3.tgz. Extracting by manifest.
604 silly tarball no local data for use-callback-ref@https://registry.npmjs.org/use-callback-ref/-/use-callback-ref-1.3.3.tgz. Extracting by manifest.
605 silly tarball no local data for update-browserslist-db@https://registry.npmjs.org/update-browserslist-db/-/update-browserslist-db-1.1.2.tgz. Extracting by manifest.
606 silly tarball no local data for util-deprecate@https://registry.npmjs.org/util-deprecate/-/util-deprecate-1.0.2.tgz. Extracting by manifest.
607 silly tarball no local data for uri-js@https://registry.npmjs.org/uri-js/-/uri-js-4.4.1.tgz. Extracting by manifest.
608 silly tarball no local data for undici-types@https://registry.npmjs.org/undici-types/-/undici-types-5.26.5.tgz. Extracting by manifest.
609 silly tarball no local data for type-check@https://registry.npmjs.org/type-check/-/type-check-0.4.0.tgz. Extracting by manifest.
610 silly tarball no local data for turndown-plugin-gfm@https://registry.npmjs.org/turndown-plugin-gfm/-/turndown-plugin-gfm-1.0.2.tgz. Extracting by manifest.
611 silly tarball no local data for typescript@https://registry.npmjs.org/typescript/-/typescript-5.7.3.tgz. Extracting by manifest.
612 silly tarball no local data for turndown@https://registry.npmjs.org/turndown/-/turndown-7.2.0.tgz. Extracting by manifest.
613 silly tarball no local data for tslib@https://registry.npmjs.org/tslib/-/tslib-2.8.1.tgz. Extracting by manifest.
614 silly tarball no local data for ts-api-utils@https://registry.npmjs.org/ts-api-utils/-/ts-api-utils-2.0.0.tgz. Extracting by manifest.
615 silly tarball no local data for to-regex-range@https://registry.npmjs.org/to-regex-range/-/to-regex-range-5.0.1.tgz. Extracting by manifest.
616 silly tarball no local data for ts-interface-checker@https://registry.npmjs.org/ts-interface-checker/-/ts-interface-checker-0.1.13.tgz. Extracting by manifest.
617 silly tarball no local data for tinymce@https://registry.npmjs.org/tinymce/-/tinymce-7.6.1.tgz. Extracting by manifest.
618 silly tarball no local data for tiny-invariant@https://registry.npmjs.org/tiny-invariant/-/tiny-invariant-1.3.3.tgz. Extracting by manifest.
619 silly tarball no local data for thenify@https://registry.npmjs.org/thenify/-/thenify-3.3.1.tgz. Extracting by manifest.
620 silly tarball no local data for tailwindcss-animate@https://registry.npmjs.org/tailwindcss-animate/-/tailwindcss-animate-1.0.7.tgz. Extracting by manifest.
621 silly tarball no local data for text-segmentation@https://registry.npmjs.org/text-segmentation/-/text-segmentation-1.0.3.tgz. Extracting by manifest.
622 silly tarball no local data for tailwindcss@https://registry.npmjs.org/tailwindcss/-/tailwindcss-3.4.17.tgz. Extracting by manifest.
623 silly tarball no local data for thenify-all@https://registry.npmjs.org/thenify-all/-/thenify-all-1.6.0.tgz. Extracting by manifest.
624 silly tarball no local data for tailwind-merge@https://registry.npmjs.org/tailwind-merge/-/tailwind-merge-2.6.0.tgz. Extracting by manifest.
625 silly tarball no local data for supports-preserve-symlinks-flag@https://registry.npmjs.org/supports-preserve-symlinks-flag/-/supports-preserve-symlinks-flag-1.0.0.tgz. Extracting by manifest.
626 silly tarball no local data for tabbable@https://registry.npmjs.org/tabbable/-/tabbable-6.2.0.tgz. Extracting by manifest.
627 silly tarball no local data for supports-color@https://registry.npmjs.org/supports-color/-/supports-color-7.2.0.tgz. Extracting by manifest.
628 silly tarball no local data for svg-pathdata@https://registry.npmjs.org/svg-pathdata/-/svg-pathdata-6.0.3.tgz. Extracting by manifest.
629 silly tarball no local data for sucrase@https://registry.npmjs.org/sucrase/-/sucrase-3.35.0.tgz. Extracting by manifest.
630 silly tarball no local data for strip-final-newline@https://registry.npmjs.org/strip-final-newline/-/strip-final-newline-3.0.0.tgz. Extracting by manifest.
631 silly tarball no local data for strip-ansi-cjs@https://registry.npmjs.org/strip-ansi/-/strip-ansi-6.0.1.tgz. Extracting by manifest.
632 silly tarball no local data for strip-json-comments@https://registry.npmjs.org/strip-json-comments/-/strip-json-comments-3.1.1.tgz. Extracting by manifest.
633 silly tarball no local data for string-width-cjs@https://registry.npmjs.org/string-width/-/string-width-4.2.3.tgz. Extracting by manifest.
634 silly tarball no local data for string-argv@https://registry.npmjs.org/string-argv/-/string-argv-0.3.2.tgz. Extracting by manifest.
635 silly tarball no local data for stackblur-canvas@https://registry.npmjs.org/stackblur-canvas/-/stackblur-canvas-2.7.0.tgz. Extracting by manifest.
636 silly tarball no local data for string-width@https://registry.npmjs.org/string-width/-/string-width-7.2.0.tgz. Extracting by manifest.
637 silly tarball no local data for source-map-js@https://registry.npmjs.org/source-map-js/-/source-map-js-1.2.1.tgz. Extracting by manifest.
638 silly tarball no local data for slice-ansi@https://registry.npmjs.org/slice-ansi/-/slice-ansi-5.0.0.tgz. Extracting by manifest.
639 silly tarball no local data for side-channel-weakmap@https://registry.npmjs.org/side-channel-weakmap/-/side-channel-weakmap-1.0.2.tgz. Extracting by manifest.
640 silly tarball no local data for side-channel-map@https://registry.npmjs.org/side-channel-map/-/side-channel-map-1.0.1.tgz. Extracting by manifest.
641 silly tarball no local data for side-channel@https://registry.npmjs.org/side-channel/-/side-channel-1.1.0.tgz. Extracting by manifest.
642 silly tarball no local data for side-channel-list@https://registry.npmjs.org/side-channel-list/-/side-channel-list-1.0.0.tgz. Extracting by manifest.
643 silly tarball no local data for signal-exit@https://registry.npmjs.org/signal-exit/-/signal-exit-4.1.0.tgz. Extracting by manifest.
644 silly tarball no local data for shebang-regex@https://registry.npmjs.org/shebang-regex/-/shebang-regex-3.0.0.tgz. Extracting by manifest.
645 silly tarball no local data for shebang-command@https://registry.npmjs.org/shebang-command/-/shebang-command-2.0.0.tgz. Extracting by manifest.
646 silly tarball no local data for scheduler@https://registry.npmjs.org/scheduler/-/scheduler-0.23.2.tgz. Extracting by manifest.
647 silly tarball no local data for semver@https://registry.npmjs.org/semver/-/semver-7.6.3.tgz. Extracting by manifest.
648 silly tarball no local data for run-parallel@https://registry.npmjs.org/run-parallel/-/run-parallel-1.2.0.tgz. Extracting by manifest.
649 silly tarball no local data for rfdc@https://registry.npmjs.org/rfdc/-/rfdc-1.4.1.tgz. Extracting by manifest.
650 silly tarball no local data for rollup@https://registry.npmjs.org/rollup/-/rollup-4.32.1.tgz. Extracting by manifest.
651 silly tarball no local data for reusify@https://registry.npmjs.org/reusify/-/reusify-1.0.4.tgz. Extracting by manifest.
652 silly tarball no local data for restore-cursor@https://registry.npmjs.org/restore-cursor/-/restore-cursor-5.1.0.tgz. Extracting by manifest.
653 silly tarball no local data for resolve-from@https://registry.npmjs.org/resolve-from/-/resolve-from-4.0.0.tgz. Extracting by manifest.
654 silly tarball no local data for strip-ansi@https://registry.npmjs.org/strip-ansi/-/strip-ansi-7.1.0.tgz. Extracting by manifest.
655 silly tarball no local data for rgbcolor@https://registry.npmjs.org/rgbcolor/-/rgbcolor-1.0.1.tgz. Extracting by manifest.
656 silly tarball no local data for resolve@https://registry.npmjs.org/resolve/-/resolve-1.22.10.tgz. Extracting by manifest.
657 silly tarball no local data for recharts@https://registry.npmjs.org/recharts/-/recharts-2.15.1.tgz. Extracting by manifest.
658 silly tarball no local data for readdirp@https://registry.npmjs.org/readdirp/-/readdirp-3.6.0.tgz. Extracting by manifest.
659 silly tarball no local data for read-cache@https://registry.npmjs.org/read-cache/-/read-cache-1.0.0.tgz. Extracting by manifest.
660 silly tarball no local data for react-transition-group@https://registry.npmjs.org/react-transition-group/-/react-transition-group-4.4.5.tgz. Extracting by manifest.
661 silly tarball no local data for react-style-singleton@https://registry.npmjs.org/react-style-singleton/-/react-style-singleton-2.2.3.tgz. Extracting by manifest.
662 silly tarball no local data for react-smooth@https://registry.npmjs.org/react-smooth/-/react-smooth-4.0.4.tgz. Extracting by manifest.
663 silly tarball no local data for react-remove-scroll-bar@https://registry.npmjs.org/react-remove-scroll-bar/-/react-remove-scroll-bar-2.3.8.tgz. Extracting by manifest.
664 silly tarball no local data for react-remove-scroll@https://registry.npmjs.org/react-remove-scroll/-/react-remove-scroll-2.6.3.tgz. Extracting by manifest.
665 silly tarball no local data for react-refresh@https://registry.npmjs.org/react-refresh/-/react-refresh-0.14.2.tgz. Extracting by manifest.
666 silly tarball no local data for react-is@https://registry.npmjs.org/react-is/-/react-is-16.13.1.tgz. Extracting by manifest.
667 silly tarball no local data for react-dropzone@https://registry.npmjs.org/react-dropzone/-/react-dropzone-14.3.5.tgz. Extracting by manifest.
668 silly tarball no local data for react-day-picker@https://registry.npmjs.org/react-day-picker/-/react-day-picker-8.10.1.tgz. Extracting by manifest.
669 silly tarball no local data for react-dom@https://registry.npmjs.org/react-dom/-/react-dom-18.3.1.tgz. Extracting by manifest.
670 silly tarball no local data for react-currency-input-field@https://registry.npmjs.org/react-currency-input-field/-/react-currency-input-field-3.9.0.tgz. Extracting by manifest.
671 silly tarball no local data for react@https://registry.npmjs.org/react/-/react-18.3.1.tgz. Extracting by manifest.
672 silly tarball no local data for raf@https://registry.npmjs.org/raf/-/raf-3.4.1.tgz. Extracting by manifest.
673 silly tarball no local data for queue-microtask@https://registry.npmjs.org/queue-microtask/-/queue-microtask-1.2.3.tgz. Extracting by manifest.
674 silly tarball no local data for qs@https://registry.npmjs.org/qs/-/qs-6.14.0.tgz. Extracting by manifest.
675 silly tarball no local data for proxy-from-env@https://registry.npmjs.org/proxy-from-env/-/proxy-from-env-1.1.0.tgz. Extracting by manifest.
676 silly tarball no local data for prop-types@https://registry.npmjs.org/prop-types/-/prop-types-15.8.1.tgz. Extracting by manifest.
677 silly tarball no local data for prettier@https://registry.npmjs.org/prettier/-/prettier-3.4.2.tgz. Extracting by manifest.
678 silly tarball no local data for prettier-plugin-tailwindcss@https://registry.npmjs.org/prettier-plugin-tailwindcss/-/prettier-plugin-tailwindcss-0.6.11.tgz. Extracting by manifest.
679 silly tarball no local data for prelude-ls@https://registry.npmjs.org/prelude-ls/-/prelude-ls-1.2.1.tgz. Extracting by manifest.
680 silly tarball no local data for postcss-value-parser@https://registry.npmjs.org/postcss-value-parser/-/postcss-value-parser-4.2.0.tgz. Extracting by manifest.
681 silly tarball no local data for postcss-selector-parser@https://registry.npmjs.org/postcss-selector-parser/-/postcss-selector-parser-6.1.2.tgz. Extracting by manifest.
682 silly tarball no local data for postcss-load-config@https://registry.npmjs.org/postcss-load-config/-/postcss-load-config-4.0.2.tgz. Extracting by manifest.
683 silly tarball no local data for postcss-nested@https://registry.npmjs.org/postcss-nested/-/postcss-nested-6.2.0.tgz. Extracting by manifest.
684 silly tarball no local data for postcss-import@https://registry.npmjs.org/postcss-import/-/postcss-import-15.1.0.tgz. Extracting by manifest.
685 silly tarball no local data for postcss-js@https://registry.npmjs.org/postcss-js/-/postcss-js-4.0.1.tgz. Extracting by manifest.
686 silly tarball no local data for pirates@https://registry.npmjs.org/pirates/-/pirates-4.0.6.tgz. Extracting by manifest.
687 silly tarball no local data for punycode@https://registry.npmjs.org/punycode/-/punycode-2.3.1.tgz. Extracting by manifest.
688 silly tarball no local data for pify@https://registry.npmjs.org/pify/-/pify-2.3.0.tgz. Extracting by manifest.
689 silly tarball no local data for recharts-scale@https://registry.npmjs.org/recharts-scale/-/recharts-scale-0.4.5.tgz. Extracting by manifest.
690 silly tarball no local data for pidtree@https://registry.npmjs.org/pidtree/-/pidtree-0.6.0.tgz. Extracting by manifest.
691 silly tarball no local data for postcss@https://registry.npmjs.org/postcss/-/postcss-8.5.1.tgz. Extracting by manifest.
692 silly tarball no local data for picocolors@https://registry.npmjs.org/picocolors/-/picocolors-1.1.1.tgz. Extracting by manifest.
693 silly tarball no local data for performance-now@https://registry.npmjs.org/performance-now/-/performance-now-2.1.0.tgz. Extracting by manifest.
694 silly tarball no local data for path-scurry@https://registry.npmjs.org/path-scurry/-/path-scurry-1.11.1.tgz. Extracting by manifest.
695 silly tarball no local data for path-parse@https://registry.npmjs.org/path-parse/-/path-parse-1.0.7.tgz. Extracting by manifest.
696 silly tarball no local data for path-exists@https://registry.npmjs.org/path-exists/-/path-exists-4.0.0.tgz. Extracting by manifest.
697 silly tarball no local data for path-key@https://registry.npmjs.org/path-key/-/path-key-3.1.1.tgz. Extracting by manifest.
698 silly tarball no local data for parent-module@https://registry.npmjs.org/parent-module/-/parent-module-1.0.1.tgz. Extracting by manifest.
699 silly tarball no local data for p-locate@https://registry.npmjs.org/p-locate/-/p-locate-5.0.0.tgz. Extracting by manifest.
700 silly tarball no local data for p-limit@https://registry.npmjs.org/p-limit/-/p-limit-3.1.0.tgz. Extracting by manifest.
701 silly tarball no local data for onetime@https://registry.npmjs.org/onetime/-/onetime-6.0.0.tgz. Extracting by manifest.
702 silly tarball no local data for optionator@https://registry.npmjs.org/optionator/-/optionator-0.9.4.tgz. Extracting by manifest.
703 silly tarball no local data for package-json-from-dist@https://registry.npmjs.org/package-json-from-dist/-/package-json-from-dist-1.0.1.tgz. Extracting by manifest.
704 silly tarball no local data for object-inspect@https://registry.npmjs.org/object-inspect/-/object-inspect-1.13.3.tgz. Extracting by manifest.
705 silly tarball no local data for object-hash@https://registry.npmjs.org/object-hash/-/object-hash-3.0.0.tgz. Extracting by manifest.
706 silly tarball no local data for object-assign@https://registry.npmjs.org/object-assign/-/object-assign-4.1.1.tgz. Extracting by manifest.
707 silly tarball no local data for nuqs@https://registry.npmjs.org/nuqs/-/nuqs-2.4.0.tgz. Extracting by manifest.
708 silly tarball no local data for nprogress@https://registry.npmjs.org/nprogress/-/nprogress-0.2.0.tgz. Extracting by manifest.
709 silly tarball no local data for npm-run-path@https://registry.npmjs.org/npm-run-path/-/npm-run-path-5.3.0.tgz. Extracting by manifest.
710 silly tarball no local data for picomatch@https://registry.npmjs.org/picomatch/-/picomatch-2.3.1.tgz. Extracting by manifest.
711 silly tarball no local data for normalize-range@https://registry.npmjs.org/normalize-range/-/normalize-range-0.1.2.tgz. Extracting by manifest.
712 silly tarball no local data for normalize-path@https://registry.npmjs.org/normalize-path/-/normalize-path-3.0.0.tgz. Extracting by manifest.
713 silly tarball no local data for natural-compare@https://registry.npmjs.org/natural-compare/-/natural-compare-1.4.0.tgz. Extracting by manifest.
714 silly tarball no local data for nanoid@https://registry.npmjs.org/nanoid/-/nanoid-3.3.8.tgz. Extracting by manifest.
715 silly tarball no local data for mz@https://registry.npmjs.org/mz/-/mz-2.7.0.tgz. Extracting by manifest.
716 silly tarball no local data for ms@https://registry.npmjs.org/ms/-/ms-2.1.3.tgz. Extracting by manifest.
717 silly tarball no local data for motion-utils@https://registry.npmjs.org/motion-utils/-/motion-utils-11.18.1.tgz. Extracting by manifest.
718 silly tarball no local data for motion-dom@https://registry.npmjs.org/motion-dom/-/motion-dom-11.18.1.tgz. Extracting by manifest.
719 silly tarball no local data for mitt@https://registry.npmjs.org/mitt/-/mitt-3.0.1.tgz. Extracting by manifest.
720 silly tarball no local data for minipass@https://registry.npmjs.org/minipass/-/minipass-7.1.2.tgz. Extracting by manifest.
721 silly tarball no local data for minimatch@https://registry.npmjs.org/minimatch/-/minimatch-9.0.5.tgz. Extracting by manifest.
722 silly tarball no local data for mini-svg-data-uri@https://registry.npmjs.org/mini-svg-data-uri/-/mini-svg-data-uri-1.4.4.tgz. Extracting by manifest.
723 silly tarball no local data for mimic-fn@https://registry.npmjs.org/mimic-fn/-/mimic-fn-4.0.0.tgz. Extracting by manifest.
724 silly tarball no local data for mimic-function@https://registry.npmjs.org/mimic-function/-/mimic-function-5.0.1.tgz. Extracting by manifest.
725 silly tarball no local data for mime-types@https://registry.npmjs.org/mime-types/-/mime-types-2.1.35.tgz. Extracting by manifest.
726 silly tarball no local data for mime-db@https://registry.npmjs.org/mime-db/-/mime-db-1.52.0.tgz. Extracting by manifest.
727 silly tarball no local data for micromatch@https://registry.npmjs.org/micromatch/-/micromatch-4.0.8.tgz. Extracting by manifest.
728 silly tarball no local data for merge2@https://registry.npmjs.org/merge2/-/merge2-1.4.1.tgz. Extracting by manifest.
729 silly tarball no local data for merge-stream@https://registry.npmjs.org/merge-stream/-/merge-stream-2.0.0.tgz. Extracting by manifest.
730 silly tarball no local data for marked@https://registry.npmjs.org/marked/-/marked-4.0.12.tgz. Extracting by manifest.
731 silly tarball no local data for lucide-react@https://registry.npmjs.org/lucide-react/-/lucide-react-0.446.0.tgz. Extracting by manifest.
732 silly tarball no local data for node-releases@https://registry.npmjs.org/node-releases/-/node-releases-2.0.19.tgz. Extracting by manifest.
733 silly tarball no local data for lru-cache@https://registry.npmjs.org/lru-cache/-/lru-cache-5.1.1.tgz. Extracting by manifest.
734 silly tarball no local data for math-intrinsics@https://registry.npmjs.org/math-intrinsics/-/math-intrinsics-1.1.0.tgz. Extracting by manifest.
735 silly tarball no local data for lodash.merge@https://registry.npmjs.org/lodash.merge/-/lodash.merge-4.6.2.tgz. Extracting by manifest.
736 silly tarball no local data for log-update@https://registry.npmjs.org/log-update/-/log-update-6.1.0.tgz. Extracting by manifest.
737 silly tarball no local data for loose-envify@https://registry.npmjs.org/loose-envify/-/loose-envify-1.4.0.tgz. Extracting by manifest.
738 silly tarball no local data for lodash.isequal@https://registry.npmjs.org/lodash.isequal/-/lodash.isequal-4.5.0.tgz. Extracting by manifest.
739 silly tarball no local data for lodash.castarray@https://registry.npmjs.org/lodash.castarray/-/lodash.castarray-4.4.0.tgz. Extracting by manifest.
740 silly tarball no local data for lodash.isplainobject@https://registry.npmjs.org/lodash.isplainobject/-/lodash.isplainobject-4.0.6.tgz. Extracting by manifest.
741 silly tarball no local data for lodash@https://registry.npmjs.org/lodash/-/lodash-4.17.21.tgz. Extracting by manifest.
742 silly tarball no local data for lodash-es@https://registry.npmjs.org/lodash-es/-/lodash-es-4.17.21.tgz. Extracting by manifest.
743 silly tarball no local data for locate-path@https://registry.npmjs.org/locate-path/-/locate-path-6.0.0.tgz. Extracting by manifest.
744 silly tarball no local data for listr2@https://registry.npmjs.org/listr2/-/listr2-8.2.5.tgz. Extracting by manifest.
745 silly tarball no local data for lines-and-columns@https://registry.npmjs.org/lines-and-columns/-/lines-and-columns-1.2.4.tgz. Extracting by manifest.
746 silly tarball no local data for lilconfig@https://registry.npmjs.org/lilconfig/-/lilconfig-3.1.3.tgz. Extracting by manifest.
747 silly tarball no local data for lint-staged@https://registry.npmjs.org/lint-staged/-/lint-staged-15.4.3.tgz. Extracting by manifest.
748 silly tarball no local data for levn@https://registry.npmjs.org/levn/-/levn-0.4.1.tgz. Extracting by manifest.
749 silly tarball no local data for keyv@https://registry.npmjs.org/keyv/-/keyv-4.5.4.tgz. Extracting by manifest.
750 silly tarball no local data for laravel-vite-plugin@https://registry.npmjs.org/laravel-vite-plugin/-/laravel-vite-plugin-1.2.0.tgz. Extracting by manifest.
751 silly tarball no local data for json5@https://registry.npmjs.org/json5/-/json5-2.2.3.tgz. Extracting by manifest.
752 silly tarball no local data for jspdf@https://registry.npmjs.org/jspdf/-/jspdf-2.5.2.tgz. Extracting by manifest.
753 silly tarball no local data for json-schema-traverse@https://registry.npmjs.org/json-schema-traverse/-/json-schema-traverse-0.4.1.tgz. Extracting by manifest.
754 silly tarball no local data for jsesc@https://registry.npmjs.org/jsesc/-/jsesc-3.1.0.tgz. Extracting by manifest.
755 silly tarball no local data for json-buffer@https://registry.npmjs.org/json-buffer/-/json-buffer-3.0.1.tgz. Extracting by manifest.
756 silly tarball no local data for json-stable-stringify-without-jsonify@https://registry.npmjs.org/json-stable-stringify-without-jsonify/-/json-stable-stringify-without-jsonify-1.0.1.tgz. Extracting by manifest.
757 silly tarball no local data for js-tokens@https://registry.npmjs.org/js-tokens/-/js-tokens-4.0.0.tgz. Extracting by manifest.
758 silly tarball no local data for js-yaml@https://registry.npmjs.org/js-yaml/-/js-yaml-4.1.0.tgz. Extracting by manifest.
759 silly tarball no local data for jiti@https://registry.npmjs.org/jiti/-/jiti-1.21.7.tgz. Extracting by manifest.
760 silly tarball no local data for jackspeak@https://registry.npmjs.org/jackspeak/-/jackspeak-3.4.3.tgz. Extracting by manifest.
761 silly tarball no local data for isexe@https://registry.npmjs.org/isexe/-/isexe-2.0.0.tgz. Extracting by manifest.
762 silly tarball no local data for is-stream@https://registry.npmjs.org/is-stream/-/is-stream-3.0.0.tgz. Extracting by manifest.
763 silly tarball no local data for is-number@https://registry.npmjs.org/is-number/-/is-number-7.0.0.tgz. Extracting by manifest.
764 silly tarball no local data for js-cookie@https://registry.npmjs.org/js-cookie/-/js-cookie-3.0.5.tgz. Extracting by manifest.
765 silly tarball no local data for is-extglob@https://registry.npmjs.org/is-extglob/-/is-extglob-2.1.1.tgz. Extracting by manifest.
766 silly tarball no local data for is-glob@https://registry.npmjs.org/is-glob/-/is-glob-4.0.3.tgz. Extracting by manifest.
767 silly tarball no local data for is-fullwidth-code-point@https://registry.npmjs.org/is-fullwidth-code-point/-/is-fullwidth-code-point-4.0.0.tgz. Extracting by manifest.
768 silly tarball no local data for is-binary-path@https://registry.npmjs.org/is-binary-path/-/is-binary-path-2.1.0.tgz. Extracting by manifest.
769 silly tarball no local data for is-core-module@https://registry.npmjs.org/is-core-module/-/is-core-module-2.16.1.tgz. Extracting by manifest.
770 silly tarball no local data for imurmurhash@https://registry.npmjs.org/imurmurhash/-/imurmurhash-0.1.4.tgz. Extracting by manifest.
771 silly tarball no local data for import-fresh@https://registry.npmjs.org/import-fresh/-/import-fresh-3.3.1.tgz. Extracting by manifest.
772 silly tarball no local data for human-signals@https://registry.npmjs.org/human-signals/-/human-signals-5.0.0.tgz. Extracting by manifest.
773 silly tarball no local data for ignore@https://registry.npmjs.org/ignore/-/ignore-5.3.2.tgz. Extracting by manifest.
774 silly tarball no local data for husky@https://registry.npmjs.org/husky/-/husky-9.1.7.tgz. Extracting by manifest.
775 silly tarball no local data for html2canvas@https://registry.npmjs.org/html2canvas/-/html2canvas-1.4.1.tgz. Extracting by manifest.
776 silly tarball no local data for internmap@https://registry.npmjs.org/internmap/-/internmap-2.0.3.tgz. Extracting by manifest.
777 silly tarball no local data for has-tostringtag@https://registry.npmjs.org/has-tostringtag/-/has-tostringtag-1.0.2.tgz. Extracting by manifest.
778 silly tarball no local data for has-symbols@https://registry.npmjs.org/has-symbols/-/has-symbols-1.1.0.tgz. Extracting by manifest.
779 silly tarball no local data for hasown@https://registry.npmjs.org/hasown/-/hasown-2.0.2.tgz. Extracting by manifest.
780 silly tarball no local data for has-flag@https://registry.npmjs.org/has-flag/-/has-flag-4.0.0.tgz. Extracting by manifest.
781 silly tarball no local data for glob-parent@https://registry.npmjs.org/glob-parent/-/glob-parent-6.0.2.tgz. Extracting by manifest.
782 silly tarball no local data for globals@https://registry.npmjs.org/globals/-/globals-11.12.0.tgz. Extracting by manifest.
783 silly tarball no local data for gopd@https://registry.npmjs.org/gopd/-/gopd-1.2.0.tgz. Extracting by manifest.
784 silly tarball no local data for get-proto@https://registry.npmjs.org/get-proto/-/get-proto-1.0.1.tgz. Extracting by manifest.
785 silly tarball no local data for get-stream@https://registry.npmjs.org/get-stream/-/get-stream-8.0.1.tgz. Extracting by manifest.
786 silly tarball no local data for get-nonce@https://registry.npmjs.org/get-nonce/-/get-nonce-1.0.1.tgz. Extracting by manifest.
787 silly tarball no local data for get-intrinsic@https://registry.npmjs.org/get-intrinsic/-/get-intrinsic-1.2.7.tgz. Extracting by manifest.
788 silly tarball no local data for gensync@https://registry.npmjs.org/gensync/-/gensync-1.0.0-beta.2.tgz. Extracting by manifest.
789 silly tarball no local data for get-east-asian-width@https://registry.npmjs.org/get-east-asian-width/-/get-east-asian-width-1.3.0.tgz. Extracting by manifest.
790 silly tarball no local data for function-bind@https://registry.npmjs.org/function-bind/-/function-bind-1.1.2.tgz. Extracting by manifest.
791 silly tarball no local data for fsevents@https://registry.npmjs.org/fsevents/-/fsevents-2.3.3.tgz. Extracting by manifest.
792 silly tarball no local data for fraction.js@https://registry.npmjs.org/fraction.js/-/fraction.js-4.3.7.tgz. Extracting by manifest.
793 silly tarball no local data for form-data@https://registry.npmjs.org/form-data/-/form-data-4.0.4.tgz. Extracting by manifest.
794 silly tarball no local data for foreground-child@https://registry.npmjs.org/foreground-child/-/foreground-child-3.3.0.tgz. Extracting by manifest.
795 silly tarball no local data for follow-redirects@https://registry.npmjs.org/follow-redirects/-/follow-redirects-1.15.9.tgz. Extracting by manifest.
796 silly tarball no local data for framer-motion@https://registry.npmjs.org/framer-motion/-/framer-motion-11.18.2.tgz. Extracting by manifest.
797 silly tarball no local data for flatted@https://registry.npmjs.org/flatted/-/flatted-3.3.2.tgz. Extracting by manifest.
798 silly tarball no local data for flat-cache@https://registry.npmjs.org/flat-cache/-/flat-cache-4.0.1.tgz. Extracting by manifest.
799 silly tarball no local data for glob@https://registry.npmjs.org/glob/-/glob-10.4.5.tgz. Extracting by manifest.
800 silly tarball no local data for file-selector@https://registry.npmjs.org/file-selector/-/file-selector-2.1.2.tgz. Extracting by manifest.
801 silly tarball no local data for fill-range@https://registry.npmjs.org/fill-range/-/fill-range-7.1.1.tgz. Extracting by manifest.
802 silly tarball no local data for find-up@https://registry.npmjs.org/find-up/-/find-up-5.0.0.tgz. Extracting by manifest.
803 silly tarball no local data for file-entry-cache@https://registry.npmjs.org/file-entry-cache/-/file-entry-cache-8.0.0.tgz. Extracting by manifest.
804 silly tarball no local data for fast-levenshtein@https://registry.npmjs.org/fast-levenshtein/-/fast-levenshtein-2.0.6.tgz. Extracting by manifest.
805 silly tarball no local data for fflate@https://registry.npmjs.org/fflate/-/fflate-0.8.2.tgz. Extracting by manifest.
806 silly tarball no local data for fastq@https://registry.npmjs.org/fastq/-/fastq-1.18.0.tgz. Extracting by manifest.
807 silly tarball no local data for fast-json-stable-stringify@https://registry.npmjs.org/fast-json-stable-stringify/-/fast-json-stable-stringify-2.1.0.tgz. Extracting by manifest.
808 silly tarball no local data for fast-glob@https://registry.npmjs.org/fast-glob/-/fast-glob-3.3.3.tgz. Extracting by manifest.
809 silly tarball no local data for fast-equals@https://registry.npmjs.org/fast-equals/-/fast-equals-5.2.2.tgz. Extracting by manifest.
810 silly tarball no local data for eventemitter3@https://registry.npmjs.org/eventemitter3/-/eventemitter3-5.0.1.tgz. Extracting by manifest.
811 silly tarball no local data for execa@https://registry.npmjs.org/execa/-/execa-8.0.1.tgz. Extracting by manifest.
812 silly tarball no local data for estraverse@https://registry.npmjs.org/estraverse/-/estraverse-5.3.0.tgz. Extracting by manifest.
813 silly tarball no local data for esquery@https://registry.npmjs.org/esquery/-/esquery-1.6.0.tgz. Extracting by manifest.
814 silly tarball no local data for esrecurse@https://registry.npmjs.org/esrecurse/-/esrecurse-4.3.0.tgz. Extracting by manifest.
815 silly tarball no local data for esutils@https://registry.npmjs.org/esutils/-/esutils-2.0.3.tgz. Extracting by manifest.
816 silly tarball no local data for eslint-visitor-keys@https://registry.npmjs.org/eslint-visitor-keys/-/eslint-visitor-keys-3.4.3.tgz. Extracting by manifest.
817 silly tarball no local data for eslint-scope@https://registry.npmjs.org/eslint-scope/-/eslint-scope-8.4.0.tgz. Extracting by manifest.
818 silly tarball no local data for escape-string-regexp@https://registry.npmjs.org/escape-string-regexp/-/escape-string-regexp-4.0.0.tgz. Extracting by manifest.
819 silly tarball no local data for escalade@https://registry.npmjs.org/escalade/-/escalade-3.2.0.tgz. Extracting by manifest.
820 silly tarball no local data for fast-deep-equal@https://registry.npmjs.org/fast-deep-equal/-/fast-deep-equal-3.1.3.tgz. Extracting by manifest.
821 silly tarball no local data for esbuild@https://registry.npmjs.org/esbuild/-/esbuild-0.21.5.tgz. Extracting by manifest.
822 silly tarball no local data for eslint@https://registry.npmjs.org/eslint/-/eslint-9.32.0.tgz. Extracting by manifest.
823 silly tarball no local data for es-set-tostringtag@https://registry.npmjs.org/es-set-tostringtag/-/es-set-tostringtag-2.1.0.tgz. Extracting by manifest.
824 silly tarball no local data for es-object-atoms@https://registry.npmjs.org/es-object-atoms/-/es-object-atoms-1.1.1.tgz. Extracting by manifest.
825 silly tarball no local data for environment@https://registry.npmjs.org/environment/-/environment-1.1.0.tgz. Extracting by manifest.
826 silly tarball no local data for es-errors@https://registry.npmjs.org/es-errors/-/es-errors-1.3.0.tgz. Extracting by manifest.
827 silly tarball no local data for emoji-regex@https://registry.npmjs.org/emoji-regex/-/emoji-regex-10.4.0.tgz. Extracting by manifest.
828 silly tarball no local data for es-define-property@https://registry.npmjs.org/es-define-property/-/es-define-property-1.0.1.tgz. Extracting by manifest.
829 silly tarball no local data for dunder-proto@https://registry.npmjs.org/dunder-proto/-/dunder-proto-1.0.1.tgz. Extracting by manifest.
830 silly tarball no local data for dom-helpers@https://registry.npmjs.org/dom-helpers/-/dom-helpers-5.2.1.tgz. Extracting by manifest.
831 silly tarball no local data for dompurify@https://registry.npmjs.org/dompurify/-/dompurify-2.5.8.tgz. Extracting by manifest.
832 silly tarball no local data for eastasianwidth@https://registry.npmjs.org/eastasianwidth/-/eastasianwidth-0.2.0.tgz. Extracting by manifest.
833 silly tarball no local data for espree@https://registry.npmjs.org/espree/-/espree-10.4.0.tgz. Extracting by manifest.
834 silly tarball no local data for electron-to-chromium@https://registry.npmjs.org/electron-to-chromium/-/electron-to-chromium-1.5.88.tgz. Extracting by manifest.
835 silly tarball no local data for didyoumean@https://registry.npmjs.org/didyoumean/-/didyoumean-1.2.2.tgz. Extracting by manifest.
836 silly tarball no local data for deepmerge@https://registry.npmjs.org/deepmerge/-/deepmerge-4.3.1.tgz. Extracting by manifest.
837 silly tarball no local data for detect-node-es@https://registry.npmjs.org/detect-node-es/-/detect-node-es-1.1.0.tgz. Extracting by manifest.
838 silly tarball no local data for delayed-stream@https://registry.npmjs.org/delayed-stream/-/delayed-stream-1.0.0.tgz. Extracting by manifest.
839 silly tarball no local data for dlv@https://registry.npmjs.org/dlv/-/dlv-1.1.3.tgz. Extracting by manifest.
840 silly tarball no local data for deep-is@https://registry.npmjs.org/deep-is/-/deep-is-0.1.4.tgz. Extracting by manifest.
841 silly tarball no local data for decimal.js-light@https://registry.npmjs.org/decimal.js-light/-/decimal.js-light-2.5.1.tgz. Extracting by manifest.
842 silly tarball no local data for dayjs@https://registry.npmjs.org/dayjs/-/dayjs-1.11.13.tgz. Extracting by manifest.
843 silly tarball no local data for debug@https://registry.npmjs.org/debug/-/debug-4.4.0.tgz. Extracting by manifest.
844 silly tarball no local data for date-fns@https://registry.npmjs.org/date-fns/-/date-fns-3.6.0.tgz. Extracting by manifest.
845 silly tarball no local data for d3-timer@https://registry.npmjs.org/d3-timer/-/d3-timer-3.0.1.tgz. Extracting by manifest.
846 silly tarball no local data for d3-time-format@https://registry.npmjs.org/d3-time-format/-/d3-time-format-4.1.0.tgz. Extracting by manifest.
847 silly tarball no local data for d3-time@https://registry.npmjs.org/d3-time/-/d3-time-3.1.0.tgz. Extracting by manifest.
848 silly tarball no local data for d3-scale@https://registry.npmjs.org/d3-scale/-/d3-scale-4.0.2.tgz. Extracting by manifest.
849 silly tarball no local data for d3-interpolate@https://registry.npmjs.org/d3-interpolate/-/d3-interpolate-3.0.1.tgz. Extracting by manifest.
850 silly tarball no local data for d3-path@https://registry.npmjs.org/d3-path/-/d3-path-3.1.0.tgz. Extracting by manifest.
851 silly tarball no local data for d3-shape@https://registry.npmjs.org/d3-shape/-/d3-shape-3.2.0.tgz. Extracting by manifest.
852 silly tarball no local data for d3-format@https://registry.npmjs.org/d3-format/-/d3-format-3.1.0.tgz. Extracting by manifest.
853 silly tarball no local data for d3-ease@https://registry.npmjs.org/d3-ease/-/d3-ease-3.0.1.tgz. Extracting by manifest.
854 silly tarball no local data for d3-color@https://registry.npmjs.org/d3-color/-/d3-color-3.1.0.tgz. Extracting by manifest.
855 silly tarball no local data for css-line-break@https://registry.npmjs.org/css-line-break/-/css-line-break-2.1.0.tgz. Extracting by manifest.
856 silly tarball no local data for csstype@https://registry.npmjs.org/csstype/-/csstype-3.1.3.tgz. Extracting by manifest.
857 silly tarball no local data for d3-array@https://registry.npmjs.org/d3-array/-/d3-array-3.2.4.tgz. Extracting by manifest.
858 silly tarball no local data for cross-spawn@https://registry.npmjs.org/cross-spawn/-/cross-spawn-7.0.6.tgz. Extracting by manifest.
859 silly tarball no local data for cssesc@https://registry.npmjs.org/cssesc/-/cssesc-3.0.0.tgz. Extracting by manifest.
860 silly tarball no local data for convert-source-map@https://registry.npmjs.org/convert-source-map/-/convert-source-map-2.0.0.tgz. Extracting by manifest.
861 silly tarball no local data for core-js@https://registry.npmjs.org/core-js/-/core-js-3.40.0.tgz. Extracting by manifest.
862 silly tarball no local data for combined-stream@https://registry.npmjs.org/combined-stream/-/combined-stream-1.0.8.tgz. Extracting by manifest.
863 silly tarball no local data for commander@https://registry.npmjs.org/commander/-/commander-13.1.0.tgz. Extracting by manifest.
864 silly tarball no local data for colorette@https://registry.npmjs.org/colorette/-/colorette-2.0.20.tgz. Extracting by manifest.
865 silly tarball no local data for color-parse@https://registry.npmjs.org/color-parse/-/color-parse-1.4.2.tgz. Extracting by manifest.
866 silly tarball no local data for concat-map@https://registry.npmjs.org/concat-map/-/concat-map-0.0.1.tgz. Extracting by manifest.
867 silly tarball no local data for clsx@https://registry.npmjs.org/clsx/-/clsx-2.1.1.tgz. Extracting by manifest.
868 silly tarball no local data for cmdk@https://registry.npmjs.org/cmdk/-/cmdk-1.0.4.tgz. Extracting by manifest.
869 silly tarball no local data for color-convert@https://registry.npmjs.org/color-convert/-/color-convert-2.0.1.tgz. Extracting by manifest.
870 silly tarball no local data for cli-truncate@https://registry.npmjs.org/cli-truncate/-/cli-truncate-4.0.0.tgz. Extracting by manifest.
871 silly tarball no local data for color-name@https://registry.npmjs.org/color-name/-/color-name-1.1.4.tgz. Extracting by manifest.
872 silly tarball no local data for cli-cursor@https://registry.npmjs.org/cli-cursor/-/cli-cursor-5.0.0.tgz. Extracting by manifest.
873 silly tarball no local data for class-variance-authority@https://registry.npmjs.org/class-variance-authority/-/class-variance-authority-0.7.1.tgz. Extracting by manifest.
874 silly tarball no local data for chokidar@https://registry.npmjs.org/chokidar/-/chokidar-3.6.0.tgz. Extracting by manifest.
875 silly tarball no local data for ckeditor5@https://registry.npmjs.org/ckeditor5/-/ckeditor5-44.1.0.tgz. Extracting by manifest.
876 silly tarball no local data for caniuse-lite@https://registry.npmjs.org/caniuse-lite/-/caniuse-lite-1.0.30001759.tgz. Extracting by manifest.
877 silly tarball no local data for canvg@https://registry.npmjs.org/canvg/-/canvg-3.0.11.tgz. Extracting by manifest.
878 silly tarball no local data for camelcase-css@https://registry.npmjs.org/camelcase-css/-/camelcase-css-2.0.1.tgz. Extracting by manifest.
879 silly tarball no local data for chalk@https://registry.npmjs.org/chalk/-/chalk-4.1.2.tgz. Extracting by manifest.
880 silly tarball no local data for call-bind-apply-helpers@https://registry.npmjs.org/call-bind-apply-helpers/-/call-bind-apply-helpers-1.0.1.tgz. Extracting by manifest.
881 silly tarball no local data for callsites@https://registry.npmjs.org/callsites/-/callsites-3.1.0.tgz. Extracting by manifest.
882 silly tarball no local data for btoa@https://registry.npmjs.org/btoa/-/btoa-1.2.1.tgz. Extracting by manifest.
883 silly tarball no local data for call-bound@https://registry.npmjs.org/call-bound/-/call-bound-1.0.3.tgz. Extracting by manifest.
884 silly tarball no local data for browserslist@https://registry.npmjs.org/browserslist/-/browserslist-4.24.4.tgz. Extracting by manifest.
885 silly tarball no local data for braces@https://registry.npmjs.org/braces/-/braces-3.0.3.tgz. Extracting by manifest.
886 silly tarball no local data for brace-expansion@https://registry.npmjs.org/brace-expansion/-/brace-expansion-2.0.1.tgz. Extracting by manifest.
887 silly tarball no local data for binary-extensions@https://registry.npmjs.org/binary-extensions/-/binary-extensions-2.3.0.tgz. Extracting by manifest.
888 silly tarball no local data for base64-arraybuffer@https://registry.npmjs.org/base64-arraybuffer/-/base64-arraybuffer-1.0.2.tgz. Extracting by manifest.
889 silly tarball no local data for balanced-match@https://registry.npmjs.org/balanced-match/-/balanced-match-1.0.2.tgz. Extracting by manifest.
890 silly tarball no local data for axios@https://registry.npmjs.org/axios/-/axios-1.11.0.tgz. Extracting by manifest.
891 silly tarball no local data for autoprefixer@https://registry.npmjs.org/autoprefixer/-/autoprefixer-10.4.20.tgz. Extracting by manifest.
892 silly tarball no local data for asynckit@https://registry.npmjs.org/asynckit/-/asynckit-0.4.0.tgz. Extracting by manifest.
893 silly tarball no local data for attr-accept@https://registry.npmjs.org/attr-accept/-/attr-accept-2.2.5.tgz. Extracting by manifest.
894 silly tarball no local data for atob@https://registry.npmjs.org/atob/-/atob-2.1.2.tgz. Extracting by manifest.
895 silly tarball no local data for blurhash@https://registry.npmjs.org/blurhash/-/blurhash-2.0.5.tgz. Extracting by manifest.
896 silly tarball no local data for argparse@https://registry.npmjs.org/argparse/-/argparse-2.0.1.tgz. Extracting by manifest.
897 silly tarball no local data for anymatch@https://registry.npmjs.org/anymatch/-/anymatch-3.1.3.tgz. Extracting by manifest.
898 silly tarball no local data for aria-hidden@https://registry.npmjs.org/aria-hidden/-/aria-hidden-1.2.4.tgz. Extracting by manifest.
899 silly tarball no local data for ansi-styles@https://registry.npmjs.org/ansi-styles/-/ansi-styles-4.3.0.tgz. Extracting by manifest.
900 silly tarball no local data for ansi-escapes@https://registry.npmjs.org/ansi-escapes/-/ansi-escapes-7.0.0.tgz. Extracting by manifest.
901 silly tarball no local data for ansi-regex@https://registry.npmjs.org/ansi-regex/-/ansi-regex-6.1.0.tgz. Extracting by manifest.
902 silly tarball no local data for ajv@https://registry.npmjs.org/ajv/-/ajv-6.12.6.tgz. Extracting by manifest.
903 silly tarball no local data for acorn@https://registry.npmjs.org/acorn/-/acorn-8.15.0.tgz. Extracting by manifest.
904 silly tarball no local data for acorn-jsx@https://registry.npmjs.org/acorn-jsx/-/acorn-jsx-5.3.2.tgz. Extracting by manifest.
905 silly tarball no local data for @vitejs/plugin-react@https://registry.npmjs.org/@vitejs/plugin-react/-/plugin-react-4.3.4.tgz. Extracting by manifest.
906 silly tarball no local data for any-promise@https://registry.npmjs.org/any-promise/-/any-promise-1.3.0.tgz. Extracting by manifest.
907 silly tarball no local data for arg@https://registry.npmjs.org/arg/-/arg-5.0.2.tgz. Extracting by manifest.
908 silly tarball no local data for @typescript-eslint/visitor-keys@https://registry.npmjs.org/@typescript-eslint/visitor-keys/-/visitor-keys-8.22.0.tgz. Extracting by manifest.
909 silly tarball no local data for @typescript-eslint/utils@https://registry.npmjs.org/@typescript-eslint/utils/-/utils-8.22.0.tgz. Extracting by manifest.
910 silly tarball no local data for @typescript-eslint/typescript-estree@https://registry.npmjs.org/@typescript-eslint/typescript-estree/-/typescript-estree-8.22.0.tgz. Extracting by manifest.
911 silly tarball no local data for @typescript-eslint/scope-manager@https://registry.npmjs.org/@typescript-eslint/scope-manager/-/scope-manager-8.22.0.tgz. Extracting by manifest.
912 silly tarball no local data for @typescript-eslint/types@https://registry.npmjs.org/@typescript-eslint/types/-/types-8.22.0.tgz. Extracting by manifest.
913 silly tarball no local data for @types/tinymce@https://registry.npmjs.org/@types/tinymce/-/tinymce-4.6.9.tgz. Extracting by manifest.
914 silly tarball no local data for @types/sizzle@https://registry.npmjs.org/@types/sizzle/-/sizzle-2.3.9.tgz. Extracting by manifest.
915 silly tarball no local data for @types/uuid@https://registry.npmjs.org/@types/uuid/-/uuid-10.0.0.tgz. Extracting by manifest.
916 silly tarball no local data for @types/raf@https://registry.npmjs.org/@types/raf/-/raf-3.4.3.tgz. Extracting by manifest.
917 silly tarball no local data for @types/react-dom@https://registry.npmjs.org/@types/react-dom/-/react-dom-18.3.5.tgz. Extracting by manifest.
918 silly tarball no local data for @types/prop-types@https://registry.npmjs.org/@types/prop-types/-/prop-types-15.7.14.tgz. Extracting by manifest.
919 silly tarball no local data for @types/node@https://registry.npmjs.org/@types/node/-/node-18.19.74.tgz. Extracting by manifest.
920 silly tarball no local data for @types/lodash@https://registry.npmjs.org/@types/lodash/-/lodash-4.17.15.tgz. Extracting by manifest.
921 silly tarball no local data for @types/json-schema@https://registry.npmjs.org/@types/json-schema/-/json-schema-7.0.15.tgz. Extracting by manifest.
922 silly tarball no local data for @types/js-cookie@https://registry.npmjs.org/@types/js-cookie/-/js-cookie-3.0.6.tgz. Extracting by manifest.
923 silly tarball no local data for @types/jquery@https://registry.npmjs.org/@types/jquery/-/jquery-3.5.32.tgz. Extracting by manifest.
924 silly tarball no local data for @types/react@https://registry.npmjs.org/@types/react/-/react-18.3.18.tgz. Extracting by manifest.
925 silly tarball no local data for @types/estree@https://registry.npmjs.org/@types/estree/-/estree-1.0.6.tgz. Extracting by manifest.
926 silly tarball no local data for @types/d3-time@https://registry.npmjs.org/@types/d3-time/-/d3-time-3.0.4.tgz. Extracting by manifest.
927 silly tarball no local data for @types/d3-timer@https://registry.npmjs.org/@types/d3-timer/-/d3-timer-3.0.2.tgz. Extracting by manifest.
928 silly tarball no local data for @types/d3-scale@https://registry.npmjs.org/@types/d3-scale/-/d3-scale-4.0.8.tgz. Extracting by manifest.
929 silly tarball no local data for @types/d3-path@https://registry.npmjs.org/@types/d3-path/-/d3-path-3.1.0.tgz. Extracting by manifest.
930 silly tarball no local data for @types/d3-shape@https://registry.npmjs.org/@types/d3-shape/-/d3-shape-3.1.7.tgz. Extracting by manifest.
931 silly tarball no local data for @types/d3-interpolate@https://registry.npmjs.org/@types/d3-interpolate/-/d3-interpolate-3.0.4.tgz. Extracting by manifest.
932 silly tarball no local data for @types/d3-ease@https://registry.npmjs.org/@types/d3-ease/-/d3-ease-3.0.2.tgz. Extracting by manifest.
933 silly tarball no local data for @types/d3-color@https://registry.npmjs.org/@types/d3-color/-/d3-color-3.1.3.tgz. Extracting by manifest.
934 silly tarball no local data for @types/babel__traverse@https://registry.npmjs.org/@types/babel__traverse/-/babel__traverse-7.20.6.tgz. Extracting by manifest.
935 silly tarball no local data for @types/d3-array@https://registry.npmjs.org/@types/d3-array/-/d3-array-3.2.1.tgz. Extracting by manifest.
936 silly tarball no local data for @types/babel__generator@https://registry.npmjs.org/@types/babel__generator/-/babel__generator-7.6.8.tgz. Extracting by manifest.
937 silly tarball no local data for @tinymce/tinymce-react@https://registry.npmjs.org/@tinymce/tinymce-react/-/tinymce-react-5.1.1.tgz. Extracting by manifest.
938 silly tarball no local data for @types/babel__core@https://registry.npmjs.org/@types/babel__core/-/babel__core-7.20.5.tgz. Extracting by manifest.
939 silly tarball no local data for @types/babel__template@https://registry.npmjs.org/@types/babel__template/-/babel__template-7.4.4.tgz. Extracting by manifest.
940 silly tarball no local data for @tanstack/virtual-core@https://registry.npmjs.org/@tanstack/virtual-core/-/virtual-core-3.11.3.tgz. Extracting by manifest.
941 silly tarball no local data for @tanstack/react-virtual@https://registry.npmjs.org/@tanstack/react-virtual/-/react-virtual-3.11.3.tgz. Extracting by manifest.
942 silly tarball no local data for @tanstack/query-core@https://registry.npmjs.org/@tanstack/query-core/-/query-core-5.65.0.tgz. Extracting by manifest.
943 silly tarball no local data for @tanstack/eslint-plugin-query@https://registry.npmjs.org/@tanstack/eslint-plugin-query/-/eslint-plugin-query-5.65.0.tgz. Extracting by manifest.
944 silly tarball no local data for @tailwindcss/typography@https://registry.npmjs.org/@tailwindcss/typography/-/typography-0.5.16.tgz. Extracting by manifest.
945 silly tarball no local data for @tailwindcss/forms@https://registry.npmjs.org/@tailwindcss/forms/-/forms-0.5.10.tgz. Extracting by manifest.
946 silly tarball no local data for @swc/helpers@https://registry.npmjs.org/@swc/helpers/-/helpers-0.5.15.tgz. Extracting by manifest.
947 silly tarball no local data for @tanstack/react-query@https://registry.npmjs.org/@tanstack/react-query/-/react-query-5.65.1.tgz. Extracting by manifest.
948 silly tarball no local data for @react-types/shared@https://registry.npmjs.org/@react-types/shared/-/shared-3.27.0.tgz. Extracting by manifest.
949 silly tarball no local data for @react-aria/utils@https://registry.npmjs.org/@react-aria/utils/-/utils-3.27.0.tgz. Extracting by manifest.
950 silly tarball no local data for @react-aria/ssr@https://registry.npmjs.org/@react-aria/ssr/-/ssr-3.9.7.tgz. Extracting by manifest.
951 silly tarball no local data for @react-aria/interactions@https://registry.npmjs.org/@react-aria/interactions/-/interactions-3.23.0.tgz. Extracting by manifest.
952 silly tarball no local data for @react-stately/utils@https://registry.npmjs.org/@react-stately/utils/-/utils-3.10.5.tgz. Extracting by manifest.
953 silly tarball no local data for @rollup/rollup-darwin-x64@https://registry.npmjs.org/@rollup/rollup-darwin-x64/-/rollup-darwin-x64-4.32.1.tgz. Extracting by manifest.
954 silly tarball no local data for @radix-ui/rect@https://registry.npmjs.org/@radix-ui/rect/-/rect-1.1.0.tgz. Extracting by manifest.
955 silly tarball no local data for @react-aria/focus@https://registry.npmjs.org/@react-aria/focus/-/focus-3.19.1.tgz. Extracting by manifest.
956 silly tarball no local data for @radix-ui/react-use-rect@https://registry.npmjs.org/@radix-ui/react-use-rect/-/react-use-rect-1.1.0.tgz. Extracting by manifest.
957 silly tarball no local data for @radix-ui/react-visually-hidden@https://registry.npmjs.org/@radix-ui/react-visually-hidden/-/react-visually-hidden-1.1.1.tgz. Extracting by manifest.
958 silly tarball no local data for @radix-ui/react-use-previous@https://registry.npmjs.org/@radix-ui/react-use-previous/-/react-use-previous-1.1.0.tgz. Extracting by manifest.
959 silly tarball no local data for @radix-ui/react-use-controllable-state@https://registry.npmjs.org/@radix-ui/react-use-controllable-state/-/react-use-controllable-state-1.1.0.tgz. Extracting by manifest.
960 silly tarball no local data for @radix-ui/react-use-escape-keydown@https://registry.npmjs.org/@radix-ui/react-use-escape-keydown/-/react-use-escape-keydown-1.1.0.tgz. Extracting by manifest.
961 silly tarball no local data for @radix-ui/react-use-layout-effect@https://registry.npmjs.org/@radix-ui/react-use-layout-effect/-/react-use-layout-effect-1.1.0.tgz. Extracting by manifest.
962 silly tarball no local data for @radix-ui/react-use-callback-ref@https://registry.npmjs.org/@radix-ui/react-use-callback-ref/-/react-use-callback-ref-1.1.0.tgz. Extracting by manifest.
963 silly tarball no local data for @radix-ui/react-tooltip@https://registry.npmjs.org/@radix-ui/react-tooltip/-/react-tooltip-1.1.7.tgz. Extracting by manifest.
964 silly tarball no local data for @radix-ui/react-toast@https://registry.npmjs.org/@radix-ui/react-toast/-/react-toast-1.2.5.tgz. Extracting by manifest.
965 silly tarball no local data for @radix-ui/react-tabs@https://registry.npmjs.org/@radix-ui/react-tabs/-/react-tabs-1.1.2.tgz. Extracting by manifest.
966 silly tarball no local data for @radix-ui/react-slot@https://registry.npmjs.org/@radix-ui/react-slot/-/react-slot-1.1.1.tgz. Extracting by manifest.
967 silly tarball no local data for @radix-ui/react-separator@https://registry.npmjs.org/@radix-ui/react-separator/-/react-separator-1.1.1.tgz. Extracting by manifest.
968 silly tarball no local data for @radix-ui/react-select@https://registry.npmjs.org/@radix-ui/react-select/-/react-select-2.1.5.tgz. Extracting by manifest.
969 silly tarball no local data for @radix-ui/react-roving-focus@https://registry.npmjs.org/@radix-ui/react-roving-focus/-/react-roving-focus-1.1.1.tgz. Extracting by manifest.
970 silly tarball no local data for @radix-ui/react-radio-group@https://registry.npmjs.org/@radix-ui/react-radio-group/-/react-radio-group-1.2.2.tgz. Extracting by manifest.
971 silly tarball no local data for @radix-ui/react-primitive@https://registry.npmjs.org/@radix-ui/react-primitive/-/react-primitive-2.0.1.tgz. Extracting by manifest.
972 silly tarball no local data for @radix-ui/react-presence@https://registry.npmjs.org/@radix-ui/react-presence/-/react-presence-1.1.2.tgz. Extracting by manifest.
973 silly tarball no local data for @radix-ui/react-portal@https://registry.npmjs.org/@radix-ui/react-portal/-/react-portal-1.1.3.tgz. Extracting by manifest.
974 silly tarball no local data for @radix-ui/react-menu@https://registry.npmjs.org/@radix-ui/react-menu/-/react-menu-2.1.5.tgz. Extracting by manifest.
975 silly tarball no local data for @radix-ui/react-popover@https://registry.npmjs.org/@radix-ui/react-popover/-/react-popover-1.1.5.tgz. Extracting by manifest.
976 silly tarball no local data for @radix-ui/react-use-size@https://registry.npmjs.org/@radix-ui/react-use-size/-/react-use-size-1.1.0.tgz. Extracting by manifest.
977 silly tarball no local data for @radix-ui/react-label@https://registry.npmjs.org/@radix-ui/react-label/-/react-label-2.1.1.tgz. Extracting by manifest.
978 silly tarball no local data for @radix-ui/react-id@https://registry.npmjs.org/@radix-ui/react-id/-/react-id-1.1.0.tgz. Extracting by manifest.
979 silly tarball no local data for @radix-ui/react-hover-card@https://registry.npmjs.org/@radix-ui/react-hover-card/-/react-hover-card-1.1.6.tgz. Extracting by manifest.
980 silly tarball no local data for @radix-ui/react-focus-scope@https://registry.npmjs.org/@radix-ui/react-focus-scope/-/react-focus-scope-1.1.1.tgz. Extracting by manifest.
981 silly tarball no local data for @radix-ui/react-icons@https://registry.npmjs.org/@radix-ui/react-icons/-/react-icons-1.3.2.tgz. Extracting by manifest.
982 silly tarball no local data for @radix-ui/react-focus-guards@https://registry.npmjs.org/@radix-ui/react-focus-guards/-/react-focus-guards-1.1.1.tgz. Extracting by manifest.
983 silly tarball no local data for @radix-ui/react-dropdown-menu@https://registry.npmjs.org/@radix-ui/react-dropdown-menu/-/react-dropdown-menu-2.1.5.tgz. Extracting by manifest.
984 silly tarball no local data for @radix-ui/react-dismissable-layer@https://registry.npmjs.org/@radix-ui/react-dismissable-layer/-/react-dismissable-layer-1.1.4.tgz. Extracting by manifest.
985 silly tarball no local data for @radix-ui/react-dialog@https://registry.npmjs.org/@radix-ui/react-dialog/-/react-dialog-1.1.5.tgz. Extracting by manifest.
986 silly tarball no local data for @radix-ui/react-compose-refs@https://registry.npmjs.org/@radix-ui/react-compose-refs/-/react-compose-refs-1.1.1.tgz. Extracting by manifest.
987 silly tarball no local data for @radix-ui/react-context@https://registry.npmjs.org/@radix-ui/react-context/-/react-context-1.1.1.tgz. Extracting by manifest.
988 silly tarball no local data for @radix-ui/react-direction@https://registry.npmjs.org/@radix-ui/react-direction/-/react-direction-1.1.0.tgz. Extracting by manifest.
989 silly tarball no local data for @radix-ui/react-popper@https://registry.npmjs.org/@radix-ui/react-popper/-/react-popper-1.2.1.tgz. Extracting by manifest.
990 silly tarball no local data for @radix-ui/react-checkbox@https://registry.npmjs.org/@radix-ui/react-checkbox/-/react-checkbox-1.1.3.tgz. Extracting by manifest.
991 silly tarball no local data for @radix-ui/react-collection@https://registry.npmjs.org/@radix-ui/react-collection/-/react-collection-1.1.1.tgz. Extracting by manifest.
992 silly tarball no local data for @radix-ui/react-avatar@https://registry.npmjs.org/@radix-ui/react-avatar/-/react-avatar-1.1.2.tgz. Extracting by manifest.
993 silly tarball no local data for @radix-ui/react-arrow@https://registry.npmjs.org/@radix-ui/react-arrow/-/react-arrow-1.1.1.tgz. Extracting by manifest.
994 silly tarball no local data for @radix-ui/primitive@https://registry.npmjs.org/@radix-ui/primitive/-/primitive-1.1.1.tgz. Extracting by manifest.
995 silly tarball no local data for @radix-ui/react-alert-dialog@https://registry.npmjs.org/@radix-ui/react-alert-dialog/-/react-alert-dialog-1.1.5.tgz. Extracting by manifest.
996 silly tarball no local data for @radix-ui/number@https://registry.npmjs.org/@radix-ui/number/-/number-1.1.0.tgz. Extracting by manifest.
997 silly tarball no local data for @pkgjs/parseargs@https://registry.npmjs.org/@pkgjs/parseargs/-/parseargs-0.11.0.tgz. Extracting by manifest.
998 silly tarball no local data for @nodelib/fs.stat@https://registry.npmjs.org/@nodelib/fs.stat/-/fs.stat-2.0.5.tgz. Extracting by manifest.
999 silly tarball no local data for @nodelib/fs.walk@https://registry.npmjs.org/@nodelib/fs.walk/-/fs.walk-1.2.8.tgz. Extracting by manifest.
1000 silly tarball no local data for @radix-ui/react-collapsible@https://registry.npmjs.org/@radix-ui/react-collapsible/-/react-collapsible-1.1.2.tgz. Extracting by manifest.
1001 silly tarball no local data for @nodelib/fs.scandir@https://registry.npmjs.org/@nodelib/fs.scandir/-/fs.scandir-2.1.5.tgz. Extracting by manifest.
1002 silly tarball no local data for @mixmark-io/domino@https://registry.npmjs.org/@mixmark-io/domino/-/domino-2.2.0.tgz. Extracting by manifest.
1003 silly tarball no local data for @jridgewell/trace-mapping@https://registry.npmjs.org/@jridgewell/trace-mapping/-/trace-mapping-0.3.25.tgz. Extracting by manifest.
1004 silly tarball no local data for @jridgewell/set-array@https://registry.npmjs.org/@jridgewell/set-array/-/set-array-1.2.1.tgz. Extracting by manifest.
1005 silly tarball no local data for @jridgewell/resolve-uri@https://registry.npmjs.org/@jridgewell/resolve-uri/-/resolve-uri-3.1.2.tgz. Extracting by manifest.
1006 silly tarball no local data for @jridgewell/sourcemap-codec@https://registry.npmjs.org/@jridgewell/sourcemap-codec/-/sourcemap-codec-1.5.0.tgz. Extracting by manifest.
1007 silly tarball no local data for @isaacs/cliui@https://registry.npmjs.org/@isaacs/cliui/-/cliui-8.0.2.tgz. Extracting by manifest.
1008 silly tarball no local data for @jridgewell/gen-mapping@https://registry.npmjs.org/@jridgewell/gen-mapping/-/gen-mapping-0.3.8.tgz. Extracting by manifest.
1009 silly tarball no local data for @inertiajs/core@https://registry.npmjs.org/@inertiajs/core/-/core-1.3.0.tgz. Extracting by manifest.
1010 silly tarball no local data for @humanwhocodes/retry@https://registry.npmjs.org/@humanwhocodes/retry/-/retry-0.4.3.tgz. Extracting by manifest.
1011 silly tarball no local data for @ianvs/prettier-plugin-sort-imports@https://registry.npmjs.org/@ianvs/prettier-plugin-sort-imports/-/prettier-plugin-sort-imports-4.4.1.tgz. Extracting by manifest.
1012 silly tarball no local data for @humanwhocodes/module-importer@https://registry.npmjs.org/@humanwhocodes/module-importer/-/module-importer-1.0.1.tgz. Extracting by manifest.
1013 silly tarball no local data for @humanfs/node@https://registry.npmjs.org/@humanfs/node/-/node-0.16.6.tgz. Extracting by manifest.
1014 silly tarball no local data for @inertiajs/react@https://registry.npmjs.org/@inertiajs/react/-/react-1.3.0.tgz. Extracting by manifest.
1015 silly tarball no local data for @headlessui/react@https://registry.npmjs.org/@headlessui/react/-/react-2.2.0.tgz. Extracting by manifest.
1016 silly tarball no local data for @humanfs/core@https://registry.npmjs.org/@humanfs/core/-/core-0.19.1.tgz. Extracting by manifest.
1017 silly tarball no local data for @floating-ui/dom@https://registry.npmjs.org/@floating-ui/dom/-/dom-1.6.13.tgz. Extracting by manifest.
1018 silly tarball no local data for @floating-ui/react@https://registry.npmjs.org/@floating-ui/react/-/react-0.26.28.tgz. Extracting by manifest.
1019 silly tarball no local data for @floating-ui/react-dom@https://registry.npmjs.org/@floating-ui/react-dom/-/react-dom-2.1.2.tgz. Extracting by manifest.
1020 silly tarball no local data for @eslint/plugin-kit@https://registry.npmjs.org/@eslint/plugin-kit/-/plugin-kit-0.3.4.tgz. Extracting by manifest.
1021 silly tarball no local data for @floating-ui/core@https://registry.npmjs.org/@floating-ui/core/-/core-1.6.9.tgz. Extracting by manifest.
1022 silly tarball no local data for @eslint/js@https://registry.npmjs.org/@eslint/js/-/js-9.32.0.tgz. Extracting by manifest.
1023 silly tarball no local data for @eslint/core@https://registry.npmjs.org/@eslint/core/-/core-0.15.1.tgz. Extracting by manifest.
1024 silly tarball no local data for @eslint/eslintrc@https://registry.npmjs.org/@eslint/eslintrc/-/eslintrc-3.3.1.tgz. Extracting by manifest.
1025 silly tarball no local data for @eslint/object-schema@https://registry.npmjs.org/@eslint/object-schema/-/object-schema-2.1.6.tgz. Extracting by manifest.
1026 silly tarball no local data for @floating-ui/utils@https://registry.npmjs.org/@floating-ui/utils/-/utils-0.2.9.tgz. Extracting by manifest.
1027 silly tarball no local data for @eslint/config-helpers@https://registry.npmjs.org/@eslint/config-helpers/-/config-helpers-0.3.0.tgz. Extracting by manifest.
1028 silly tarball no local data for @eslint/config-array@https://registry.npmjs.org/@eslint/config-array/-/config-array-0.21.0.tgz. Extracting by manifest.
1029 silly tarball no local data for @eslint-community/regexpp@https://registry.npmjs.org/@eslint-community/regexpp/-/regexpp-4.12.1.tgz. Extracting by manifest.
1030 silly tarball no local data for @eslint-community/eslint-utils@https://registry.npmjs.org/@eslint-community/eslint-utils/-/eslint-utils-4.4.1.tgz. Extracting by manifest.
1031 silly tarball no local data for @esbuild/darwin-x64@https://registry.npmjs.org/@esbuild/darwin-x64/-/darwin-x64-0.21.5.tgz. Extracting by manifest.
1032 silly tarball no local data for @ckeditor/ckeditor5-word-count@https://registry.npmjs.org/@ckeditor/ckeditor5-word-count/-/ckeditor5-word-count-44.1.0.tgz. Extracting by manifest.
1033 silly tarball no local data for @ckeditor/ckeditor5-upload@https://registry.npmjs.org/@ckeditor/ckeditor5-upload/-/ckeditor5-upload-44.1.0.tgz. Extracting by manifest.
1034 silly tarball no local data for @ckeditor/ckeditor5-watchdog@https://registry.npmjs.org/@ckeditor/ckeditor5-watchdog/-/ckeditor5-watchdog-44.1.0.tgz. Extracting by manifest.
1035 silly tarball no local data for @ckeditor/ckeditor5-widget@https://registry.npmjs.org/@ckeditor/ckeditor5-widget/-/ckeditor5-widget-44.1.0.tgz. Extracting by manifest.
1036 silly tarball no local data for @ckeditor/ckeditor5-undo@https://registry.npmjs.org/@ckeditor/ckeditor5-undo/-/ckeditor5-undo-44.1.0.tgz. Extracting by manifest.
1037 silly tarball no local data for @ckeditor/ckeditor5-ui@https://registry.npmjs.org/@ckeditor/ckeditor5-ui/-/ckeditor5-ui-44.1.0.tgz. Extracting by manifest.
1038 silly tarball no local data for @ckeditor/ckeditor5-typing@https://registry.npmjs.org/@ckeditor/ckeditor5-typing/-/ckeditor5-typing-44.1.0.tgz. Extracting by manifest.
1039 silly tarball no local data for @ckeditor/ckeditor5-theme-lark@https://registry.npmjs.org/@ckeditor/ckeditor5-theme-lark/-/ckeditor5-theme-lark-44.1.0.tgz. Extracting by manifest.
1040 silly tarball no local data for @ckeditor/ckeditor5-table@https://registry.npmjs.org/@ckeditor/ckeditor5-table/-/ckeditor5-table-44.1.0.tgz. Extracting by manifest.
1041 silly tarball no local data for @ckeditor/ckeditor5-utils@https://registry.npmjs.org/@ckeditor/ckeditor5-utils/-/ckeditor5-utils-44.1.0.tgz. Extracting by manifest.
1042 silly tarball no local data for @ckeditor/ckeditor5-special-characters@https://registry.npmjs.org/@ckeditor/ckeditor5-special-characters/-/ckeditor5-special-characters-44.1.0.tgz. Extracting by manifest.
1043 silly tarball no local data for @ckeditor/ckeditor5-style@https://registry.npmjs.org/@ckeditor/ckeditor5-style/-/ckeditor5-style-44.1.0.tgz. Extracting by manifest.
1044 silly tarball no local data for @ckeditor/ckeditor5-select-all@https://registry.npmjs.org/@ckeditor/ckeditor5-select-all/-/ckeditor5-select-all-44.1.0.tgz. Extracting by manifest.
1045 silly tarball no local data for @ckeditor/ckeditor5-source-editing@https://registry.npmjs.org/@ckeditor/ckeditor5-source-editing/-/ckeditor5-source-editing-44.1.0.tgz. Extracting by manifest.
1046 silly tarball no local data for @ckeditor/ckeditor5-restricted-editing@https://registry.npmjs.org/@ckeditor/ckeditor5-restricted-editing/-/ckeditor5-restricted-editing-44.1.0.tgz. Extracting by manifest.
1047 silly tarball no local data for @ckeditor/ckeditor5-remove-format@https://registry.npmjs.org/@ckeditor/ckeditor5-remove-format/-/ckeditor5-remove-format-44.1.0.tgz. Extracting by manifest.
1048 silly tarball no local data for @ckeditor/ckeditor5-paste-from-office@https://registry.npmjs.org/@ckeditor/ckeditor5-paste-from-office/-/ckeditor5-paste-from-office-44.1.0.tgz. Extracting by manifest.
1049 silly tarball no local data for @ckeditor/ckeditor5-react@https://registry.npmjs.org/@ckeditor/ckeditor5-react/-/ckeditor5-react-9.4.0.tgz. Extracting by manifest.
1050 silly tarball no local data for @ckeditor/ckeditor5-paragraph@https://registry.npmjs.org/@ckeditor/ckeditor5-paragraph/-/ckeditor5-paragraph-44.1.0.tgz. Extracting by manifest.
1051 silly tarball no local data for @ckeditor/ckeditor5-page-break@https://registry.npmjs.org/@ckeditor/ckeditor5-page-break/-/ckeditor5-page-break-44.1.0.tgz. Extracting by manifest.
1052 silly tarball no local data for @ckeditor/ckeditor5-show-blocks@https://registry.npmjs.org/@ckeditor/ckeditor5-show-blocks/-/ckeditor5-show-blocks-44.1.0.tgz. Extracting by manifest.
1053 silly tarball no local data for @ckeditor/ckeditor5-minimap@https://registry.npmjs.org/@ckeditor/ckeditor5-minimap/-/ckeditor5-minimap-44.1.0.tgz. Extracting by manifest.
1054 silly tarball no local data for @ckeditor/ckeditor5-mention@https://registry.npmjs.org/@ckeditor/ckeditor5-mention/-/ckeditor5-mention-44.1.0.tgz. Extracting by manifest.
1055 silly tarball no local data for @ckeditor/ckeditor5-markdown-gfm@https://registry.npmjs.org/@ckeditor/ckeditor5-markdown-gfm/-/ckeditor5-markdown-gfm-44.1.0.tgz. Extracting by manifest.
1056 silly tarball no local data for @ckeditor/ckeditor5-language@https://registry.npmjs.org/@ckeditor/ckeditor5-language/-/ckeditor5-language-44.1.0.tgz. Extracting by manifest.
1057 silly tarball no local data for @ckeditor/ckeditor5-media-embed@https://registry.npmjs.org/@ckeditor/ckeditor5-media-embed/-/ckeditor5-media-embed-44.1.0.tgz. Extracting by manifest.
1058 silly tarball no local data for @ckeditor/ckeditor5-list@https://registry.npmjs.org/@ckeditor/ckeditor5-list/-/ckeditor5-list-44.1.0.tgz. Extracting by manifest.
1059 silly tarball no local data for @ckeditor/ckeditor5-integrations-common@https://registry.npmjs.org/@ckeditor/ckeditor5-integrations-common/-/ckeditor5-integrations-common-2.2.2.tgz. Extracting by manifest.
1060 silly tarball no local data for @ckeditor/ckeditor5-image@https://registry.npmjs.org/@ckeditor/ckeditor5-image/-/ckeditor5-image-44.1.0.tgz. Extracting by manifest.
1061 silly tarball no local data for @ckeditor/ckeditor5-link@https://registry.npmjs.org/@ckeditor/ckeditor5-link/-/ckeditor5-link-44.1.0.tgz. Extracting by manifest.
1062 silly tarball no local data for @ckeditor/ckeditor5-html-support@https://registry.npmjs.org/@ckeditor/ckeditor5-html-support/-/ckeditor5-html-support-44.1.0.tgz. Extracting by manifest.
1063 silly tarball no local data for @ckeditor/ckeditor5-html-embed@https://registry.npmjs.org/@ckeditor/ckeditor5-html-embed/-/ckeditor5-html-embed-44.1.0.tgz. Extracting by manifest.
1064 silly tarball no local data for @ckeditor/ckeditor5-indent@https://registry.npmjs.org/@ckeditor/ckeditor5-indent/-/ckeditor5-indent-44.1.0.tgz. Extracting by manifest.
1065 silly tarball no local data for @ckeditor/ckeditor5-highlight@https://registry.npmjs.org/@ckeditor/ckeditor5-highlight/-/ckeditor5-highlight-44.1.0.tgz. Extracting by manifest.
1066 silly tarball no local data for @ckeditor/ckeditor5-horizontal-line@https://registry.npmjs.org/@ckeditor/ckeditor5-horizontal-line/-/ckeditor5-horizontal-line-44.1.0.tgz. Extracting by manifest.
1067 silly tarball no local data for @ckeditor/ckeditor5-heading@https://registry.npmjs.org/@ckeditor/ckeditor5-heading/-/ckeditor5-heading-44.1.0.tgz. Extracting by manifest.
1068 silly tarball no local data for @ckeditor/ckeditor5-find-and-replace@https://registry.npmjs.org/@ckeditor/ckeditor5-find-and-replace/-/ckeditor5-find-and-replace-44.1.0.tgz. Extracting by manifest.
1069 silly tarball no local data for @ckeditor/ckeditor5-essentials@https://registry.npmjs.org/@ckeditor/ckeditor5-essentials/-/ckeditor5-essentials-44.1.0.tgz. Extracting by manifest.
1070 silly tarball no local data for @ckeditor/ckeditor5-font@https://registry.npmjs.org/@ckeditor/ckeditor5-font/-/ckeditor5-font-44.1.0.tgz. Extracting by manifest.
1071 silly tarball no local data for @ckeditor/ckeditor5-engine@https://registry.npmjs.org/@ckeditor/ckeditor5-engine/-/ckeditor5-engine-44.1.0.tgz. Extracting by manifest.
1072 silly tarball no local data for @ckeditor/ckeditor5-enter@https://registry.npmjs.org/@ckeditor/ckeditor5-enter/-/ckeditor5-enter-44.1.0.tgz. Extracting by manifest.
1073 silly tarball no local data for @ckeditor/ckeditor5-editor-multi-root@https://registry.npmjs.org/@ckeditor/ckeditor5-editor-multi-root/-/ckeditor5-editor-multi-root-44.1.0.tgz. Extracting by manifest.
1074 silly tarball no local data for @ckeditor/ckeditor5-editor-inline@https://registry.npmjs.org/@ckeditor/ckeditor5-editor-inline/-/ckeditor5-editor-inline-44.1.0.tgz. Extracting by manifest.
1075 silly tarball no local data for @ckeditor/ckeditor5-editor-classic@https://registry.npmjs.org/@ckeditor/ckeditor5-editor-classic/-/ckeditor5-editor-classic-44.1.0.tgz. Extracting by manifest.
1076 silly tarball no local data for @ckeditor/ckeditor5-editor-decoupled@https://registry.npmjs.org/@ckeditor/ckeditor5-editor-decoupled/-/ckeditor5-editor-decoupled-44.1.0.tgz. Extracting by manifest.
1077 silly tarball no local data for @ckeditor/ckeditor5-easy-image@https://registry.npmjs.org/@ckeditor/ckeditor5-easy-image/-/ckeditor5-easy-image-44.1.0.tgz. Extracting by manifest.
1078 silly tarball no local data for @ckeditor/ckeditor5-core@https://registry.npmjs.org/@ckeditor/ckeditor5-core/-/ckeditor5-core-44.1.0.tgz. Extracting by manifest.
1079 silly tarball no local data for @ckeditor/ckeditor5-code-block@https://registry.npmjs.org/@ckeditor/ckeditor5-code-block/-/ckeditor5-code-block-44.1.0.tgz. Extracting by manifest.
1080 silly tarball no local data for @ckeditor/ckeditor5-editor-balloon@https://registry.npmjs.org/@ckeditor/ckeditor5-editor-balloon/-/ckeditor5-editor-balloon-44.1.0.tgz. Extracting by manifest.
1081 silly tarball no local data for @ckeditor/ckeditor5-cloud-services@https://registry.npmjs.org/@ckeditor/ckeditor5-cloud-services/-/ckeditor5-cloud-services-44.1.0.tgz. Extracting by manifest.
1082 silly tarball no local data for @ckeditor/ckeditor5-ckfinder@https://registry.npmjs.org/@ckeditor/ckeditor5-ckfinder/-/ckeditor5-ckfinder-44.1.0.tgz. Extracting by manifest.
1083 silly tarball no local data for @ckeditor/ckeditor5-ckbox@https://registry.npmjs.org/@ckeditor/ckeditor5-ckbox/-/ckeditor5-ckbox-44.1.0.tgz. Extracting by manifest.
1084 silly tarball no local data for @ckeditor/ckeditor5-bookmark@https://registry.npmjs.org/@ckeditor/ckeditor5-bookmark/-/ckeditor5-bookmark-44.1.0.tgz. Extracting by manifest.
1085 silly tarball no local data for @ckeditor/ckeditor5-clipboard@https://registry.npmjs.org/@ckeditor/ckeditor5-clipboard/-/ckeditor5-clipboard-44.1.0.tgz. Extracting by manifest.
1086 silly tarball no local data for @ckeditor/ckeditor5-block-quote@https://registry.npmjs.org/@ckeditor/ckeditor5-block-quote/-/ckeditor5-block-quote-44.1.0.tgz. Extracting by manifest.
1087 silly tarball no local data for @ckeditor/ckeditor5-autoformat@https://registry.npmjs.org/@ckeditor/ckeditor5-autoformat/-/ckeditor5-autoformat-44.1.0.tgz. Extracting by manifest.
1088 silly tarball no local data for @ckeditor/ckeditor5-basic-styles@https://registry.npmjs.org/@ckeditor/ckeditor5-basic-styles/-/ckeditor5-basic-styles-44.1.0.tgz. Extracting by manifest.
1089 silly tarball no local data for @ckeditor/ckeditor5-autosave@https://registry.npmjs.org/@ckeditor/ckeditor5-autosave/-/ckeditor5-autosave-44.1.0.tgz. Extracting by manifest.
1090 silly tarball no local data for @ckeditor/ckeditor5-adapter-ckfinder@https://registry.npmjs.org/@ckeditor/ckeditor5-adapter-ckfinder/-/ckeditor5-adapter-ckfinder-44.1.0.tgz. Extracting by manifest.
1091 silly tarball no local data for @babel/types@https://registry.npmjs.org/@babel/types/-/types-7.28.2.tgz. Extracting by manifest.
1092 silly tarball no local data for @babel/traverse@https://registry.npmjs.org/@babel/traverse/-/traverse-7.26.7.tgz. Extracting by manifest.
1093 silly tarball no local data for @babel/template@https://registry.npmjs.org/@babel/template/-/template-7.27.2.tgz. Extracting by manifest.
1094 silly tarball no local data for @ckeditor/ckeditor5-alignment@https://registry.npmjs.org/@ckeditor/ckeditor5-alignment/-/ckeditor5-alignment-44.1.0.tgz. Extracting by manifest.
1095 silly tarball no local data for @babel/plugin-transform-react-jsx-self@https://registry.npmjs.org/@babel/plugin-transform-react-jsx-self/-/plugin-transform-react-jsx-self-7.25.9.tgz. Extracting by manifest.
1096 silly tarball no local data for @babel/plugin-transform-react-jsx-source@https://registry.npmjs.org/@babel/plugin-transform-react-jsx-source/-/plugin-transform-react-jsx-source-7.25.9.tgz. Extracting by manifest.
1097 silly tarball no local data for @babel/runtime@https://registry.npmjs.org/@babel/runtime/-/runtime-7.28.2.tgz. Extracting by manifest.
1098 silly tarball no local data for @babel/parser@https://registry.npmjs.org/@babel/parser/-/parser-7.28.0.tgz. Extracting by manifest.
1099 silly tarball no local data for @babel/helpers@https://registry.npmjs.org/@babel/helpers/-/helpers-7.28.2.tgz. Extracting by manifest.
1100 silly tarball no local data for @babel/helper-validator-option@https://registry.npmjs.org/@babel/helper-validator-option/-/helper-validator-option-7.25.9.tgz. Extracting by manifest.
1101 silly tarball no local data for @babel/helper-validator-identifier@https://registry.npmjs.org/@babel/helper-validator-identifier/-/helper-validator-identifier-7.27.1.tgz. Extracting by manifest.
1102 silly tarball no local data for @babel/helper-string-parser@https://registry.npmjs.org/@babel/helper-string-parser/-/helper-string-parser-7.27.1.tgz. Extracting by manifest.
1103 silly tarball no local data for @babel/helper-plugin-utils@https://registry.npmjs.org/@babel/helper-plugin-utils/-/helper-plugin-utils-7.26.5.tgz. Extracting by manifest.
1104 silly tarball no local data for @babel/helper-module-transforms@https://registry.npmjs.org/@babel/helper-module-transforms/-/helper-module-transforms-7.26.0.tgz. Extracting by manifest.
1105 silly tarball no local data for @babel/generator@https://registry.npmjs.org/@babel/generator/-/generator-7.26.5.tgz. Extracting by manifest.
1106 silly tarball no local data for @babel/helper-compilation-targets@https://registry.npmjs.org/@babel/helper-compilation-targets/-/helper-compilation-targets-7.26.5.tgz. Extracting by manifest.
1107 silly tarball no local data for @babel/core@https://registry.npmjs.org/@babel/core/-/core-7.26.7.tgz. Extracting by manifest.
1108 silly tarball no local data for @babel/code-frame@https://registry.npmjs.org/@babel/code-frame/-/code-frame-7.27.1.tgz. Extracting by manifest.
1109 silly tarball no local data for @alloc/quick-lru@https://registry.npmjs.org/@alloc/quick-lru/-/quick-lru-5.2.0.tgz. Extracting by manifest.
1110 silly tarball no local data for @ampproject/remapping@https://registry.npmjs.org/@ampproject/remapping/-/remapping-2.3.0.tgz. Extracting by manifest.
1111 silly tarball no local data for @babel/compat-data@https://registry.npmjs.org/@babel/compat-data/-/compat-data-7.26.5.tgz. Extracting by manifest.
1112 silly tarball no local data for @babel/helper-module-imports@https://registry.npmjs.org/@babel/helper-module-imports/-/helper-module-imports-7.25.9.tgz. Extracting by manifest.
1113 silly tarball no local data for strip-ansi@https://registry.npmjs.org/strip-ansi/-/strip-ansi-6.0.1.tgz. Extracting by manifest.
1114 silly tarball no local data for string-width@https://registry.npmjs.org/string-width/-/string-width-4.2.3.tgz. Extracting by manifest.
1115 silly tarball no local data for is-fullwidth-code-point@https://registry.npmjs.org/is-fullwidth-code-point/-/is-fullwidth-code-point-3.0.0.tgz. Extracting by manifest.
1116 silly tarball no local data for emoji-regex@https://registry.npmjs.org/emoji-regex/-/emoji-regex-8.0.0.tgz. Extracting by manifest.
1117 silly tarball no local data for ansi-regex@https://registry.npmjs.org/ansi-regex/-/ansi-regex-5.0.1.tgz. Extracting by manifest.
1118 silly tarball no local data for ansi-styles@https://registry.npmjs.org/ansi-styles/-/ansi-styles-6.2.1.tgz. Extracting by manifest.
1119 silly tarball no local data for commander@https://registry.npmjs.org/commander/-/commander-4.1.1.tgz. Extracting by manifest.
1120 silly tarball no local data for emoji-regex@https://registry.npmjs.org/emoji-regex/-/emoji-regex-8.0.0.tgz. Extracting by manifest.
1121 silly tarball no local data for strip-ansi@https://registry.npmjs.org/strip-ansi/-/strip-ansi-6.0.1.tgz. Extracting by manifest.
1122 silly tarball no local data for ansi-regex@https://registry.npmjs.org/ansi-regex/-/ansi-regex-5.0.1.tgz. Extracting by manifest.
1123 silly tarball no local data for ansi-regex@https://registry.npmjs.org/ansi-regex/-/ansi-regex-5.0.1.tgz. Extracting by manifest.
1124 silly tarball no local data for is-fullwidth-code-point@https://registry.npmjs.org/is-fullwidth-code-point/-/is-fullwidth-code-point-3.0.0.tgz. Extracting by manifest.
1125 silly tarball no local data for ansi-styles@https://registry.npmjs.org/ansi-styles/-/ansi-styles-6.2.1.tgz. Extracting by manifest.
1126 silly tarball no local data for onetime@https://registry.npmjs.org/onetime/-/onetime-7.0.0.tgz. Extracting by manifest.
1127 silly tarball no local data for eventemitter3@https://registry.npmjs.org/eventemitter3/-/eventemitter3-4.0.7.tgz. Extracting by manifest.
1128 silly tarball no local data for react-is@https://registry.npmjs.org/react-is/-/react-is-18.3.1.tgz. Extracting by manifest.
1129 silly tarball no local data for lru-cache@https://registry.npmjs.org/lru-cache/-/lru-cache-10.4.3.tgz. Extracting by manifest.
1130 silly tarball no local data for path-key@https://registry.npmjs.org/path-key/-/path-key-4.0.0.tgz. Extracting by manifest.
1131 silly tarball no local data for slice-ansi@https://registry.npmjs.org/slice-ansi/-/slice-ansi-7.1.0.tgz. Extracting by manifest.
1132 silly tarball no local data for is-fullwidth-code-point@https://registry.npmjs.org/is-fullwidth-code-point/-/is-fullwidth-code-point-5.0.0.tgz. Extracting by manifest.
1133 silly tarball no local data for ansi-styles@https://registry.npmjs.org/ansi-styles/-/ansi-styles-6.2.1.tgz. Extracting by manifest.
1134 silly tarball no local data for chalk@https://registry.npmjs.org/chalk/-/chalk-5.4.1.tgz. Extracting by manifest.
1135 silly tarball no local data for glob-parent@https://registry.npmjs.org/glob-parent/-/glob-parent-5.1.2.tgz. Extracting by manifest.
1136 silly tarball no local data for eslint-visitor-keys@https://registry.npmjs.org/eslint-visitor-keys/-/eslint-visitor-keys-4.2.1.tgz. Extracting by manifest.
1137 silly tarball no local data for eslint-visitor-keys@https://registry.npmjs.org/eslint-visitor-keys/-/eslint-visitor-keys-4.2.1.tgz. Extracting by manifest.
1138 silly tarball no local data for brace-expansion@https://registry.npmjs.org/brace-expansion/-/brace-expansion-1.1.12.tgz. Extracting by manifest.
1139 silly tarball no local data for regenerator-runtime@https://registry.npmjs.org/regenerator-runtime/-/regenerator-runtime-0.13.11.tgz. Extracting by manifest.
1140 silly tarball no local data for minimatch@https://registry.npmjs.org/minimatch/-/minimatch-3.1.2.tgz. Extracting by manifest.
1141 silly tarball no local data for glob-parent@https://registry.npmjs.org/glob-parent/-/glob-parent-5.1.2.tgz. Extracting by manifest.
1142 silly tarball no local data for eslint-visitor-keys@https://registry.npmjs.org/eslint-visitor-keys/-/eslint-visitor-keys-4.2.0.tgz. Extracting by manifest.
1143 silly tarball no local data for postcss-selector-parser@https://registry.npmjs.org/postcss-selector-parser/-/postcss-selector-parser-6.0.10.tgz. Extracting by manifest.
1144 silly tarball no local data for @radix-ui/react-primitive@https://registry.npmjs.org/@radix-ui/react-primitive/-/react-primitive-2.0.2.tgz. Extracting by manifest.
1145 silly tarball no local data for @radix-ui/react-portal@https://registry.npmjs.org/@radix-ui/react-portal/-/react-portal-1.1.4.tgz. Extracting by manifest.
1146 silly tarball no local data for @radix-ui/react-arrow@https://registry.npmjs.org/@radix-ui/react-arrow/-/react-arrow-1.1.2.tgz. Extracting by manifest.
1147 silly tarball no local data for @radix-ui/react-popper@https://registry.npmjs.org/@radix-ui/react-popper/-/react-popper-1.2.2.tgz. Extracting by manifest.
1148 silly tarball no local data for @radix-ui/react-dismissable-layer@https://registry.npmjs.org/@radix-ui/react-dismissable-layer/-/react-dismissable-layer-1.1.5.tgz. Extracting by manifest.
1149 silly tarball no local data for @radix-ui/react-slot@https://registry.npmjs.org/@radix-ui/react-slot/-/react-slot-1.1.2.tgz. Extracting by manifest.
1150 silly tarball no local data for string-width@https://registry.npmjs.org/string-width/-/string-width-5.1.2.tgz. Extracting by manifest.
1151 silly tarball no local data for ansi-styles@https://registry.npmjs.org/ansi-styles/-/ansi-styles-6.2.1.tgz. Extracting by manifest.
1152 silly tarball no local data for wrap-ansi@https://registry.npmjs.org/wrap-ansi/-/wrap-ansi-8.1.0.tgz. Extracting by manifest.
1153 silly tarball no local data for emoji-regex@https://registry.npmjs.org/emoji-regex/-/emoji-regex-9.2.2.tgz. Extracting by manifest.
1154 silly tarball no local data for minimatch@https://registry.npmjs.org/minimatch/-/minimatch-3.1.2.tgz. Extracting by manifest.
1155 silly tarball no local data for brace-expansion@https://registry.npmjs.org/brace-expansion/-/brace-expansion-1.1.12.tgz. Extracting by manifest.
1156 silly tarball no local data for globals@https://registry.npmjs.org/globals/-/globals-14.0.0.tgz. Extracting by manifest.
1157 silly tarball no local data for @humanwhocodes/retry@https://registry.npmjs.org/@humanwhocodes/retry/-/retry-0.3.1.tgz. Extracting by manifest.
1158 silly tarball no local data for brace-expansion@https://registry.npmjs.org/brace-expansion/-/brace-expansion-1.1.12.tgz. Extracting by manifest.
1159 silly tarball no local data for minimatch@https://registry.npmjs.org/minimatch/-/minimatch-3.1.2.tgz. Extracting by manifest.
1160 silly tarball no local data for semver@https://registry.npmjs.org/semver/-/semver-6.3.1.tgz. Extracting by manifest.
1161 silly tarball no local data for semver@https://registry.npmjs.org/semver/-/semver-6.3.1.tgz. Extracting by manifest.
1162 http fetch POST 200 https://registry.npmjs.org/-/npm/v1/security/advisories/bulk 1337ms
1163 silly audit report {
1163 silly audit report   '@ckeditor/ckeditor5-html-support': [
1163 silly audit report     {
1163 silly audit report       id: 1114938,
1163 silly audit report       url: 'https://github.com/advisories/GHSA-jrqm-vmqc-gm93',
1163 silly audit report       title: 'CKEditor 5 has Cross-site Scripting (XSS) in the HTML Support package',
1163 silly audit report       severity: 'moderate',
1163 silly audit report       vulnerable_versions: '>=29.0.0 <47.6.0',
1163 silly audit report       cwe: [Array],
1163 silly audit report       cvss: [Object]
1163 silly audit report     }
1163 silly audit report   ],
1163 silly audit report   'brace-expansion': [
1163 silly audit report     {
1163 silly audit report       id: 1105444,
1163 silly audit report       url: 'https://github.com/advisories/GHSA-v6h2-p8h4-qcjw',
1163 silly audit report       title: 'brace-expansion Regular Expression Denial of Service vulnerability',
1163 silly audit report       severity: 'low',
1163 silly audit report       vulnerable_versions: '>=2.0.0 <=2.0.1',
1163 silly audit report       cwe: [Array],
1163 silly audit report       cvss: [Object]
1163 silly audit report     },
1163 silly audit report     {
1163 silly audit report       id: 1115540,
1163 silly audit report       url: 'https://github.com/advisories/GHSA-f886-m6hf-6m8v',
1163 silly audit report       title: 'brace-expansion: Zero-step sequence causes process hang and memory exhaustion',
1163 silly audit report       severity: 'moderate',
1163 silly audit report       vulnerable_versions: '<1.1.13',
1163 silly audit report       cwe: [Array],
1163 silly audit report       cvss: [Object]
1163 silly audit report     },
1163 silly audit report     {
1163 silly audit report       id: 1115541,
1163 silly audit report       url: 'https://github.com/advisories/GHSA-f886-m6hf-6m8v',
1163 silly audit report       title: 'brace-expansion: Zero-step sequence causes process hang and memory exhaustion',
1163 silly audit report       severity: 'moderate',
1163 silly audit report       vulnerable_versions: '>=2.0.0 <2.0.3',
1163 silly audit report       cwe: [Array],
1163 silly audit report       cvss: [Object]
1163 silly audit report     }
1163 silly audit report   ],
1163 silly audit report   minimatch: [
1163 silly audit report     {
1163 silly audit report       id: 1113459,
1163 silly audit report       url: 'https://github.com/advisories/GHSA-3ppc-4f35-3m26',
1163 silly audit report       title: 'minimatch has a ReDoS via repeated wildcards with non-matching literal in pattern',
1163 silly audit report       severity: 'high',
1163 silly audit report       vulnerable_versions: '<3.1.3',
1163 silly audit report       cwe: [Array],
1163 silly audit report       cvss: [Object]
1163 silly audit report     },
1163 silly audit report     {
1163 silly audit report       id: 1113465,
1163 silly audit report       url: 'https://github.com/advisories/GHSA-3ppc-4f35-3m26',
1163 silly audit report       title: 'minimatch has a ReDoS via repeated wildcards with non-matching literal in pattern',
1163 silly audit report       severity: 'high',
1163 silly audit report       vulnerable_versions: '>=9.0.0 <9.0.6',
1163 silly audit report       cwe: [Array],
1163 silly audit report       cvss: [Object]
1163 silly audit report     },
1163 silly audit report     {
1163 silly audit report       id: 1113538,
1163 silly audit report       url: 'https://github.com/advisories/GHSA-7r86-cg39-jmmj',
1163 silly audit report       title: 'minimatch has ReDoS: matchOne() combinatorial backtracking via multiple non-adjacent GLOBSTAR segments',
1163 silly audit report       severity: 'high',
1163 silly audit report       vulnerable_versions: '<3.1.3',
1163 silly audit report       cwe: [Array],
1163 silly audit report       cvss: [Object]
1163 silly audit report     },
1163 silly audit report     {
1163 silly audit report       id: 1113544,
1163 silly audit report       url: 'https://github.com/advisories/GHSA-7r86-cg39-jmmj',
1163 silly audit report       title: 'minimatch has ReDoS: matchOne() combinatorial backtracking via multiple non-adjacent GLOBSTAR segments',
1163 silly audit report       severity: 'high',
1163 silly audit report       vulnerable_versions: '>=9.0.0 <9.0.7',
1163 silly audit report       cwe: [Array],
1163 silly audit report       cvss: [Object]
1163 silly audit report     },
1163 silly audit report     {
1163 silly audit report       id: 1113546,
1163 silly audit report       url: 'https://github.com/advisories/GHSA-23c5-xmqv-rm74',
1163 silly audit report       title: 'minimatch ReDoS: nested *() extglobs generate catastrophically backtracking regular expressions',
1163 silly audit report       severity: 'high',
1163 silly audit report       vulnerable_versions: '<3.1.4',
1163 silly audit report       cwe: [Array],
1163 silly audit report       cvss: [Object]
1163 silly audit report     },
1163 silly audit report     {
1163 silly audit report       id: 1113552,
1163 silly audit report       url: 'https://github.com/advisories/GHSA-23c5-xmqv-rm74',
1163 silly audit report       title: 'minimatch ReDoS: nested *() extglobs generate catastrophically backtracking regular expressions',
1163 silly audit report       severity: 'high',
1163 silly audit report       vulnerable_versions: '>=9.0.0 <9.0.7',
1163 silly audit report       cwe: [Array],
1163 silly audit report       cvss: [Object]
1163 silly audit report     }
1163 silly audit report   ],
1163 silly audit report   ajv: [
1163 silly audit report     {
1163 silly audit report       id: 1113714,
1163 silly audit report       url: 'https://github.com/advisories/GHSA-2g4f-4pwh-qvx6',
1163 silly audit report       title: 'ajv has ReDoS when using `$data` option',
1163 silly audit report       severity: 'moderate',
1163 silly audit report       vulnerable_versions: '<6.14.0',
1163 silly audit report       cwe: [Array],
1163 silly audit report       cvss: [Object]
1163 silly audit report     }
1163 silly audit report   ],
1163 silly audit report   axios: [
1163 silly audit report     {
1163 silly audit report       id: 1118607,
1163 silly audit report       url: 'https://github.com/advisories/GHSA-q8qp-cvcw-x6jj',
1163 silly audit report       title: 'Axios has prototype pollution read-side gadgets in HTTP adapter that allow credential injection and request hijacking',
1163 silly audit report       severity: 'high',
1163 silly audit report       vulnerable_versions: '>=1.0.0 <1.15.2',
1163 silly audit report       cwe: [Array],
1163 silly audit report       cvss: [Object]
1163 silly audit report     },
1163 silly audit report     {
1163 silly audit report       id: 1112195,
1163 silly audit report       url: 'https://github.com/advisories/GHSA-4hjh-wcwx-xvwj',
1163 silly audit report       title: 'Axios is vulnerable to DoS attack through lack of data size check',
1163 silly audit report       severity: 'high',
1163 silly audit report       vulnerable_versions: '>=1.0.0 <1.12.0',
1163 silly audit report       cwe: [Array],
1163 silly audit report       cvss: [Object]
1163 silly audit report     },
1163 silly audit report     {
1163 silly audit report       id: 1119404,
1163 silly audit report       url: 'https://github.com/advisories/GHSA-fvcv-3m26-pcqx',
1163 silly audit report       title: 'Axios has Unrestricted Cloud Metadata Exfiltration via Header Injection Chain',
1163 silly audit report       severity: 'moderate',
1163 silly audit report       vulnerable_versions: '>=1.0.0 <1.15.0',
1163 silly audit report       cwe: [Array],
1163 silly audit report       cvss: [Object]
1163 silly audit report     },
1163 silly audit report     {
1163 silly audit report       id: 1116673,
1163 silly audit report       url: 'https://github.com/advisories/GHSA-3p68-rc4w-qgx5',
1163 silly audit report       title: 'Axios has a NO_PROXY Hostname Normalization Bypass that Leads to SSRF',
1163 silly audit report       severity: 'moderate',
1163 silly audit report       vulnerable_versions: '>=1.0.0 <1.15.0',
1163 silly audit report       cwe: [Array],
1163 silly audit report       cvss: [Object]
1163 silly audit report     },
1163 silly audit report     {
1163 silly audit report       id: 1117574,
1163 silly audit report       url: 'https://github.com/advisories/GHSA-w9j2-pvgh-6h63',
1163 silly audit report       title: 'Axios: Authentication Bypass via Prototype Pollution Gadget in `validateStatus` Merge Strategy',
1163 silly audit report       severity: 'moderate',
1163 silly audit report       vulnerable_versions: '>=1.0.0 <1.15.1',
1163 silly audit report       cwe: [Array],
1163 silly audit report       cvss: [Object]
1163 silly audit report     },
1163 silly audit report     {
1163 silly audit report       id: 1117576,
1163 silly audit report       url: 'https://github.com/advisories/GHSA-pmwg-cvhr-8vh7',
1163 silly audit report       title: 'Axios: Incomplete Fix for CVE-2025-62718 — NO_PROXY Protection Bypassed via RFC 1122 Loopback Subnet (127.0.0.0/8) in Axios 1.15.0',
1163 silly audit report       severity: 'high',
1163 silly audit report       vulnerable_versions: '>=1.0.0 <1.15.1',
1163 silly audit report       cwe: [Array],
1163 silly audit report       cvss: [Object]
1163 silly audit report     },
1163 silly audit report     {
1163 silly audit report       id: 1117577,
1163 silly audit report       url: 'https://github.com/advisories/GHSA-3w6x-2g7m-8v23',
1163 silly audit report       title: 'Axios: Invisible JSON Response Tampering via Prototype Pollution Gadget in `parseReviver`',
1163 silly audit report       severity: 'moderate',
1163 silly audit report       vulnerable_versions: '>=1.0.0 <1.15.2',
1163 silly audit report       cwe: [Array],
1163 silly audit report       cvss: [Object]
1163 silly audit report     },
1163 silly audit report     {
1163 silly audit report       id: 1117580,
1163 silly audit report       url: 'https://github.com/advisories/GHSA-xhjh-pmcv-23jw',
1163 silly audit report       title: 'Axios: Null Byte Injection via Reverse-Encoding in AxiosURLSearchParams',
1163 silly audit report       severity: 'low',
1163 silly audit report       vulnerable_versions: '>=1.0.0 <1.15.1',
1163 silly audit report       cwe: [Array],
1163 silly audit report       cvss: [Object]
1163 silly audit report     },
1163 silly audit report     {
1163 silly audit report       id: 1117581,
1163 silly audit report       url: 'https://github.com/advisories/GHSA-445q-vr5w-6q77',
1163 silly audit report       title: 'Axios: CRLF Injection in multipart/form-data body via unsanitized blob.type in formDataToStream',
1163 silly audit report       severity: 'moderate',
1163 silly audit report       vulnerable_versions: '>=1.0.0 <1.15.1',
1163 silly audit report       cwe: [Array],
1163 silly audit report       cvss: [Object]
1163 silly audit report     },
1163 silly audit report     {
1163 silly audit report       id: 1117583,
1163 silly audit report       url: 'https://github.com/advisories/GHSA-m7pr-hjqh-92cm',
1163 silly audit report       title: 'Axios: no_proxy bypass via IP alias allows SSRF',
1163 silly audit report       severity: 'moderate',
1163 silly audit report       vulnerable_versions: '>=1.0.0 <1.15.1',
1163 silly audit report       cwe: [Array],
1163 silly audit report       cvss: [Object]
1163 silly audit report     },
1163 silly audit report     {
1163 silly audit report       id: 1117585,
1163 silly audit report       url: 'https://github.com/advisories/GHSA-62hf-57xw-28j9',
1163 silly audit report       title: 'Axios: unbounded recursion in toFormData causes DoS via deeply nested request data',
1163 silly audit report       severity: 'moderate',
1163 silly audit report       vulnerable_versions: '>=1.0.0 <1.15.1',
1163 silly audit report       cwe: [Array],
1163 silly audit report       cvss: [Object]
1163 silly audit report     },
1163 silly audit report     {
1163 silly audit report       id: 1117587,
1163 silly audit report       url: 'https://github.com/advisories/GHSA-5c9x-8gcm-mpgx',
1163 silly audit report       title: "Axios' HTTP adapter-streamed uploads bypass maxBodyLength when maxRedirects: 0",
1163 silly audit report       severity: 'moderate',
1163 silly audit report       vulnerable_versions: '>=1.0.0 <1.15.1',
1163 silly audit report       cwe: [Array],
1163 silly audit report       cvss: [Object]
1163 silly audit report     },
1163 silly audit report     {
1163 silly audit report       id: 1117589,
1163 silly audit report       url: 'https://github.com/advisories/GHSA-vf2m-468p-8v99',
1163 silly audit report       title: 'Axios: HTTP adapter streamed responses bypass maxContentLength',
1163 silly audit report       severity: 'moderate',
1163 silly audit report       vulnerable_versions: '>=1.0.0 <1.15.1',
1163 silly audit report       cwe: [Array],
1163 silly audit report       cvss: [Object]
1163 silly audit report     },
1163 silly audit report     {
1163 silly audit report       id: 1117591,
1163 silly audit report       url: 'https://github.com/advisories/GHSA-pf86-5x62-jrwf',
1163 silly audit report       title: 'Axios: Prototype Pollution Gadgets - Response Tampering, Data Exfiltration, and Request Hijacking',
1163 silly audit report       severity: 'high',
1163 silly audit report       vulnerable_versions: '>=1.0.0 <1.15.1',
1163 silly audit report       cwe: [Array],
1163 silly audit report       cvss: [Object]
1163 silly audit report     },
1163 silly audit report     {
1163 silly audit report       id: 1117593,
1163 silly audit report       url: 'https://github.com/advisories/GHSA-6chq-wfr3-2hj9',
1163 silly audit report       title: 'Axios: Header Injection via Prototype Pollution',
1163 silly audit report       severity: 'high',
1163 silly audit report       vulnerable_versions: '>=1.0.0 <1.15.1',
1163 silly audit report       cwe: [Array],
1163 silly audit report       cvss: [Object]
1163 silly audit report     },
1163 silly audit report     {
1163 silly audit report       id: 1117595,
1163 silly audit report       url: 'https://github.com/advisories/GHSA-xx6v-rp6x-q39c',
1163 silly audit report       title: 'Axios: XSRF Token Cross-Origin Leakage via Prototype Pollution Gadget in `withXSRFToken` Boolean Coercion',
1163 silly audit report       severity: 'moderate',
1163 silly audit report       vulnerable_versions: '>=1.0.0 <1.15.1',
1163 silly audit report       cwe: [Array],
1163 silly audit report       cvss: [Object]
1163 silly audit report     },
1163 silly audit report     {
1163 silly audit report       id: 1117858,
1163 silly audit report       url: 'https://github.com/advisories/GHSA-43fc-jf86-j433',
1163 silly audit report       title: 'Axios is Vulnerable to Denial of Service via __proto__ Key in mergeConfig',
1163 silly audit report       severity: 'high',
1163 silly audit report       vulnerable_versions: '>=1.0.0 <=1.13.4',
1163 silly audit report       cwe: [Array],
1163 silly audit report       cvss: [Object]
1163 silly audit report     }
1163 silly audit report   ],
1163 silly audit report   ckeditor5: [
1163 silly audit report     {
1163 silly audit report       id: 1114937,
1163 silly audit report       url: 'https://github.com/advisories/GHSA-jrqm-vmqc-gm93',
1163 silly audit report       title: 'CKEditor 5 has Cross-site Scripting (XSS) in the HTML Support package',
1163 silly audit report       severity: 'moderate',
1163 silly audit report       vulnerable_versions: '>=29.0.0 <47.6.0',
1163 silly audit report       cwe: [Array],
1163 silly audit report       cvss: [Object]
1163 silly audit report     }
1163 silly audit report   ],
1163 silly audit report   dompurify: [
1163 silly audit report     {
1163 silly audit report       id: 1105772,
1163 silly audit report       url: 'https://github.com/advisories/GHSA-vhxf-7vqr-mrjg',
1163 silly audit report       title: 'DOMPurify allows Cross-site Scripting (XSS)',
1163 silly audit report       severity: 'moderate',
1163 silly audit report       vulnerable_versions: '<3.2.4',
1163 silly audit report       cwe: [Array],
1163 silly audit report       cvss: [Object]
1163 silly audit report     },
1163 silly audit report     {
1163 silly audit report       id: 1113980,
1163 silly audit report       url: 'https://github.com/advisories/GHSA-v8jm-5vwx-cfxm',
1163 silly audit report       title: 'DOMPurify contains a Cross-site Scripting vulnerability',
1163 silly audit report       severity: 'moderate',
1163 silly audit report       vulnerable_versions: '>=2.5.3 <=2.5.8',
1163 silly audit report       cwe: [Array],
1163 silly audit report       cvss: [Object]
1163 silly audit report     },
1163 silly audit report     {
1163 silly audit report       id: 1115667,
1163 silly audit report       url: 'https://github.com/advisories/GHSA-v2wj-7wpq-c8vv',
1163 silly audit report       title: 'DOMPurify contains a Cross-site Scripting vulnerability',
1163 silly audit report       severity: 'moderate',
1163 silly audit report       vulnerable_versions: '>=2.5.3 <=2.5.8',
1163 silly audit report       cwe: [Array],
1163 silly audit report       cvss: [Object]
1163 silly audit report     },
1163 silly audit report     {
1163 silly audit report       id: 1115921,
1163 silly audit report       url: 'https://github.com/advisories/GHSA-cjmm-f4jc-qw8r',
1163 silly audit report       title: 'DOMPurify ADD_ATTR predicate skips URI validation',
1163 silly audit report       severity: 'moderate',
1163 silly audit report       vulnerable_versions: '<=3.3.1',
1163 silly audit report       cwe: [Array],
1163 silly audit report       cvss: [Object]
1163 silly audit report     },
1163 silly audit report     {
1163 silly audit report       id: 1115922,
1163 silly audit report       url: 'https://github.com/advisories/GHSA-cj63-jhhr-wcxv',
1163 silly audit report       title: 'DOMPurify USE_PROFILES prototype pollution allows event handlers',
1163 silly audit report       severity: 'moderate',
1163 silly audit report       vulnerable_versions: '<=3.3.1',
1163 silly audit report       cwe: [Array],
1163 silly audit report       cvss: [Object]
1163 silly audit report     },
1163 silly audit report     {
1163 silly audit report       id: 1116663,
1163 silly audit report       url: 'https://github.com/advisories/GHSA-39q2-94rc-95cp',
1163 silly audit report       title: "DOMPurify's ADD_TAGS function form bypasses FORBID_TAGS due to short-circuit evaluation",
1163 silly audit report       severity: 'moderate',
1163 silly audit report       vulnerable_versions: '<=3.3.3',
1163 silly audit report       cwe: [Array],
1163 silly audit report       cvss: [Object]
1163 silly audit report     },
1163 silly audit report     {
1163 silly audit report       id: 1117138,
1163 silly audit report       url: 'https://github.com/advisories/GHSA-h7mw-gpvr-xq4m',
1163 silly audit report       title: 'DOMPurify: FORBID_TAGS bypassed by function-based ADD_TAGS predicate (asymmetry with FORBID_ATTR fix)',
1163 silly audit report       severity: 'moderate',
1163 silly audit report       vulnerable_versions: '<3.4.0',
1163 silly audit report       cwe: [Array],
1163 silly audit report       cvss: [Object]
1163 silly audit report     },
1163 silly audit report     {
1163 silly audit report       id: 1117139,
1163 silly audit report       url: 'https://github.com/advisories/GHSA-crv5-9vww-q3g8',
1163 silly audit report       title: 'DOMPurify has a SAFE_FOR_TEMPLATES bypass in RETURN_DOM mode',
1163 silly audit report       severity: 'moderate',
1163 silly audit report       vulnerable_versions: '>=1.0.10 <3.4.0',
1163 silly audit report       cwe: [Array],
1163 silly audit report       cvss: [Object]
1163 silly audit report     },
1163 silly audit report     {
1163 silly audit report       id: 1117795,
1163 silly audit report       url: 'https://github.com/advisories/GHSA-h8r8-wccr-v5f2',
1163 silly audit report       title: 'DOMPurify is vulnerable to mutation-XSS via Re-Contextualization ',
1163 silly audit report       severity: 'moderate',
1163 silly audit report       vulnerable_versions: '<3.3.2',
1163 silly audit report       cwe: [Array],
1163 silly audit report       cvss: [Object]
1163 silly audit report     }
1163 silly audit report   ],
1163 silly audit report   esbuild: [
1163 silly audit report     {
1163 silly audit report       id: 1102341,
1163 silly audit report       url: 'https://github.com/advisories/GHSA-67mh-4wv8-2f99',
1163 silly audit report       title: 'esbuild enables any website to send any requests to the development server and read the response',
1163 silly audit report       severity: 'moderate',
1163 silly audit report       vulnerable_versions: '<=0.24.2',
1163 silly audit report       cwe: [Array],
1163 silly audit report       cvss: [Object]
1163 silly audit report     }
1163 silly audit report   ],
1163 silly audit report   flatted: [
1163 silly audit report     {
1163 silly audit report       id: 1114526,
1163 silly audit report       url: 'https://github.com/advisories/GHSA-25h7-pfq9-p65f',
1163 silly audit report       title: 'flatted vulnerable to unbounded recursion DoS in parse() revive phase',
1163 silly audit report       severity: 'high',
1163 silly audit report       vulnerable_versions: '<3.4.0',
1163 silly audit report       cwe: [Array],
1163 silly audit report       cvss: [Object]
1163 silly audit report     },
1163 silly audit report     {
1163 silly audit report       id: 1115357,
1163 silly audit report       url: 'https://github.com/advisories/GHSA-rf6f-7fwh-wjgh',
1163 silly audit report       title: 'Prototype Pollution via parse() in NodeJS flatted',
1163 silly audit report       severity: 'high',
1163 silly audit report       vulnerable_versions: '<=3.4.1',
1163 silly audit report       cwe: [Array],
1163 silly audit report       cvss: [Object]
1163 silly audit report     }
1163 silly audit report   ],
1163 silly audit report   'follow-redirects': [
1163 silly audit report     {
1163 silly audit report       id: 1116560,
1163 silly audit report       url: 'https://github.com/advisories/GHSA-r4q5-vmmm-2653',
1163 silly audit report       title: 'follow-redirects leaks Custom Authentication Headers to Cross-Domain Redirect Targets',
1163 silly audit report       severity: 'moderate',
1163 silly audit report       vulnerable_versions: '<=1.15.11',
1163 silly audit report       cwe: [Array],
1163 silly audit report       cvss: [Object]
1163 silly audit report     }
1163 silly audit report   ],
1163 silly audit report   glob: [
1163 silly audit report     {
1163 silly audit report       id: 1109842,
1163 silly audit report       url: 'https://github.com/advisories/GHSA-5j98-mcp5-4vw2',
1163 silly audit report       title: 'glob CLI: Command injection via -c/--cmd executes matches with shell:true',
1163 silly audit report       severity: 'high',
1163 silly audit report       vulnerable_versions: '>=10.2.0 <10.5.0',
1163 silly audit report       cwe: [Array],
1163 silly audit report       cvss: [Object]
1163 silly audit report     }
1163 silly audit report   ],
1163 silly audit report   'js-cookie': [
1163 silly audit report     {
1163 silly audit report       id: 1119459,
1163 silly audit report       url: 'https://github.com/advisories/GHSA-qjx8-664m-686j',
1163 silly audit report       title: 'JavaScript Cookie: Per-instance prototype hijack in assign() enables cookie-attribute injection',
1163 silly audit report       severity: 'high',
1163 silly audit report       vulnerable_versions: '<=3.0.5',
1163 silly audit report       cwe: [Array],
1163 silly audit report       cvss: [Object]
1163 silly audit report     }
1163 silly audit report   ],
1163 silly audit report   'js-yaml': [
1163 silly audit report     {
1163 silly audit report       id: 1112715,
1163 silly audit report       url: 'https://github.com/advisories/GHSA-mh29-5h37-fv8m',
1163 silly audit report       title: 'js-yaml has prototype pollution in merge (<<)',
1163 silly audit report       severity: 'moderate',
1163 silly audit report       vulnerable_versions: '>=4.0.0 <4.1.1',
1163 silly audit report       cwe: [Array],
1163 silly audit report       cvss: [Object]
1163 silly audit report     }
1163 silly audit report   ],
1163 silly audit report   jspdf: [
1163 silly audit report     {
1163 silly audit report       id: 1103308,
1163 silly audit report       url: 'https://github.com/advisories/GHSA-w532-jxjh-hjhj',
1163 silly audit report       title: 'jsPDF Bypass Regular Expression Denial of Service (ReDoS)',
1163 silly audit report       severity: 'high',
1163 silly audit report       vulnerable_versions: '<3.0.1',
1163 silly audit report       cwe: [Array],
1163 silly audit report       cvss: [Object]
1163 silly audit report     },
1163 silly audit report     {
1163 silly audit report       id: 1107412,
1163 silly audit report       url: 'https://github.com/advisories/GHSA-8mvj-3j78-4qmw',
1163 silly audit report       title: 'jsPDF Denial of Service (DoS)',
1163 silly audit report       severity: 'high',
1163 silly audit report       vulnerable_versions: '<=3.0.1',
1163 silly audit report       cwe: [Array],
1163 silly audit report       cvss: [Object]
1163 silly audit report     },
1163 silly audit report     {
1163 silly audit report       id: 1112264,
1163 silly audit report       url: 'https://github.com/advisories/GHSA-f8cm-6447-x5h2',
1163 silly audit report       title: 'jsPDF has Local File Inclusion/Path Traversal vulnerability',
1163 silly audit report       severity: 'critical',
1163 silly audit report       vulnerable_versions: '<=3.0.4',
1163 silly audit report       cwe: [Array],
1163 silly audit report       cvss: [Object]
1163 silly audit report     },
1163 silly audit report     {
1163 silly audit report       id: 1112801,
1163 silly audit report       url: 'https://github.com/advisories/GHSA-pqxr-3g65-p328',
1163 silly audit report       title: 'jsPDF has PDF Injection in AcroFormChoiceField that allows Arbitrary JavaScript Execution',
1163 silly audit report       severity: 'high',
1163 silly audit report       vulnerable_versions: '<=4.0.0',
1163 silly audit report       cwe: [Array],
1163 silly audit report       cvss: [Object]
1163 silly audit report     },
1163 silly audit report     {
1163 silly audit report       id: 1112802,
1163 silly audit report       url: 'https://github.com/advisories/GHSA-95fx-jjr5-f39c',
1163 silly audit report       title: 'jsPDF Vulnerable to Denial of Service (DoS) via Unvalidated BMP Dimensions in BMPDecoder',
1163 silly audit report       severity: 'high',
1163 silly audit report       vulnerable_versions: '<=4.0.0',
1163 silly audit report       cwe: [Array],
1163 silly audit report       cvss: [Object]
1163 silly audit report     },
1163 silly audit report     {
1163 silly audit report       id: 1112803,
1163 silly audit report       url: 'https://github.com/advisories/GHSA-vm32-vv63-w422',
1163 silly audit report       title: 'jsPDF Vulnerable to Stored XMP Metadata Injection (Spoofing & Integrity Violation)',
1163 silly audit report       severity: 'moderate',
1163 silly audit report       vulnerable_versions: '<=4.0.0',
1163 silly audit report       cwe: [Array],
1163 silly audit report       cvss: [Object]
1163 silly audit report     },
1163 silly audit report     {
1163 silly audit report       id: 1112804,
1163 silly audit report       url: 'https://github.com/advisories/GHSA-cjw8-79x6-5cj4',
1163 silly audit report       title: 'jsPDF has Shared State Race Condition in addJS Plugin',
1163 silly audit report       severity: 'moderate',
1163 silly audit report       vulnerable_versions: '<=4.0.0',
1163 silly audit report       cwe: [Array],
1163 silly audit report       cvss: [Object]
1163 silly audit report     },
1163 silly audit report     {
1163 silly audit report       id: 1113310,
1163 silly audit report       url: 'https://github.com/advisories/GHSA-9vjf-qc39-jprp',
1163 silly audit report       title: 'jsPDF has a PDF Object Injection via Unsanitized Input in addJS Method',
1163 silly audit report       severity: 'high',
1163 silly audit report       vulnerable_versions: '<4.2.0',
1163 silly audit report       cwe: [Array],
1163 silly audit report       cvss: [Object]
1163 silly audit report     },
1163 silly audit report     {
1163 silly audit report       id: 1113324,
1163 silly audit report       url: 'https://github.com/advisories/GHSA-67pg-wm7f-q7fj',
1163 silly audit report       title: 'jsPDF Affected by Client-Side/Server-Side Denial of Service via Malicious GIF Dimensions',
1163 silly audit report       severity: 'high',
1163 silly audit report       vulnerable_versions: '<4.2.0',
1163 silly audit report       cwe: [Array],
1163 silly audit report       cvss: [Object]
1163 silly audit report     },
1163 silly audit report     {
1163 silly audit report       id: 1114396,
1163 silly audit report       url: 'https://github.com/advisories/GHSA-p5xg-68wr-hm3m',
1163 silly audit report       title: 'jsPDF has a PDF Injection in AcroForm module allows Arbitrary JavaScript Execution (RadioButton.createOption and "AS" property)',
1163 silly audit report       severity: 'high',
1163 silly audit report       vulnerable_versions: '<4.2.0',
1163 silly audit report       cwe: [Array],
1163 silly audit report       cvss: [Object]
1163 silly audit report     },
1163 silly audit report     {
1163 silly audit report       id: 1114950,
1163 silly audit report       url: 'https://github.com/advisories/GHSA-7x6v-j9x4-qf24',
1163 silly audit report       title: 'jsPDF has a PDF Object Injection via FreeText color',
1163 silly audit report       severity: 'high',
1163 silly audit report       vulnerable_versions: '<=4.2.0',
1163 silly audit report       cwe: [Array],
1163 silly audit report       cvss: [Object]
1163 silly audit report     },
1163 silly audit report     {
1163 silly audit report       id: 1114974,
1163 silly audit report       url: 'https://github.com/advisories/GHSA-wfv2-pwc8-crg5',
1163 silly audit report       title: 'jsPDF has HTML Injection in New Window paths',
1163 silly audit report       severity: 'critical',
1163 silly audit report       vulnerable_versions: '<=4.2.0',
1163 silly audit report       cwe: [Array],
1163 silly audit report       cvss: [Object]
1163 silly audit report     }
1163 silly audit report   ],
1163 silly audit report   lodash: [
1163 silly audit report     {
1163 silly audit report       id: 1112455,
1163 silly audit report       url: 'https://github.com/advisories/GHSA-xxjr-mmjv-4gpg',
1163 silly audit report       title: 'Lodash has Prototype Pollution Vulnerability in `_.unset` and `_.omit` functions',
1163 silly audit report       severity: 'moderate',
1163 silly audit report       vulnerable_versions: '>=4.0.0 <=4.17.22',
1163 silly audit report       cwe: [Array],
1163 silly audit report       cvss: [Object]
1163 silly audit report     },
1163 silly audit report     {
1163 silly audit report       id: 1115806,
1163 silly audit report       url: 'https://github.com/advisories/GHSA-r5fr-rjxr-66jc',
1163 silly audit report       title: 'lodash vulnerable to Code Injection via `_.template` imports key names',
1163 silly audit report       severity: 'high',
1163 silly audit report       vulnerable_versions: '>=4.0.0 <=4.17.23',
1163 silly audit report       cwe: [Array],
1163 silly audit report       cvss: [Object]
1163 silly audit report     },
1163 silly audit report     {
1163 silly audit report       id: 1115810,
1163 silly audit report       url: 'https://github.com/advisories/GHSA-f23m-r3pf-42rh',
1163 silly audit report       title: 'lodash vulnerable to Prototype Pollution via array path bypass in `_.unset` and `_.omit`',
1163 silly audit report       severity: 'moderate',
1163 silly audit report       vulnerable_versions: '<=4.17.23',
1163 silly audit report       cwe: [Array],
1163 silly audit report       cvss: [Object]
1163 silly audit report     }
1163 silly audit report   ],
1163 silly audit report   'lodash-es': [
1163 silly audit report     {
1163 silly audit report       id: 1112453,
1163 silly audit report       url: 'https://github.com/advisories/GHSA-xxjr-mmjv-4gpg',
1163 silly audit report       title: 'Lodash has Prototype Pollution Vulnerability in `_.unset` and `_.omit` functions',
1163 silly audit report       severity: 'moderate',
1163 silly audit report       vulnerable_versions: '>=4.0.0 <=4.17.22',
1163 silly audit report       cwe: [Array],
1163 silly audit report       cvss: [Object]
1163 silly audit report     },
1163 silly audit report     {
1163 silly audit report       id: 1115805,
1163 silly audit report       url: 'https://github.com/advisories/GHSA-r5fr-rjxr-66jc',
1163 silly audit report       title: 'lodash vulnerable to Code Injection via `_.template` imports key names',
1163 silly audit report       severity: 'high',
1163 silly audit report       vulnerable_versions: '>=4.0.0 <=4.17.23',
1163 silly audit report       cwe: [Array],
1163 silly audit report       cvss: [Object]
1163 silly audit report     },
1163 silly audit report     {
1163 silly audit report       id: 1115809,
1163 silly audit report       url: 'https://github.com/advisories/GHSA-f23m-r3pf-42rh',
1163 silly audit report       title: 'lodash vulnerable to Prototype Pollution via array path bypass in `_.unset` and `_.omit`',
1163 silly audit report       severity: 'moderate',
1163 silly audit report       vulnerable_versions: '<=4.17.23',
1163 silly audit report       cwe: [Array],
1163 silly audit report       cvss: [Object]
1163 silly audit report     }
1163 silly audit report   ],
1163 silly audit report   picomatch: [
1163 silly audit report     {
1163 silly audit report       id: 1115549,
1163 silly audit report       url: 'https://github.com/advisories/GHSA-3v7f-55p6-f55p',
1163 silly audit report       title: 'Picomatch: Method Injection in POSIX Character Classes causes incorrect Glob Matching',
1163 silly audit report       severity: 'moderate',
1163 silly audit report       vulnerable_versions: '<2.3.2',
1163 silly audit report       cwe: [Array],
1163 silly audit report       cvss: [Object]
1163 silly audit report     },
1163 silly audit report     {
1163 silly audit report       id: 1115552,
1163 silly audit report       url: 'https://github.com/advisories/GHSA-c2c7-rcm5-vvqj',
1163 silly audit report       title: 'Picomatch has a ReDoS vulnerability via extglob quantifiers',
1163 silly audit report       severity: 'high',
1163 silly audit report       vulnerable_versions: '<2.3.2',
1163 silly audit report       cwe: [Array],
1163 silly audit report       cvss: [Object]
1163 silly audit report     }
1163 silly audit report   ],
1163 silly audit report   postcss: [
1163 silly audit report     {
1163 silly audit report       id: 1117015,
1163 silly audit report       url: 'https://github.com/advisories/GHSA-qx2v-qp2m-jg93',
1163 silly audit report       title: 'PostCSS has XSS via Unescaped </style> in its CSS Stringify Output',
1163 silly audit report       severity: 'moderate',
1163 silly audit report       vulnerable_versions: '<8.5.10',
1163 silly audit report       cwe: [Array],
1163 silly audit report       cvss: [Object]
1163 silly audit report     }
1163 silly audit report   ],
1163 silly audit report   qs: [
1163 silly audit report     {
1163 silly audit report       id: 1119502,
1163 silly audit report       url: 'https://github.com/advisories/GHSA-q8mj-m7cp-5q26',
1163 silly audit report       title: 'qs has a remotely triggerable DoS: qs.stringify crashes with TypeError on null/undefined entries in comma-format arrays when encodeValuesOnly is set',
1163 silly audit report       severity: 'moderate',
1163 silly audit report       vulnerable_versions: '>=6.11.1 <=6.15.1',
1163 silly audit report       cwe: [Array],
1163 silly audit report       cvss: [Object]
1163 silly audit report     },
1163 silly audit report     {
1163 silly audit report       id: 1113161,
1163 silly audit report       url: 'https://github.com/advisories/GHSA-w7fw-mjwx-w883',
1163 silly audit report       title: "qs's arrayLimit bypass in comma parsing allows denial of service",
1163 silly audit report       severity: 'low',
1163 silly audit report       vulnerable_versions: '>=6.7.0 <=6.14.1',
1163 silly audit report       cwe: [Array],
1163 silly audit report       cvss: [Object]
1163 silly audit report     },
1163 silly audit report     {
1163 silly audit report       id: 1113719,
1163 silly audit report       url: 'https://github.com/advisories/GHSA-6rw7-vpxm-498p',
1163 silly audit report       title: "qs's arrayLimit bypass in its bracket notation allows DoS via memory exhaustion",
1163 silly audit report       severity: 'moderate',
1163 silly audit report       vulnerable_versions: '<6.14.1',
1163 silly audit report       cwe: [Array],
1163 silly audit report       cvss: [Object]
1163 silly audit report     }
1163 silly audit report   ],
1163 silly audit report   rollup: [
1163 silly audit report     {
1163 silly audit report       id: 1113515,
1163 silly audit report       url: 'https://github.com/advisories/GHSA-mw96-cpmx-2vgc',
1163 silly audit report       title: 'Rollup 4 has Arbitrary File Write via Path Traversal',
1163 silly audit report       severity: 'high',
1163 silly audit report       vulnerable_versions: '>=4.0.0 <4.59.0',
1163 silly audit report       cwe: [Array],
1163 silly audit report       cvss: [Object]
1163 silly audit report     }
1163 silly audit report   ],
1163 silly audit report   uuid: [
1163 silly audit report     {
1163 silly audit report       id: 1119441,
1163 silly audit report       url: 'https://github.com/advisories/GHSA-w5hq-g745-h8pq',
1163 silly audit report       title: 'uuid: Missing buffer bounds check in v3/v5/v6 when buf is provided',
1163 silly audit report       severity: 'moderate',
1163 silly audit report       vulnerable_versions: '<11.1.1',
1163 silly audit report       cwe: [Array],
1163 silly audit report       cvss: [Object]
1163 silly audit report     }
1163 silly audit report   ],
1163 silly audit report   vite: [
1163 silly audit report     {
1163 silly audit report       id: 1107323,
1163 silly audit report       url: 'https://github.com/advisories/GHSA-g4jq-h2w9-997c',
1163 silly audit report       title: 'Vite middleware may serve files starting with the same name with the public directory',
1163 silly audit report       severity: 'low',
1163 silly audit report       vulnerable_versions: '<=5.4.19',
1163 silly audit report       cwe: [Array],
1163 silly audit report       cvss: [Object]
1163 silly audit report     },
1163 silly audit report     {
1163 silly audit report       id: 1107327,
1163 silly audit report       url: 'https://github.com/advisories/GHSA-jqfw-vq24-v9c3',
1163 silly audit report       title: "Vite's `server.fs` settings were not applied to HTML files",
1163 silly audit report       severity: 'low',
1163 silly audit report       vulnerable_versions: '<=5.4.19',
1163 silly audit report       cwe: [Array],
1163 silly audit report       cvss: [Object]
1163 silly audit report     },
1163 silly audit report     {
1163 silly audit report       id: 1109131,
1163 silly audit report       url: 'https://github.com/advisories/GHSA-93m4-6634-74q7',
1163 silly audit report       title: 'vite allows server.fs.deny bypass via backslash on Windows',
1163 silly audit report       severity: 'moderate',
1163 silly audit report       vulnerable_versions: '>=5.2.6 <=5.4.20',
1163 silly audit report       cwe: [Array],
1163 silly audit report       cvss: [Object]
1163 silly audit report     },
1163 silly audit report     {
1163 silly audit report       id: 1116229,
1163 silly audit report       url: 'https://github.com/advisories/GHSA-4w7w-66w2-5vf9',
1163 silly audit report       title: 'Vite Vulnerable to Path Traversal in Optimized Deps `.map` Handling',
1163 silly audit report       severity: 'moderate',
1163 silly audit report       vulnerable_versions: '<=6.4.1',
1163 silly audit report       cwe: [Array],
1163 silly audit report       cvss: [Object]
1163 silly audit report     }
1163 silly audit report   ],
1163 silly audit report   yaml: [
1163 silly audit report     {
1163 silly audit report       id: 1115556,
1163 silly audit report       url: 'https://github.com/advisories/GHSA-48c2-rrv3-qjmp',
1163 silly audit report       title: 'yaml is vulnerable to Stack Overflow via deeply nested YAML collections',
1163 silly audit report       severity: 'moderate',
1163 silly audit report       vulnerable_versions: '>=2.0.0 <2.8.3',
1163 silly audit report       cwe: [Array],
1163 silly audit report       cvss: [Object]
1163 silly audit report     }
1163 silly audit report   ]
1163 silly audit report }
1164 silly packumentCache corgi:https://registry.npmjs.org/@ckeditor%2fckeditor5-html-support cache-miss
1165 silly packumentCache corgi:https://registry.npmjs.org/brace-expansion cache-miss
1166 silly packumentCache corgi:https://registry.npmjs.org/minimatch cache-miss
1167 silly packumentCache corgi:https://registry.npmjs.org/ajv cache-miss
1168 silly packumentCache corgi:https://registry.npmjs.org/axios cache-miss
1169 silly packumentCache corgi:https://registry.npmjs.org/ckeditor5 cache-miss
1170 silly packumentCache corgi:https://registry.npmjs.org/dompurify cache-miss
1171 silly packumentCache corgi:https://registry.npmjs.org/esbuild cache-miss
1172 silly packumentCache corgi:https://registry.npmjs.org/flatted cache-miss
1173 silly packumentCache corgi:https://registry.npmjs.org/follow-redirects cache-miss
1174 silly packumentCache corgi:https://registry.npmjs.org/glob cache-miss
1175 silly packumentCache corgi:https://registry.npmjs.org/js-cookie cache-miss
1176 silly packumentCache corgi:https://registry.npmjs.org/js-yaml cache-miss
1177 silly packumentCache corgi:https://registry.npmjs.org/jspdf cache-miss
1178 silly packumentCache corgi:https://registry.npmjs.org/lodash cache-miss
1179 silly packumentCache corgi:https://registry.npmjs.org/lodash-es cache-miss
1180 silly packumentCache corgi:https://registry.npmjs.org/picomatch cache-miss
1181 silly packumentCache corgi:https://registry.npmjs.org/postcss cache-miss
1182 silly packumentCache corgi:https://registry.npmjs.org/qs cache-miss
1183 silly packumentCache corgi:https://registry.npmjs.org/rollup cache-miss
1184 silly packumentCache corgi:https://registry.npmjs.org/uuid cache-miss
1185 silly packumentCache corgi:https://registry.npmjs.org/vite cache-miss
1186 silly packumentCache corgi:https://registry.npmjs.org/yaml cache-miss
1187 http fetch GET 200 https://registry.npmjs.org/which/-/which-2.0.2.tgz 1336ms (cache miss)
1188 http fetch GET 200 https://registry.npmjs.org/util-deprecate/-/util-deprecate-1.0.2.tgz 1329ms (cache miss)
1189 http fetch GET 200 https://registry.npmjs.org/vite-plugin-full-reload/-/vite-plugin-full-reload-1.2.0.tgz 1350ms (cache miss)
1190 http fetch GET 200 https://registry.npmjs.org/yocto-queue/-/yocto-queue-0.1.0.tgz 1351ms (cache miss)
1191 http fetch GET 200 https://registry.npmjs.org/to-regex-range/-/to-regex-range-5.0.1.tgz 1336ms (cache miss)
1192 http fetch GET 200 https://registry.npmjs.org/wrap-ansi/-/wrap-ansi-7.0.0.tgz 1372ms (cache miss)
1193 http fetch GET 200 https://registry.npmjs.org/turndown-plugin-gfm/-/turndown-plugin-gfm-1.0.2.tgz 1357ms (cache miss)
1194 http fetch GET 200 https://registry.npmjs.org/wrap-ansi/-/wrap-ansi-9.0.0.tgz 1386ms (cache miss)
1195 http fetch GET 200 https://registry.npmjs.org/yallist/-/yallist-3.1.1.tgz 1388ms (cache miss)
1196 http fetch GET 200 https://registry.npmjs.org/word-wrap/-/word-wrap-1.2.5.tgz 1385ms (cache miss)
1197 http fetch GET 200 https://registry.npmjs.org/update-browserslist-db/-/update-browserslist-db-1.1.2.tgz 1390ms (cache miss)
1198 http fetch GET 200 https://registry.npmjs.org/thenify-all/-/thenify-all-1.6.0.tgz 1374ms (cache miss)
1199 http fetch GET 200 https://registry.npmjs.org/thenify/-/thenify-3.3.1.tgz 1378ms (cache miss)
1200 http fetch GET 200 https://registry.npmjs.org/supports-color/-/supports-color-7.2.0.tgz 1373ms (cache miss)
1201 http fetch GET 200 https://registry.npmjs.org/supports-preserve-symlinks-flag/-/supports-preserve-symlinks-flag-1.0.0.tgz 1393ms (cache miss)
1202 http fetch GET 200 https://registry.npmjs.org/strip-ansi/-/strip-ansi-6.0.1.tgz 1388ms (cache miss)
1203 http fetch GET 200 https://registry.npmjs.org/strip-final-newline/-/strip-final-newline-3.0.0.tgz 1389ms (cache miss)
1204 http fetch GET 200 https://registry.npmjs.org/strip-json-comments/-/strip-json-comments-3.1.1.tgz 1390ms (cache miss)
1205 http fetch GET 200 https://registry.npmjs.org/string-width/-/string-width-4.2.3.tgz 1408ms (cache miss)
1206 http fetch GET 200 https://registry.npmjs.org/tailwindcss-animate/-/tailwindcss-animate-1.0.7.tgz 1419ms (cache miss)
1207 http fetch GET 200 https://registry.npmjs.org/string-argv/-/string-argv-0.3.2.tgz 1420ms (cache miss)
1208 http fetch GET 200 https://registry.npmjs.org/slice-ansi/-/slice-ansi-5.0.0.tgz 1420ms (cache miss)
1209 http fetch GET 200 https://registry.npmjs.org/string-width/-/string-width-7.2.0.tgz 1441ms (cache miss)
1210 http fetch GET 200 https://registry.npmjs.org/type-check/-/type-check-0.4.0.tgz 1478ms (cache miss)
1211 http fetch GET 200 https://registry.npmjs.org/side-channel-weakmap/-/side-channel-weakmap-1.0.2.tgz 1474ms (cache miss)
1212 http fetch GET 200 https://registry.npmjs.org/shebang-regex/-/shebang-regex-3.0.0.tgz 1471ms (cache miss)
1213 http fetch GET 200 https://registry.npmjs.org/side-channel-list/-/side-channel-list-1.0.0.tgz 1496ms (cache miss)
1214 http fetch GET 200 https://registry.npmjs.org/rfdc/-/rfdc-1.4.1.tgz 1492ms (cache miss)
1215 http fetch GET 200 https://registry.npmjs.org/shebang-command/-/shebang-command-2.0.0.tgz 1510ms (cache miss)
1216 http fetch GET 200 https://registry.npmjs.org/resolve-from/-/resolve-from-4.0.0.tgz 1504ms (cache miss)
1217 http fetch GET 200 https://registry.npmjs.org/side-channel-map/-/side-channel-map-1.0.1.tgz 1532ms (cache miss)
1218 http fetch GET 200 https://registry.npmjs.org/tslib/-/tslib-2.8.1.tgz 1574ms (cache miss)
1219 http fetch GET 200 https://registry.npmjs.org/restore-cursor/-/restore-cursor-5.1.0.tgz 1545ms (cache miss)
1220 http fetch GET 200 https://registry.npmjs.org/readdirp/-/readdirp-3.6.0.tgz 1542ms (cache miss)
1221 http fetch GET 200 https://registry.npmjs.org/strip-ansi/-/strip-ansi-7.1.0.tgz 1546ms (cache miss)
1222 http fetch GET 200 https://registry.npmjs.org/rgbcolor/-/rgbcolor-1.0.1.tgz 1546ms (cache miss)
1223 http fetch GET 200 https://registry.npmjs.org/run-parallel/-/run-parallel-1.2.0.tgz 1566ms (cache miss)
1224 http fetch GET 200 https://registry.npmjs.org/react-style-singleton/-/react-style-singleton-2.2.3.tgz 1557ms (cache miss)
1225 http fetch GET 200 https://registry.npmjs.org/read-cache/-/read-cache-1.0.0.tgz 1571ms (cache miss)
1226 http fetch GET 200 https://registry.npmjs.org/react-is/-/react-is-16.13.1.tgz 1576ms (cache miss)
1227 http fetch GET 200 https://registry.npmjs.org/reusify/-/reusify-1.0.4.tgz 1589ms (cache miss)
1228 http fetch GET 200 https://registry.npmjs.org/turndown/-/turndown-7.2.0.tgz 1639ms (cache miss)
1229 http fetch GET 200 https://registry.npmjs.org/react-refresh/-/react-refresh-0.14.2.tgz 1614ms (cache miss)
1230 http fetch GET 200 https://registry.npmjs.org/side-channel/-/side-channel-1.1.0.tgz 1646ms (cache miss)
1231 http fetch GET 200 https://registry.npmjs.org/ts-interface-checker/-/ts-interface-checker-0.1.13.tgz 1668ms (cache miss)
1232 http fetch GET 200 https://registry.npmjs.org/raf/-/raf-3.4.1.tgz 1625ms (cache miss)
1233 http fetch GET 200 https://registry.npmjs.org/proxy-from-env/-/proxy-from-env-1.1.0.tgz 1635ms (cache miss)
1234 http fetch GET 200 https://registry.npmjs.org/queue-microtask/-/queue-microtask-1.2.3.tgz 1647ms (cache miss)
1235 http fetch GET 200 https://registry.npmjs.org/postcss-js/-/postcss-js-4.0.1.tgz 1648ms (cache miss)
1236 http fetch GET 200 https://registry.npmjs.org/prop-types/-/prop-types-15.8.1.tgz 1675ms (cache miss)
1237 http fetch GET 200 https://registry.npmjs.org/postcss-nested/-/postcss-nested-6.2.0.tgz 1667ms (cache miss)
1238 http fetch GET 200 https://registry.npmjs.org/use-sync-external-store/-/use-sync-external-store-1.4.0.tgz 1745ms (cache miss)
1239 http fetch GET 200 https://registry.npmjs.org/tiny-invariant/-/tiny-invariant-1.3.3.tgz 1737ms (cache miss)
1240 http fetch GET 200 https://registry.npmjs.org/postcss-load-config/-/postcss-load-config-4.0.2.tgz 1683ms (cache miss)
1241 http fetch GET 200 https://registry.npmjs.org/postcss-value-parser/-/postcss-value-parser-4.2.0.tgz 1690ms (cache miss)
1242 http fetch GET 200 https://registry.npmjs.org/postcss-import/-/postcss-import-15.1.0.tgz 1687ms (cache miss)
1243 http fetch GET 200 https://registry.npmjs.org/pidtree/-/pidtree-0.6.0.tgz 1683ms (cache miss)
1244 http fetch GET 200 https://registry.npmjs.org/pirates/-/pirates-4.0.6.tgz 1739ms (cache miss)
1245 http fetch GET 200 https://registry.npmjs.org/picocolors/-/picocolors-1.1.1.tgz 1790ms (cache miss)
1246 http fetch GET 200 https://registry.npmjs.org/pify/-/pify-2.3.0.tgz 1806ms (cache miss)
1247 http fetch GET 200 https://registry.npmjs.org/punycode/-/punycode-2.3.1.tgz 1806ms (cache miss)
1248 http fetch GET 200 https://registry.npmjs.org/performance-now/-/performance-now-2.1.0.tgz 1804ms (cache miss)
1249 http fetch GET 200 https://registry.npmjs.org/path-key/-/path-key-3.1.1.tgz 1812ms (cache miss)
1250 http fetch GET 200 https://registry.npmjs.org/path-parse/-/path-parse-1.0.7.tgz 1814ms (cache miss)
1251 http fetch GET 200 https://registry.npmjs.org/prelude-ls/-/prelude-ls-1.2.1.tgz 1827ms (cache miss)
1252 http fetch GET 200 https://registry.npmjs.org/path-exists/-/path-exists-4.0.0.tgz 1818ms (cache miss)
1253 http fetch GET 200 https://registry.npmjs.org/p-limit/-/p-limit-3.1.0.tgz 1837ms (cache miss)
1254 http fetch GET 200 https://registry.npmjs.org/parent-module/-/parent-module-1.0.1.tgz 1855ms (cache miss)
1255 http fetch GET 200 https://registry.npmjs.org/onetime/-/onetime-6.0.0.tgz 1853ms (cache miss)
1256 http fetch GET 200 https://registry.npmjs.org/p-locate/-/p-locate-5.0.0.tgz 1871ms (cache miss)
1257 http fetch GET 200 https://registry.npmjs.org/package-json-from-dist/-/package-json-from-dist-1.0.1.tgz 1891ms (cache miss)
1258 http fetch GET 200 https://registry.npmjs.org/object-hash/-/object-hash-3.0.0.tgz 1941ms (cache miss)
1259 http fetch GET 200 https://registry.npmjs.org/npm-run-path/-/npm-run-path-5.3.0.tgz 1938ms (cache miss)
1260 http fetch GET 200 https://registry.npmjs.org/optionator/-/optionator-0.9.4.tgz 1943ms (cache miss)
1261 http fetch GET 200 https://registry.npmjs.org/scheduler/-/scheduler-0.23.2.tgz 2007ms (cache miss)
1262 http fetch GET 200 https://registry.npmjs.org/undici-types/-/undici-types-5.26.5.tgz 2040ms (cache miss)
1263 http fetch GET 200 https://registry.npmjs.org/object-assign/-/object-assign-4.1.1.tgz 1964ms (cache miss)
1264 http fetch GET 200 https://registry.npmjs.org/stackblur-canvas/-/stackblur-canvas-2.7.0.tgz 2036ms (cache miss)
1265 http fetch GET 200 https://registry.npmjs.org/nprogress/-/nprogress-0.2.0.tgz 1998ms (cache miss)
1266 http fetch GET 200 https://registry.npmjs.org/normalize-path/-/normalize-path-3.0.0.tgz 2011ms (cache miss)
1267 http fetch GET 200 https://registry.npmjs.org/normalize-range/-/normalize-range-0.1.2.tgz 2012ms (cache miss)
1268 http fetch GET 200 https://registry.npmjs.org/ms/-/ms-2.1.3.tgz 2028ms (cache miss)
1269 http fetch GET 200 https://registry.npmjs.org/natural-compare/-/natural-compare-1.4.0.tgz 2046ms (cache miss)
1270 http fetch GET 200 https://registry.npmjs.org/mz/-/mz-2.7.0.tgz 2057ms (cache miss)
1271 http fetch GET 200 https://registry.npmjs.org/mimic-fn/-/mimic-fn-4.0.0.tgz 2053ms (cache miss)
1272 http fetch GET 200 https://registry.npmjs.org/mimic-function/-/mimic-function-5.0.1.tgz 2054ms (cache miss)
1273 http fetch GET 200 https://registry.npmjs.org/source-map-js/-/source-map-js-1.2.1.tgz 2235ms (cache miss)
1274 http fetch GET 200 https://registry.npmjs.org/mime-types/-/mime-types-2.1.35.tgz 2175ms (cache miss)
1275 http fetch GET 200 https://registry.npmjs.org/motion-utils/-/motion-utils-11.18.1.tgz 2182ms (cache miss)
1276 http fetch GET 200 https://registry.npmjs.org/mini-svg-data-uri/-/mini-svg-data-uri-1.4.4.tgz 2226ms (cache miss)
1277 http fetch GET 200 https://registry.npmjs.org/micromatch/-/micromatch-4.0.8.tgz 2304ms (cache miss)
1278 http fetch GET 200 https://registry.npmjs.org/merge2/-/merge2-1.4.1.tgz 2304ms (cache miss)
1279 http fetch GET 200 https://registry.npmjs.org/node-releases/-/node-releases-2.0.19.tgz 2302ms (cache miss)
1280 http fetch GET 200 https://registry.npmjs.org/merge-stream/-/merge-stream-2.0.0.tgz 2321ms (cache miss)
1281 http fetch GET 200 https://registry.npmjs.org/mitt/-/mitt-3.0.1.tgz 2356ms (cache miss)
1282 http fetch GET 200 https://registry.npmjs.org/loose-envify/-/loose-envify-1.4.0.tgz 2347ms (cache miss)
1283 http fetch GET 200 https://registry.npmjs.org/log-update/-/log-update-6.1.0.tgz 2349ms (cache miss)
1284 http fetch GET 200 https://registry.npmjs.org/mime-db/-/mime-db-1.52.0.tgz 2373ms (cache miss)
1285 http fetch GET 200 https://registry.npmjs.org/lru-cache/-/lru-cache-5.1.1.tgz 2370ms (cache miss)
1286 http fetch GET 200 https://registry.npmjs.org/lodash.merge/-/lodash.merge-4.6.2.tgz 2371ms (cache miss)
1287 http fetch GET 200 https://registry.npmjs.org/lodash.castarray/-/lodash.castarray-4.4.0.tgz 2371ms (cache miss)
1288 http fetch GET 200 https://registry.npmjs.org/lines-and-columns/-/lines-and-columns-1.2.4.tgz 2370ms (cache miss)
1289 http fetch GET 200 https://registry.npmjs.org/ts-api-utils/-/ts-api-utils-2.0.0.tgz 2528ms (cache miss)
1290 http fetch GET 200 https://registry.npmjs.org/lodash.isequal/-/lodash.isequal-4.5.0.tgz 2445ms (cache miss)
1291 warn deprecated lodash.isequal@4.5.0: This package is deprecated. Use require('node:util').isDeepStrictEqual instead.
1292 http fetch GET 200 https://registry.npmjs.org/locate-path/-/locate-path-6.0.0.tgz 2464ms (cache miss)
1293 http fetch GET 200 https://registry.npmjs.org/lodash.isplainobject/-/lodash.isplainobject-4.0.6.tgz 2467ms (cache miss)
1294 http fetch GET 200 https://registry.npmjs.org/keyv/-/keyv-4.5.4.tgz 2462ms (cache miss)
1295 http fetch GET 200 https://registry.npmjs.org/json-schema-traverse/-/json-schema-traverse-0.4.1.tgz 2480ms (cache miss)
1296 http fetch GET 200 https://registry.npmjs.org/lilconfig/-/lilconfig-3.1.3.tgz 2520ms (cache miss)
1297 http fetch GET 200 https://registry.npmjs.org/laravel-vite-plugin/-/laravel-vite-plugin-1.2.0.tgz 2519ms (cache miss)
1298 http fetch GET 200 https://registry.npmjs.org/levn/-/levn-0.4.1.tgz 2533ms (cache miss)
1299 http fetch GET 200 https://registry.npmjs.org/json-buffer/-/json-buffer-3.0.1.tgz 2529ms (cache miss)
1300 http fetch GET 200 https://registry.npmjs.org/jsesc/-/jsesc-3.1.0.tgz 2547ms (cache miss)
1301 http fetch GET 200 https://registry.npmjs.org/js-tokens/-/js-tokens-4.0.0.tgz 2546ms (cache miss)
1302 http fetch GET 200 https://registry.npmjs.org/json-stable-stringify-without-jsonify/-/json-stable-stringify-without-jsonify-1.0.1.tgz 2563ms (cache miss)
1303 http fetch GET 200 https://registry.npmjs.org/isexe/-/isexe-2.0.0.tgz 2576ms (cache miss)
1304 http fetch GET 200 https://registry.npmjs.org/qs/-/qs-6.14.0.tgz 2654ms (cache miss)
1305 http fetch GET 200 https://registry.npmjs.org/is-number/-/is-number-7.0.0.tgz 2597ms (cache miss)
1306 http fetch GET 200 https://registry.npmjs.org/husky/-/husky-9.1.7.tgz 2591ms (cache miss)
1307 http fetch GET 200 https://registry.npmjs.org/import-fresh/-/import-fresh-3.3.1.tgz 2594ms (cache miss)
1308 http fetch GET 200 https://registry.npmjs.org/is-stream/-/is-stream-3.0.0.tgz 2619ms (cache miss)
1309 http fetch GET 200 https://registry.npmjs.org/is-glob/-/is-glob-4.0.3.tgz 2618ms (cache miss)
1310 http fetch GET 200 https://registry.npmjs.org/is-extglob/-/is-extglob-2.1.1.tgz 2638ms (cache miss)
1311 http fetch GET 200 https://registry.npmjs.org/is-fullwidth-code-point/-/is-fullwidth-code-point-4.0.0.tgz 2638ms (cache miss)
1312 http fetch GET 200 https://registry.npmjs.org/is-core-module/-/is-core-module-2.16.1.tgz 2637ms (cache miss)
1313 http fetch GET 200 https://registry.npmjs.org/imurmurhash/-/imurmurhash-0.1.4.tgz 2637ms (cache miss)
1314 http fetch GET 200 https://registry.npmjs.org/ignore/-/ignore-5.3.2.tgz 2635ms (cache miss)
1315 http fetch GET 200 https://registry.npmjs.org/is-binary-path/-/is-binary-path-2.1.0.tgz 2641ms (cache miss)
1316 http fetch GET 200 https://registry.npmjs.org/picomatch/-/picomatch-2.3.1.tgz 2696ms (cache miss)
1317 http fetch GET 200 https://registry.npmjs.org/js-cookie/-/js-cookie-3.0.5.tgz 2666ms (cache miss)
1318 http fetch GET 200 https://registry.npmjs.org/has-tostringtag/-/has-tostringtag-1.0.2.tgz 2659ms (cache miss)
1319 http fetch GET 200 https://registry.npmjs.org/get-proto/-/get-proto-1.0.1.tgz 2656ms (cache miss)
1320 http fetch GET 200 https://registry.npmjs.org/internmap/-/internmap-2.0.3.tgz 2781ms (cache miss)
1321 http fetch GET 200 https://registry.npmjs.org/hasown/-/hasown-2.0.2.tgz 2781ms (cache miss)
1322 http fetch GET 200 https://registry.npmjs.org/has-flag/-/has-flag-4.0.0.tgz 2781ms (cache miss)
1323 http fetch GET 200 https://registry.npmjs.org/globals/-/globals-11.12.0.tgz 2783ms (cache miss)
1324 http fetch GET 200 https://registry.npmjs.org/gopd/-/gopd-1.2.0.tgz 2784ms (cache miss)
1325 http fetch GET 200 https://registry.npmjs.org/get-nonce/-/get-nonce-1.0.1.tgz 2782ms (cache miss)
1326 http fetch GET 200 https://registry.npmjs.org/has-symbols/-/has-symbols-1.1.0.tgz 2841ms (cache miss)
1327 http fetch GET 200 https://registry.npmjs.org/glob-parent/-/glob-parent-6.0.2.tgz 2841ms (cache miss)
1328 http fetch GET 200 https://registry.npmjs.org/get-intrinsic/-/get-intrinsic-1.2.7.tgz 2838ms (cache miss)
1329 http fetch GET 200 https://registry.npmjs.org/react/-/react-18.3.1.tgz 2928ms (cache miss)
1330 http fetch GET 200 https://registry.npmjs.org/gensync/-/gensync-1.0.0-beta.2.tgz 2856ms (cache miss)
1331 http fetch GET 200 https://registry.npmjs.org/function-bind/-/function-bind-1.1.2.tgz 2855ms (cache miss)
1332 http fetch GET 200 https://registry.npmjs.org/get-east-asian-width/-/get-east-asian-width-1.3.0.tgz 2856ms (cache miss)
1333 http fetch GET 200 https://registry.npmjs.org/tabbable/-/tabbable-6.2.0.tgz 2997ms (cache miss)
1334 http fetch GET 200 https://registry.npmjs.org/fraction.js/-/fraction.js-4.3.7.tgz 2889ms (cache miss)
1335 http fetch GET 200 https://registry.npmjs.org/find-up/-/find-up-5.0.0.tgz 2883ms (cache miss)
1336 http fetch GET 200 https://registry.npmjs.org/fsevents/-/fsevents-2.3.3.tgz 2943ms (cache miss)
1337 http fetch GET 200 https://registry.npmjs.org/fill-range/-/fill-range-7.1.1.tgz 2937ms (cache miss)
1338 http fetch GET 200 https://registry.npmjs.org/fast-levenshtein/-/fast-levenshtein-2.0.6.tgz 2935ms (cache miss)
1339 http fetch GET 200 https://registry.npmjs.org/follow-redirects/-/follow-redirects-1.15.9.tgz 2942ms (cache miss)
1340 http fetch GET 200 https://registry.npmjs.org/form-data/-/form-data-4.0.4.tgz 2969ms (cache miss)
1341 http fetch GET 200 https://registry.npmjs.org/listr2/-/listr2-8.2.5.tgz 3013ms (cache miss)
1342 http fetch GET 200 https://registry.npmjs.org/flat-cache/-/flat-cache-4.0.1.tgz 2981ms (cache miss)
1343 http fetch GET 200 https://registry.npmjs.org/file-entry-cache/-/file-entry-cache-8.0.0.tgz 2977ms (cache miss)
1344 http fetch GET 200 https://registry.npmjs.org/human-signals/-/human-signals-5.0.0.tgz 3019ms (cache miss)
1345 http fetch GET 200 https://registry.npmjs.org/fast-deep-equal/-/fast-deep-equal-3.1.3.tgz 2992ms (cache miss)
1346 http fetch GET 200 https://registry.npmjs.org/fastq/-/fastq-1.18.0.tgz 3002ms (cache miss)
1347 http fetch GET 200 https://registry.npmjs.org/fast-json-stable-stringify/-/fast-json-stable-stringify-2.1.0.tgz 3014ms (cache miss)
1348 http fetch GET 200 https://registry.npmjs.org/eslint-visitor-keys/-/eslint-visitor-keys-3.4.3.tgz 3008ms (cache miss)
1349 http fetch GET 200 https://registry.npmjs.org/esrecurse/-/esrecurse-4.3.0.tgz 3010ms (cache miss)
1350 http fetch GET 200 https://registry.npmjs.org/recharts-scale/-/recharts-scale-0.4.5.tgz 3094ms (cache miss)
1351 http fetch GET 200 https://registry.npmjs.org/estraverse/-/estraverse-5.3.0.tgz 3024ms (cache miss)
1352 http fetch GET 200 https://registry.npmjs.org/environment/-/environment-1.1.0.tgz 3019ms (cache miss)
1353 http fetch GET 200 https://registry.npmjs.org/text-segmentation/-/text-segmentation-1.0.3.tgz 3163ms (cache miss)
1354 http fetch GET 200 https://registry.npmjs.org/escalade/-/escalade-3.2.0.tgz 3034ms (cache miss)
1355 http fetch GET 200 https://registry.npmjs.org/escape-string-regexp/-/escape-string-regexp-4.0.0.tgz 3035ms (cache miss)
1356 http fetch GET 200 https://registry.npmjs.org/emoji-regex/-/emoji-regex-10.4.0.tgz 3030ms (cache miss)
1357 http fetch GET 200 https://registry.npmjs.org/get-stream/-/get-stream-8.0.1.tgz 3071ms (cache miss)
1358 http fetch GET 200 https://registry.npmjs.org/es-object-atoms/-/es-object-atoms-1.1.1.tgz 3049ms (cache miss)
1359 http fetch GET 200 https://registry.npmjs.org/eastasianwidth/-/eastasianwidth-0.2.0.tgz 3044ms (cache miss)
1360 http fetch GET 200 https://registry.npmjs.org/es-errors/-/es-errors-1.3.0.tgz 3049ms (cache miss)
1361 http fetch GET 200 https://registry.npmjs.org/svg-pathdata/-/svg-pathdata-6.0.3.tgz 3203ms (cache miss)
1362 http fetch GET 200 https://registry.npmjs.org/esutils/-/esutils-2.0.3.tgz 3081ms (cache miss)
1363 http fetch GET 200 https://registry.npmjs.org/math-intrinsics/-/math-intrinsics-1.1.0.tgz 3150ms (cache miss)
1364 http fetch GET 200 https://registry.npmjs.org/es-set-tostringtag/-/es-set-tostringtag-2.1.0.tgz 3100ms (cache miss)
1365 http fetch GET 200 https://registry.npmjs.org/deepmerge/-/deepmerge-4.3.1.tgz 3092ms (cache miss)
1366 http fetch GET 200 https://registry.npmjs.org/didyoumean/-/didyoumean-1.2.2.tgz 3115ms (cache miss)
1367 http fetch GET 200 https://registry.npmjs.org/flatted/-/flatted-3.3.2.tgz 3157ms (cache miss)
1368 http fetch GET 200 https://registry.npmjs.org/es-define-property/-/es-define-property-1.0.1.tgz 3138ms (cache miss)
1369 http fetch GET 200 https://registry.npmjs.org/detect-node-es/-/detect-node-es-1.1.0.tgz 3133ms (cache miss)
1370 http fetch GET 200 https://registry.npmjs.org/delayed-stream/-/delayed-stream-1.0.0.tgz 3134ms (cache miss)
1371 http fetch GET 200 https://registry.npmjs.org/dlv/-/dlv-1.1.3.tgz 3134ms (cache miss)
1372 http fetch GET 200 https://registry.npmjs.org/nanoid/-/nanoid-3.3.8.tgz 3230ms (cache miss)
1373 http fetch GET 200 https://registry.npmjs.org/esbuild/-/esbuild-0.21.5.tgz 3168ms (cache miss)
1374 http fetch GET 200 https://registry.npmjs.org/dunder-proto/-/dunder-proto-1.0.1.tgz 3165ms (cache miss)
1375 http fetch GET 200 https://registry.npmjs.org/d3-timer/-/d3-timer-3.0.1.tgz 3155ms (cache miss)
1376 http fetch GET 200 https://registry.npmjs.org/deep-is/-/deep-is-0.1.4.tgz 3186ms (cache miss)
1377 http fetch GET 200 https://registry.npmjs.org/electron-to-chromium/-/electron-to-chromium-1.5.88.tgz 3216ms (cache miss)
1378 http fetch GET 200 https://registry.npmjs.org/debug/-/debug-4.4.0.tgz 3210ms (cache miss)
1379 http fetch GET 200 https://registry.npmjs.org/eventemitter3/-/eventemitter3-5.0.1.tgz 3257ms (cache miss)
1380 http fetch GET 200 https://registry.npmjs.org/d3-format/-/d3-format-3.1.0.tgz 3230ms (cache miss)
1381 http fetch GET 200 https://registry.npmjs.org/d3-path/-/d3-path-3.1.0.tgz 3254ms (cache miss)
1382 http fetch GET 200 https://registry.npmjs.org/d3-color/-/d3-color-3.1.0.tgz 3262ms (cache miss)
1383 http fetch GET 200 https://registry.npmjs.org/cross-spawn/-/cross-spawn-7.0.6.tgz 3311ms (cache miss)
1384 http fetch GET 200 https://registry.npmjs.org/execa/-/execa-8.0.1.tgz 3362ms (cache miss)
1385 http fetch GET 200 https://registry.npmjs.org/espree/-/espree-10.4.0.tgz 3379ms (cache miss)
1386 http fetch GET 200 https://registry.npmjs.org/convert-source-map/-/convert-source-map-2.0.0.tgz 3361ms (cache miss)
1387 http fetch GET 200 https://registry.npmjs.org/cssesc/-/cssesc-3.0.0.tgz 3379ms (cache miss)
1388 http fetch GET 200 https://registry.npmjs.org/combined-stream/-/combined-stream-1.0.8.tgz 3378ms (cache miss)
1389 http fetch GET 200 https://registry.npmjs.org/concat-map/-/concat-map-0.0.1.tgz 3384ms (cache miss)
1390 http fetch GET 200 https://registry.npmjs.org/color-convert/-/color-convert-2.0.1.tgz 3394ms (cache miss)
1391 http fetch GET 200 https://registry.npmjs.org/clsx/-/clsx-2.1.1.tgz 3402ms (cache miss)
1392 http fetch GET 200 https://registry.npmjs.org/color-parse/-/color-parse-1.4.2.tgz 3404ms (cache miss)
1393 http fetch GET 200 https://registry.npmjs.org/color-name/-/color-name-1.1.4.tgz 3401ms (cache miss)
1394 http fetch GET 200 https://registry.npmjs.org/colorette/-/colorette-2.0.20.tgz 3406ms (cache miss)
1395 http fetch GET 200 https://registry.npmjs.org/cli-cursor/-/cli-cursor-5.0.0.tgz 3410ms (cache miss)
1396 http fetch GET 200 https://registry.npmjs.org/cli-truncate/-/cli-truncate-4.0.0.tgz 3411ms (cache miss)
1397 http fetch GET 200 https://registry.npmjs.org/class-variance-authority/-/class-variance-authority-0.7.1.tgz 3420ms (cache miss)
1398 http fetch GET 200 https://registry.npmjs.org/call-bound/-/call-bound-1.0.3.tgz 3418ms (cache miss)
1399 http fetch GET 200 https://registry.npmjs.org/utrie/-/utrie-1.0.2.tgz 3613ms (cache miss)
1400 http fetch GET 200 https://registry.npmjs.org/decimal.js-light/-/decimal.js-light-2.5.1.tgz 3451ms (cache miss)
1401 http fetch GET 200 https://registry.npmjs.org/camelcase-css/-/camelcase-css-2.0.1.tgz 3430ms (cache miss)
1402 http fetch GET 200 https://registry.npmjs.org/call-bind-apply-helpers/-/call-bind-apply-helpers-1.0.1.tgz 3432ms (cache miss)
1403 http fetch GET 200 https://registry.npmjs.org/brace-expansion/-/brace-expansion-2.0.1.tgz 3431ms (cache miss)
1404 http fetch GET 200 https://registry.npmjs.org/minipass/-/minipass-7.1.2.tgz 3539ms (cache miss)
1405 http fetch GET 200 https://registry.npmjs.org/path-scurry/-/path-scurry-1.11.1.tgz 3563ms (cache miss)
1406 http fetch GET 200 https://registry.npmjs.org/base64-arraybuffer/-/base64-arraybuffer-1.0.2.tgz 3449ms (cache miss)
1407 http fetch GET 200 https://registry.npmjs.org/btoa/-/btoa-1.2.1.tgz 3455ms (cache miss)
1408 http fetch GET 200 https://registry.npmjs.org/chalk/-/chalk-4.1.2.tgz 3459ms (cache miss)
1409 http fetch GET 200 https://registry.npmjs.org/balanced-match/-/balanced-match-1.0.2.tgz 3458ms (cache miss)
1410 http fetch GET 200 https://registry.npmjs.org/callsites/-/callsites-3.1.0.tgz 3465ms (cache miss)
1411 http fetch GET 200 https://registry.npmjs.org/browserslist/-/browserslist-4.24.4.tgz 3465ms (cache miss)
1412 http fetch GET 200 https://registry.npmjs.org/binary-extensions/-/binary-extensions-2.3.0.tgz 3467ms (cache miss)
1413 http fetch GET 200 https://registry.npmjs.org/chokidar/-/chokidar-3.6.0.tgz 3500ms (cache miss)
1414 http fetch GET 200 https://registry.npmjs.org/anymatch/-/anymatch-3.1.3.tgz 3497ms (cache miss)
1415 http fetch GET 200 https://registry.npmjs.org/asynckit/-/asynckit-0.4.0.tgz 3512ms (cache miss)
1416 http fetch GET 200 https://registry.npmjs.org/attr-accept/-/attr-accept-2.2.5.tgz 3512ms (cache miss)
1417 http fetch GET 200 https://registry.npmjs.org/ansi-regex/-/ansi-regex-6.1.0.tgz 3522ms (cache miss)
1418 http fetch GET 200 https://registry.npmjs.org/ansi-escapes/-/ansi-escapes-7.0.0.tgz 3522ms (cache miss)
1419 http fetch GET 200 https://registry.npmjs.org/@vitejs/plugin-react/-/plugin-react-4.3.4.tgz 3520ms (cache miss)
1420 http fetch GET 200 https://registry.npmjs.org/json5/-/json5-2.2.3.tgz 3621ms (cache miss)
1421 http fetch GET 200 https://registry.npmjs.org/aria-hidden/-/aria-hidden-1.2.4.tgz 3531ms (cache miss)
1422 http fetch GET 200 https://registry.npmjs.org/blurhash/-/blurhash-2.0.5.tgz 3544ms (cache miss)
1423 http fetch GET 200 https://registry.npmjs.org/atob/-/atob-2.1.2.tgz 3546ms (cache miss)
1424 http fetch GET 200 https://registry.npmjs.org/arg/-/arg-5.0.2.tgz 3539ms (cache miss)
1425 http fetch GET 200 https://registry.npmjs.org/object-inspect/-/object-inspect-1.13.3.tgz 3669ms (cache miss)
1426 http fetch GET 200 https://registry.npmjs.org/argparse/-/argparse-2.0.1.tgz 3557ms (cache miss)
1427 http fetch GET 200 https://registry.npmjs.org/braces/-/braces-3.0.3.tgz 3566ms (cache miss)
1428 http fetch GET 200 https://registry.npmjs.org/any-promise/-/any-promise-1.3.0.tgz 3552ms (cache miss)
1429 http fetch GET 200 https://registry.npmjs.org/ansi-styles/-/ansi-styles-4.3.0.tgz 3558ms (cache miss)
1430 http fetch GET 200 https://registry.npmjs.org/eslint-scope/-/eslint-scope-8.4.0.tgz 3617ms (cache miss)
1431 http fetch GET 200 https://registry.npmjs.org/acorn-jsx/-/acorn-jsx-5.3.2.tgz 3562ms (cache miss)
1432 http fetch GET 200 https://registry.npmjs.org/marked/-/marked-4.0.12.tgz 3683ms (cache miss)
1433 http fetch GET 200 https://registry.npmjs.org/@types/sizzle/-/sizzle-2.3.9.tgz 3568ms (cache miss)
1434 http fetch GET 200 https://registry.npmjs.org/d3-time/-/d3-time-3.1.0.tgz 3637ms (cache miss)
1435 http fetch GET 200 https://registry.npmjs.org/@types/raf/-/raf-3.4.3.tgz 3594ms (cache miss)
1436 http fetch GET 200 https://registry.npmjs.org/react-smooth/-/react-smooth-4.0.4.tgz 3788ms (cache miss)
1437 http fetch GET 200 https://registry.npmjs.org/cmdk/-/cmdk-1.0.4.tgz 3663ms (cache miss)
1438 http fetch GET 200 https://registry.npmjs.org/@types/uuid/-/uuid-10.0.0.tgz 3633ms (cache miss)
1439 http fetch GET 200 https://registry.npmjs.org/@types/react-dom/-/react-dom-18.3.5.tgz 3642ms (cache miss)
1440 http fetch GET 200 https://registry.npmjs.org/react-remove-scroll-bar/-/react-remove-scroll-bar-2.3.8.tgz 3817ms (cache miss)
1441 http fetch GET 200 https://registry.npmjs.org/d3-ease/-/d3-ease-3.0.1.tgz 3978ms (cache miss)
1442 http fetch GET 200 https://registry.npmjs.org/@types/prop-types/-/prop-types-15.7.14.tgz 3938ms (cache miss)
1443 http fetch GET 200 https://registry.npmjs.org/@types/json-schema/-/json-schema-7.0.15.tgz 3938ms (cache miss)
1444 http fetch GET 200 https://registry.npmjs.org/@types/js-cookie/-/js-cookie-3.0.6.tgz 3939ms (cache miss)
1445 http fetch GET 200 https://registry.npmjs.org/commander/-/commander-13.1.0.tgz 4027ms (cache miss)
1446 http fetch GET 200 https://registry.npmjs.org/signal-exit/-/signal-exit-4.1.0.tgz 4175ms (cache miss)
1447 http fetch GET 200 https://registry.npmjs.org/@types/estree/-/estree-1.0.6.tgz 3991ms (cache miss)
1448 http fetch GET 200 https://registry.npmjs.org/react-transition-group/-/react-transition-group-4.4.5.tgz 4172ms (cache miss)
1449 http fetch GET 200 https://registry.npmjs.org/@types/d3-time/-/d3-time-3.0.4.tgz 4031ms (cache miss)
1450 http fetch GET 200 https://registry.npmjs.org/@types/d3-path/-/d3-path-3.1.0.tgz 4038ms (cache miss)
1451 http fetch GET 200 https://registry.npmjs.org/@types/tinymce/-/tinymce-4.6.9.tgz 4050ms (cache miss)
1452 http fetch GET 200 https://registry.npmjs.org/@types/d3-timer/-/d3-timer-3.0.2.tgz 4047ms (cache miss)
1453 http fetch GET 200 https://registry.npmjs.org/@types/d3-scale/-/d3-scale-4.0.8.tgz 4069ms (cache miss)
1454 http fetch GET 200 https://registry.npmjs.org/@types/d3-shape/-/d3-shape-3.1.7.tgz 4076ms (cache miss)
1455 http fetch GET 200 https://registry.npmjs.org/@types/babel__generator/-/babel__generator-7.6.8.tgz 4073ms (cache miss)
1456 http fetch GET 200 https://registry.npmjs.org/@types/babel__core/-/babel__core-7.20.5.tgz 4072ms (cache miss)
1457 http fetch GET 200 https://registry.npmjs.org/@types/d3-color/-/d3-color-3.1.3.tgz 4085ms (cache miss)
1458 http fetch GET 200 https://registry.npmjs.org/@tanstack/react-virtual/-/react-virtual-3.11.3.tgz 4080ms (cache miss)
1459 http fetch GET 200 https://registry.npmjs.org/@react-stately/utils/-/utils-3.10.5.tgz 4072ms (cache miss)
1460 http fetch GET 200 https://registry.npmjs.org/@types/babel__traverse/-/babel__traverse-7.20.6.tgz 4086ms (cache miss)
1461 http fetch GET 200 https://registry.npmjs.org/@types/d3-interpolate/-/d3-interpolate-3.0.4.tgz 4089ms (cache miss)
1462 http fetch GET 200 https://registry.npmjs.org/@types/d3-array/-/d3-array-3.2.1.tgz 4110ms (cache miss)
1463 http fetch GET 200 https://registry.npmjs.org/@types/d3-ease/-/d3-ease-3.0.2.tgz 4113ms (cache miss)
1464 http fetch GET 200 https://registry.npmjs.org/@types/babel__template/-/babel__template-7.4.4.tgz 4114ms (cache miss)
1465 http fetch GET 200 https://registry.npmjs.org/@react-aria/ssr/-/ssr-3.9.7.tgz 4108ms (cache miss)
1466 http fetch GET 200 https://registry.npmjs.org/@radix-ui/rect/-/rect-1.1.0.tgz 4212ms (cache miss)
1467 http fetch GET 200 https://registry.npmjs.org/@tailwindcss/forms/-/forms-0.5.10.tgz 4233ms (cache miss)
1468 http fetch GET 200 https://registry.npmjs.org/@radix-ui/react-visually-hidden/-/react-visually-hidden-1.1.1.tgz 4235ms (cache miss)
1469 http fetch GET 200 https://registry.npmjs.org/@radix-ui/react-use-rect/-/react-use-rect-1.1.0.tgz 4236ms (cache miss)
1470 http fetch GET 200 https://registry.npmjs.org/@radix-ui/react-use-previous/-/react-use-previous-1.1.0.tgz 4279ms (cache miss)
1471 http fetch GET 200 https://registry.npmjs.org/tailwind-merge/-/tailwind-merge-2.6.0.tgz 4529ms (cache miss)
1472 http fetch GET 200 https://registry.npmjs.org/@radix-ui/react-use-controllable-state/-/react-use-controllable-state-1.1.0.tgz 4307ms (cache miss)
1473 http fetch GET 200 https://registry.npmjs.org/@tailwindcss/typography/-/typography-0.5.16.tgz 4320ms (cache miss)
1474 http fetch GET 200 https://registry.npmjs.org/@radix-ui/react-use-callback-ref/-/react-use-callback-ref-1.1.0.tgz 4332ms (cache miss)
1475 http fetch GET 200 https://registry.npmjs.org/semver/-/semver-7.6.3.tgz 4565ms (cache miss)
1476 http fetch GET 200 https://registry.npmjs.org/@typescript-eslint/visitor-keys/-/visitor-keys-8.22.0.tgz 4404ms (cache miss)
1477 http fetch GET 200 https://registry.npmjs.org/lint-staged/-/lint-staged-15.4.3.tgz 4512ms (cache miss)
1478 http fetch GET 200 https://registry.npmjs.org/dompurify/-/dompurify-2.5.8.tgz 4473ms (cache miss)
1479 http fetch GET 200 https://registry.npmjs.org/fflate/-/fflate-0.8.2.tgz 4519ms (cache miss)
1480 http fetch GET 200 https://registry.npmjs.org/@radix-ui/react-separator/-/react-separator-1.1.1.tgz 4429ms (cache miss)
1481 http fetch GET 200 https://registry.npmjs.org/@radix-ui/react-roving-focus/-/react-roving-focus-1.1.1.tgz 4453ms (cache miss)
1482 http fetch GET 200 https://registry.npmjs.org/@radix-ui/react-radio-group/-/react-radio-group-1.2.2.tgz 4453ms (cache miss)
1483 http fetch GET 200 https://registry.npmjs.org/@radix-ui/react-primitive/-/react-primitive-2.0.1.tgz 4454ms (cache miss)
1484 http fetch GET 200 https://registry.npmjs.org/jackspeak/-/jackspeak-3.4.3.tgz 4604ms (cache miss)
1485 http fetch GET 200 https://registry.npmjs.org/@radix-ui/react-use-layout-effect/-/react-use-layout-effect-1.1.0.tgz 4496ms (cache miss)
1486 http fetch GET 200 https://registry.npmjs.org/acorn/-/acorn-8.15.0.tgz 4541ms (cache miss)
1487 http fetch GET 200 https://registry.npmjs.org/@radix-ui/react-portal/-/react-portal-1.1.3.tgz 4539ms (cache miss)
1488 http fetch GET 200 https://registry.npmjs.org/@radix-ui/react-use-escape-keydown/-/react-use-escape-keydown-1.1.0.tgz 4571ms (cache miss)
1489 http fetch GET 200 https://registry.npmjs.org/@radix-ui/react-tabs/-/react-tabs-1.1.2.tgz 4562ms (cache miss)
1490 http fetch GET 200 https://registry.npmjs.org/@radix-ui/react-slot/-/react-slot-1.1.1.tgz 4576ms (cache miss)
1491 http fetch GET 200 https://registry.npmjs.org/@radix-ui/react-use-size/-/react-use-size-1.1.0.tgz 4586ms (cache miss)
1492 http fetch GET 200 https://registry.npmjs.org/@radix-ui/react-id/-/react-id-1.1.0.tgz 4624ms (cache miss)
1493 http fetch GET 200 https://registry.npmjs.org/@radix-ui/react-label/-/react-label-2.1.1.tgz 4627ms (cache miss)
1494 http fetch GET 200 https://registry.npmjs.org/esquery/-/esquery-1.6.0.tgz 4750ms (cache miss)
1495 http fetch GET 200 https://registry.npmjs.org/@radix-ui/react-focus-guards/-/react-focus-guards-1.1.1.tgz 4639ms (cache miss)
1496 http fetch GET 200 https://registry.npmjs.org/@radix-ui/react-presence/-/react-presence-1.1.2.tgz 4653ms (cache miss)
1497 http fetch GET 200 https://registry.npmjs.org/@radix-ui/react-context/-/react-context-1.1.1.tgz 4648ms (cache miss)
1498 http fetch GET 200 https://registry.npmjs.org/postcss-selector-parser/-/postcss-selector-parser-6.1.2.tgz 4861ms (cache miss)
1499 http fetch GET 200 https://registry.npmjs.org/@radix-ui/react-compose-refs/-/react-compose-refs-1.1.1.tgz 4673ms (cache miss)
1500 http fetch GET 200 https://registry.npmjs.org/d3-scale/-/d3-scale-4.0.2.tgz 4786ms (cache miss)
1501 http fetch GET 200 https://registry.npmjs.org/csstype/-/csstype-3.1.3.tgz 4882ms (cache miss)
1502 http fetch GET 200 https://registry.npmjs.org/@radix-ui/react-collection/-/react-collection-1.1.1.tgz 4798ms (cache miss)
1503 http fetch GET 200 https://registry.npmjs.org/@radix-ui/react-checkbox/-/react-checkbox-1.1.3.tgz 4800ms (cache miss)
1504 http fetch GET 200 https://registry.npmjs.org/@radix-ui/react-avatar/-/react-avatar-1.1.2.tgz 4815ms (cache miss)
1505 http fetch GET 200 https://registry.npmjs.org/@types/react/-/react-18.3.18.tgz 4881ms (cache miss)
1506 http fetch GET 200 https://registry.npmjs.org/d3-interpolate/-/d3-interpolate-3.0.1.tgz 4935ms (cache miss)
1507 http fetch GET 200 https://registry.npmjs.org/@radix-ui/number/-/number-1.1.0.tgz 4847ms (cache miss)
1508 http fetch GET 200 https://registry.npmjs.org/@radix-ui/react-hover-card/-/react-hover-card-1.1.6.tgz 4858ms (cache miss)
1509 http fetch GET 200 https://registry.npmjs.org/@radix-ui/react-tooltip/-/react-tooltip-1.1.7.tgz 4889ms (cache miss)
1510 http fetch GET 200 https://registry.npmjs.org/@radix-ui/react-focus-scope/-/react-focus-scope-1.1.1.tgz 4875ms (cache miss)
1511 http fetch GET 200 https://registry.npmjs.org/@nodelib/fs.walk/-/fs.walk-1.2.8.tgz 4865ms (cache miss)
1512 http fetch GET 200 https://registry.npmjs.org/@radix-ui/react-collapsible/-/react-collapsible-1.1.2.tgz 4881ms (cache miss)
1513 http fetch GET 200 https://registry.npmjs.org/@radix-ui/react-direction/-/react-direction-1.1.0.tgz 4891ms (cache miss)
1514 http fetch GET 200 https://registry.npmjs.org/@radix-ui/primitive/-/primitive-1.1.1.tgz 4887ms (cache miss)
1515 http fetch GET 200 https://registry.npmjs.org/@jridgewell/set-array/-/set-array-1.2.1.tgz 4894ms (cache miss)
1516 http fetch GET 200 https://registry.npmjs.org/@nodelib/fs.stat/-/fs.stat-2.0.5.tgz 4898ms (cache miss)
1517 http fetch GET 200 https://registry.npmjs.org/@nodelib/fs.scandir/-/fs.scandir-2.1.5.tgz 4897ms (cache miss)
1518 http fetch GET 200 https://registry.npmjs.org/@radix-ui/react-dismissable-layer/-/react-dismissable-layer-1.1.4.tgz 4926ms (cache miss)
1519 http fetch GET 200 https://registry.npmjs.org/@jridgewell/resolve-uri/-/resolve-uri-3.1.2.tgz 4927ms (cache miss)
1520 http fetch GET 200 https://registry.npmjs.org/@isaacs/cliui/-/cliui-8.0.2.tgz 4926ms (cache miss)
1521 http fetch GET 200 https://registry.npmjs.org/@radix-ui/react-toast/-/react-toast-1.2.5.tgz 4961ms (cache miss)
1522 http fetch GET 200 https://registry.npmjs.org/@humanwhocodes/retry/-/retry-0.4.3.tgz 4988ms (cache miss)
1523 http fetch GET 200 https://registry.npmjs.org/@react-types/shared/-/shared-3.27.0.tgz 5040ms (cache miss)
1524 http fetch GET 200 https://registry.npmjs.org/@radix-ui/react-alert-dialog/-/react-alert-dialog-1.1.5.tgz 5010ms (cache miss)
1525 http fetch GET 200 https://registry.npmjs.org/@radix-ui/react-popper/-/react-popper-1.2.1.tgz 5015ms (cache miss)
1526 http fetch GET 200 https://registry.npmjs.org/@radix-ui/react-popover/-/react-popover-1.1.5.tgz 5038ms (cache miss)
1527 http fetch GET 200 https://registry.npmjs.org/@radix-ui/react-arrow/-/react-arrow-1.1.1.tgz 5047ms (cache miss)
1528 http fetch GET 200 https://registry.npmjs.org/@eslint/js/-/js-9.32.0.tgz 5055ms (cache miss)
1529 http fetch GET 200 https://registry.npmjs.org/@humanfs/node/-/node-0.16.6.tgz 5064ms (cache miss)
1530 http fetch GET 200 https://registry.npmjs.org/@humanwhocodes/module-importer/-/module-importer-1.0.1.tgz 5072ms (cache miss)
1531 http fetch GET 200 https://registry.npmjs.org/@radix-ui/react-dialog/-/react-dialog-1.1.5.tgz 5103ms (cache miss)
1532 http fetch GET 200 https://registry.npmjs.org/@eslint/core/-/core-0.15.1.tgz 5084ms (cache miss)
1533 http fetch GET 200 https://registry.npmjs.org/@radix-ui/react-dropdown-menu/-/react-dropdown-menu-2.1.5.tgz 5142ms (cache miss)
1534 http fetch GET 200 https://registry.npmjs.org/file-selector/-/file-selector-2.1.2.tgz 5316ms (cache miss)
1535 http fetch GET 200 https://registry.npmjs.org/@radix-ui/react-select/-/react-select-2.1.5.tgz 5252ms (cache miss)
1536 http fetch GET 200 https://registry.npmjs.org/css-line-break/-/css-line-break-2.1.0.tgz 5358ms (cache miss)
1537 http fetch GET 200 https://registry.npmjs.org/@radix-ui/react-menu/-/react-menu-2.1.5.tgz 5349ms (cache miss)
1538 http fetch GET 200 https://registry.npmjs.org/postcss/-/postcss-8.5.1.tgz 5545ms (cache miss)
1539 http fetch GET 200 https://registry.npmjs.org/@floating-ui/utils/-/utils-0.2.9.tgz 5345ms (cache miss)
1540 http fetch GET 200 https://registry.npmjs.org/@floating-ui/react-dom/-/react-dom-2.1.2.tgz 5417ms (cache miss)
1541 http fetch GET 200 https://registry.npmjs.org/@typescript-eslint/types/-/types-8.22.0.tgz 5494ms (cache miss)
1542 http fetch GET 200 https://registry.npmjs.org/js-yaml/-/js-yaml-4.1.0.tgz 5597ms (cache miss)
1543 http fetch GET 200 https://registry.npmjs.org/@pkgjs/parseargs/-/parseargs-0.11.0.tgz 5459ms (cache miss)
1544 http fetch GET 200 https://registry.npmjs.org/@jridgewell/gen-mapping/-/gen-mapping-0.3.8.tgz 5467ms (cache miss)
1545 http fetch GET 200 https://registry.npmjs.org/@humanfs/core/-/core-0.19.1.tgz 5466ms (cache miss)
1546 http fetch GET 200 https://registry.npmjs.org/@tanstack/virtual-core/-/virtual-core-3.11.3.tgz 5548ms (cache miss)
1547 http fetch GET 200 https://registry.npmjs.org/@jridgewell/sourcemap-codec/-/sourcemap-codec-1.5.0.tgz 5507ms (cache miss)
1548 http fetch GET 200 https://registry.npmjs.org/@types/jquery/-/jquery-3.5.32.tgz 5578ms (cache miss)
1549 http fetch GET 200 https://registry.npmjs.org/d3-time-format/-/d3-time-format-4.1.0.tgz 5636ms (cache miss)
1550 http fetch GET 200 https://registry.npmjs.org/@floating-ui/dom/-/dom-1.6.13.tgz 5539ms (cache miss)
1551 http fetch GET 200 https://registry.npmjs.org/jiti/-/jiti-1.21.7.tgz 5742ms (cache miss)
1552 http fetch GET 200 https://registry.npmjs.org/@eslint-community/eslint-utils/-/eslint-utils-4.4.1.tgz 5581ms (cache miss)
1553 http fetch GET 200 https://registry.npmjs.org/react-dropzone/-/react-dropzone-14.3.5.tgz 5860ms (cache miss)
1554 http fetch GET 200 https://registry.npmjs.org/@eslint/plugin-kit/-/plugin-kit-0.3.4.tgz 5629ms (cache miss)
1555 http fetch GET 200 https://registry.npmjs.org/@eslint/object-schema/-/object-schema-2.1.6.tgz 5626ms (cache miss)
1556 http fetch GET 200 https://registry.npmjs.org/@floating-ui/core/-/core-1.6.9.tgz 5649ms (cache miss)
1557 http fetch GET 200 https://registry.npmjs.org/@eslint/config-helpers/-/config-helpers-0.3.0.tgz 5647ms (cache miss)
1558 http fetch GET 200 https://registry.npmjs.org/@eslint-community/regexpp/-/regexpp-4.12.1.tgz 5686ms (cache miss)
1559 http fetch GET 200 https://registry.npmjs.org/@ckeditor/ckeditor5-paragraph/-/ckeditor5-paragraph-44.1.0.tgz 5675ms (cache miss)
1560 http fetch GET 200 https://registry.npmjs.org/nuqs/-/nuqs-2.4.0.tgz 7112ms (cache miss)
1561 http fetch GET 200 https://registry.npmjs.org/foreground-child/-/foreground-child-3.3.0.tgz 7062ms (cache miss)
1562 http fetch GET 200 https://registry.npmjs.org/@jridgewell/trace-mapping/-/trace-mapping-0.3.25.tgz 7068ms (cache miss)
1563 http fetch GET 200 https://registry.npmjs.org/@ckeditor/ckeditor5-easy-image/-/ckeditor5-easy-image-44.1.0.tgz 7350ms (cache miss)
1564 http fetch GET 200 https://registry.npmjs.org/@inertiajs/core/-/core-1.3.0.tgz 7535ms (cache miss)
1565 http fetch GET 200 https://registry.npmjs.org/@inertiajs/react/-/react-1.3.0.tgz 7741ms (cache miss)
1566 http fetch GET 200 https://registry.npmjs.org/use-sidecar/-/use-sidecar-1.1.3.tgz 8028ms (cache miss)
1567 http fetch GET 200 https://registry.npmjs.org/@babel/plugin-transform-react-jsx-self/-/plugin-transform-react-jsx-self-7.25.9.tgz 7804ms (cache miss)
1568 http fetch GET 200 https://registry.npmjs.org/@babel/helper-validator-identifier/-/helper-validator-identifier-7.27.1.tgz 7922ms (cache miss)
1569 http fetch GET 200 https://registry.npmjs.org/@babel/helper-string-parser/-/helper-string-parser-7.27.1.tgz 7922ms (cache miss)
1570 http fetch GET 200 https://registry.npmjs.org/@babel/compat-data/-/compat-data-7.26.5.tgz 7936ms (cache miss)
1571 http fetch GET 200 https://registry.npmjs.org/strip-ansi/-/strip-ansi-6.0.1.tgz 7929ms (cache miss)
1572 http fetch GET 200 https://registry.npmjs.org/@babel/helper-plugin-utils/-/helper-plugin-utils-7.26.5.tgz 7958ms (cache miss)
1573 http fetch GET 200 https://registry.npmjs.org/strip-ansi/-/strip-ansi-6.0.1.tgz 7936ms (cache miss)
1574 http fetch GET 200 https://registry.npmjs.org/string-width/-/string-width-4.2.3.tgz 7945ms (cache miss)
1575 http fetch GET 200 https://registry.npmjs.org/ansi-regex/-/ansi-regex-5.0.1.tgz 7944ms (cache miss)
1576 http fetch GET 200 https://registry.npmjs.org/is-fullwidth-code-point/-/is-fullwidth-code-point-3.0.0.tgz 7946ms (cache miss)
1577 http fetch GET 200 https://registry.npmjs.org/@babel/helper-validator-option/-/helper-validator-option-7.25.9.tgz 7978ms (cache miss)
1578 http fetch GET 200 https://registry.npmjs.org/onetime/-/onetime-7.0.0.tgz 8068ms (cache miss)
1579 http fetch GET 200 https://registry.npmjs.org/@ampproject/remapping/-/remapping-2.3.0.tgz 8105ms (cache miss)
1580 http fetch GET 200 https://registry.npmjs.org/@alloc/quick-lru/-/quick-lru-5.2.0.tgz 8105ms (cache miss)
1581 http fetch GET 200 https://registry.npmjs.org/commander/-/commander-4.1.1.tgz 8083ms (cache miss)
1582 http fetch GET 200 https://registry.npmjs.org/@eslint/config-array/-/config-array-0.21.0.tgz 8160ms (cache miss)
1583 http fetch GET 200 https://registry.npmjs.org/ansi-styles/-/ansi-styles-6.2.1.tgz 8087ms (cache miss)
1584 http fetch GET 200 https://registry.npmjs.org/emoji-regex/-/emoji-regex-8.0.0.tgz 8088ms (cache miss)
1585 http fetch GET 200 https://registry.npmjs.org/react-is/-/react-is-18.3.1.tgz 8082ms (cache miss)
1586 http fetch GET 200 https://registry.npmjs.org/@babel/plugin-transform-react-jsx-source/-/plugin-transform-react-jsx-source-7.25.9.tgz 8134ms (cache miss)
1587 http fetch GET 200 https://registry.npmjs.org/regenerator-runtime/-/regenerator-runtime-0.13.11.tgz 8090ms (cache miss)
1588 http fetch GET 200 https://registry.npmjs.org/@babel/code-frame/-/code-frame-7.27.1.tgz 8134ms (cache miss)
1589 http fetch GET 200 https://registry.npmjs.org/eventemitter3/-/eventemitter3-4.0.7.tgz 8105ms (cache miss)
1590 http fetch GET 200 https://registry.npmjs.org/ansi-regex/-/ansi-regex-5.0.1.tgz 8111ms (cache miss)
1591 http fetch GET 200 https://registry.npmjs.org/is-fullwidth-code-point/-/is-fullwidth-code-point-3.0.0.tgz 8111ms (cache miss)
1592 http fetch GET 200 https://registry.npmjs.org/ansi-regex/-/ansi-regex-5.0.1.tgz 8112ms (cache miss)
1593 http fetch GET 200 https://registry.npmjs.org/path-key/-/path-key-4.0.0.tgz 8109ms (cache miss)
1594 http fetch GET 200 https://registry.npmjs.org/wrap-ansi/-/wrap-ansi-8.1.0.tgz 8095ms (cache miss)
1595 http fetch GET 200 https://registry.npmjs.org/glob-parent/-/glob-parent-5.1.2.tgz 8107ms (cache miss)
1596 http fetch GET 200 https://registry.npmjs.org/is-fullwidth-code-point/-/is-fullwidth-code-point-5.0.0.tgz 8110ms (cache miss)
1597 http fetch GET 200 https://registry.npmjs.org/slice-ansi/-/slice-ansi-7.1.0.tgz 8111ms (cache miss)
1598 http fetch GET 200 https://registry.npmjs.org/@radix-ui/react-dismissable-layer/-/react-dismissable-layer-1.1.5.tgz 8109ms (cache miss)
1599 http fetch GET 200 https://registry.npmjs.org/@radix-ui/react-portal/-/react-portal-1.1.4.tgz 8112ms (cache miss)
1600 http fetch GET 200 https://registry.npmjs.org/@radix-ui/react-arrow/-/react-arrow-1.1.2.tgz 8111ms (cache miss)
1601 http fetch GET 200 https://registry.npmjs.org/brace-expansion/-/brace-expansion-1.1.12.tgz 8118ms (cache miss)
1602 http fetch GET 200 https://registry.npmjs.org/ansi-styles/-/ansi-styles-6.2.1.tgz 8126ms (cache miss)
1603 http fetch GET 200 https://registry.npmjs.org/ansi-styles/-/ansi-styles-6.2.1.tgz 8132ms (cache miss)
1604 http fetch GET 200 https://registry.npmjs.org/ansi-styles/-/ansi-styles-6.2.1.tgz 8115ms (cache miss)
1605 http fetch GET 200 https://registry.npmjs.org/emoji-regex/-/emoji-regex-8.0.0.tgz 8141ms (cache miss)
1606 http fetch GET 200 https://registry.npmjs.org/@radix-ui/react-slot/-/react-slot-1.1.2.tgz 8127ms (cache miss)
1607 http fetch GET 200 https://registry.npmjs.org/string-width/-/string-width-5.1.2.tgz 8126ms (cache miss)
1608 http fetch GET 200 https://registry.npmjs.org/@radix-ui/react-primitive/-/react-primitive-2.0.2.tgz 8132ms (cache miss)
1609 http fetch GET 200 https://registry.npmjs.org/glob-parent/-/glob-parent-5.1.2.tgz 8143ms (cache miss)
1610 http fetch GET 200 https://registry.npmjs.org/minimatch/-/minimatch-3.1.2.tgz 8143ms (cache miss)
1611 http fetch GET 200 https://registry.npmjs.org/brace-expansion/-/brace-expansion-1.1.12.tgz 8129ms (cache miss)
1612 http fetch GET 200 https://registry.npmjs.org/brace-expansion/-/brace-expansion-1.1.12.tgz 8142ms (cache miss)
1613 http fetch GET 200 https://registry.npmjs.org/semver/-/semver-6.3.1.tgz 8126ms (cache miss)
1614 http fetch GET 200 https://registry.npmjs.org/eslint-visitor-keys/-/eslint-visitor-keys-4.2.1.tgz 8164ms (cache miss)
1615 http fetch GET 200 https://registry.npmjs.org/minimatch/-/minimatch-3.1.2.tgz 8135ms (cache miss)
1616 http fetch GET 200 https://registry.npmjs.org/minimatch/-/minimatch-3.1.2.tgz 8153ms (cache miss)
1617 http fetch GET 200 https://registry.npmjs.org/globals/-/globals-14.0.0.tgz 8153ms (cache miss)
1618 http fetch GET 200 https://registry.npmjs.org/brace-expansion 7519ms (cache miss)
1619 silly packumentCache corgi:https://registry.npmjs.org/brace-expansion set size:undefined disposed:false
1620 http fetch GET 200 https://registry.npmjs.org/semver/-/semver-6.3.1.tgz 8156ms (cache miss)
1621 http fetch GET 200 https://registry.npmjs.org/js-cookie 7531ms (cache miss)
1622 silly packumentCache corgi:https://registry.npmjs.org/js-cookie set size:undefined disposed:false
1623 http fetch GET 200 https://registry.npmjs.org/flatted 7540ms (cache miss)
1624 silly packumentCache corgi:https://registry.npmjs.org/flatted set size:undefined disposed:false
1625 http fetch GET 200 https://registry.npmjs.org/eslint-visitor-keys/-/eslint-visitor-keys-4.2.1.tgz 8219ms (cache miss)
1626 http fetch GET 200 https://registry.npmjs.org/picomatch 7560ms (cache miss)
1627 silly packumentCache corgi:https://registry.npmjs.org/picomatch set size:undefined disposed:false
1628 http fetch GET 200 https://registry.npmjs.org/js-yaml 7579ms (cache miss)
1629 silly packumentCache corgi:https://registry.npmjs.org/js-yaml set size:undefined disposed:false
1630 http fetch GET 200 https://registry.npmjs.org/eslint-visitor-keys/-/eslint-visitor-keys-4.2.0.tgz 8250ms (cache miss)
1631 http fetch GET 200 https://registry.npmjs.org/lodash-es 7596ms (cache miss)
1632 silly packumentCache corgi:https://registry.npmjs.org/lodash-es set size:undefined disposed:false
1633 http fetch GET 200 https://registry.npmjs.org/uuid 7638ms (cache miss)
1634 silly packumentCache corgi:https://registry.npmjs.org/uuid set size:undefined disposed:false
1635 http fetch GET 200 https://registry.npmjs.org/jspdf 7650ms (cache miss)
1636 silly packumentCache corgi:https://registry.npmjs.org/jspdf set size:undefined disposed:false
1637 http fetch GET 200 https://registry.npmjs.org/lodash 7706ms (cache miss)
1638 silly packumentCache corgi:https://registry.npmjs.org/lodash set size:undefined disposed:false
1639 http fetch GET 200 https://registry.npmjs.org/@ckeditor/ckeditor5-essentials/-/ckeditor5-essentials-44.1.0.tgz 8450ms (cache miss)
1640 http fetch GET 200 https://registry.npmjs.org/follow-redirects 7733ms (cache miss)
1641 silly packumentCache corgi:https://registry.npmjs.org/follow-redirects set size:undefined disposed:false
1642 http fetch GET 200 https://registry.npmjs.org/@babel/helper-module-imports/-/helper-module-imports-7.25.9.tgz 8411ms (cache miss)
1643 http fetch GET 200 https://registry.npmjs.org/@humanwhocodes/retry/-/retry-0.3.1.tgz 8393ms (cache miss)
1644 http fetch GET 200 https://registry.npmjs.org/@radix-ui/react-popper/-/react-popper-1.2.2.tgz 8408ms (cache miss)
1645 http fetch GET 200 https://registry.npmjs.org/qs 7752ms (cache miss)
1646 silly packumentCache corgi:https://registry.npmjs.org/qs set size:undefined disposed:false
1647 http fetch GET 200 https://registry.npmjs.org/minimatch 7781ms (cache miss)
1648 silly packumentCache corgi:https://registry.npmjs.org/minimatch set size:undefined disposed:false
1649 http fetch GET 200 https://registry.npmjs.org/@floating-ui/react/-/react-0.26.28.tgz 8540ms (cache miss)
1650 http fetch GET 200 https://registry.npmjs.org/yaml 7798ms (cache miss)
1651 silly packumentCache corgi:https://registry.npmjs.org/yaml set size:undefined disposed:false
1652 http fetch GET 200 https://registry.npmjs.org/glob 7812ms (cache miss)
1653 silly packumentCache corgi:https://registry.npmjs.org/glob set size:undefined disposed:false
1654 http fetch GET 200 https://registry.npmjs.org/d3-array/-/d3-array-3.2.4.tgz 8696ms (cache miss)
1655 http fetch GET 200 https://registry.npmjs.org/use-callback-ref/-/use-callback-ref-1.3.3.tgz 8881ms (cache miss)
1656 http fetch GET 200 https://registry.npmjs.org/dompurify 7887ms (cache miss)
1657 silly packumentCache corgi:https://registry.npmjs.org/dompurify set size:undefined disposed:false
1658 http fetch GET 200 https://registry.npmjs.org/emoji-regex/-/emoji-regex-9.2.2.tgz 8590ms (cache miss)
1659 http fetch GET 200 https://registry.npmjs.org/axios 7974ms (cache miss)
1660 silly packumentCache corgi:https://registry.npmjs.org/axios set size:undefined disposed:false
1661 http fetch GET 200 https://registry.npmjs.org/@babel/template/-/template-7.27.2.tgz 8779ms (cache miss)
1662 http fetch GET 200 https://registry.npmjs.org/@ckeditor/ckeditor5-editor-decoupled/-/ckeditor5-editor-decoupled-44.1.0.tgz 8790ms (cache miss)
1663 http fetch GET 200 https://registry.npmjs.org/@babel/helper-compilation-targets/-/helper-compilation-targets-7.26.5.tgz 8774ms (cache miss)
1664 http fetch GET 200 https://registry.npmjs.org/uri-js/-/uri-js-4.4.1.tgz 9114ms (cache miss)
1665 http fetch GET 200 https://registry.npmjs.org/postcss 8083ms (cache miss)
1666 silly packumentCache corgi:https://registry.npmjs.org/postcss set size:undefined disposed:false
1667 http fetch GET 200 https://registry.npmjs.org/@ckeditor/ckeditor5-editor-balloon/-/ckeditor5-editor-balloon-44.1.0.tgz 8818ms (cache miss)
1668 http fetch GET 200 https://registry.npmjs.org/ajv 8130ms (cache miss)
1669 silly packumentCache corgi:https://registry.npmjs.org/ajv set size:undefined disposed:false
1670 http fetch GET 200 https://registry.npmjs.org/chalk/-/chalk-5.4.1.tgz 8797ms (cache miss)
1671 http fetch GET 200 https://registry.npmjs.org/@ckeditor/ckeditor5-watchdog/-/ckeditor5-watchdog-44.1.0.tgz 8882ms (cache miss)
1672 http fetch GET 200 https://registry.npmjs.org/@ckeditor/ckeditor5-adapter-ckfinder/-/ckeditor5-adapter-ckfinder-44.1.0.tgz 8859ms (cache miss)
1673 http fetch GET 200 https://registry.npmjs.org/@ckeditor/ckeditor5-editor-inline/-/ckeditor5-editor-inline-44.1.0.tgz 8873ms (cache miss)
1674 http fetch GET 200 https://registry.npmjs.org/@babel/helper-module-transforms/-/helper-module-transforms-7.26.0.tgz 8866ms (cache miss)
1675 http fetch GET 200 https://registry.npmjs.org/@ckeditor/ckeditor5-editor-classic/-/ckeditor5-editor-classic-44.1.0.tgz 8893ms (cache miss)
1676 http fetch GET 200 https://registry.npmjs.org/minimatch/-/minimatch-9.0.5.tgz 9144ms (cache miss)
1677 http fetch GET 200 https://registry.npmjs.org/@react-aria/focus/-/focus-3.19.1.tgz 9034ms (cache miss)
1678 http fetch GET 200 https://registry.npmjs.org/react-remove-scroll/-/react-remove-scroll-2.6.3.tgz 9263ms (cache miss)
1679 http fetch GET 200 https://registry.npmjs.org/@ckeditor/ckeditor5-markdown-gfm/-/ckeditor5-markdown-gfm-44.1.0.tgz 9096ms (cache miss)
1680 http fetch GET 200 https://registry.npmjs.org/rollup/-/rollup-4.32.1.tgz 9372ms (cache miss)
1681 http fetch GET 200 https://registry.npmjs.org/@ckeditor/ckeditor5-editor-multi-root/-/ckeditor5-editor-multi-root-44.1.0.tgz 9100ms (cache miss)
1682 http fetch GET 200 https://registry.npmjs.org/@ckeditor/ckeditor5-minimap/-/ckeditor5-minimap-44.1.0.tgz 9114ms (cache miss)
1683 http fetch GET 200 https://registry.npmjs.org/esbuild 8441ms (cache miss)
1684 silly packumentCache corgi:https://registry.npmjs.org/esbuild set size:undefined disposed:false
1685 http fetch GET 200 https://registry.npmjs.org/@rollup/rollup-darwin-x64/-/rollup-darwin-x64-4.32.1.tgz 9246ms (cache miss)
1686 http fetch GET 200 https://registry.npmjs.org/@eslint/eslintrc/-/eslintrc-3.3.1.tgz 9219ms (cache miss)
1687 http fetch GET 200 https://registry.npmjs.org/fast-glob/-/fast-glob-3.3.3.tgz 9384ms (cache miss)
1688 http fetch GET 200 https://registry.npmjs.org/@ckeditor/ckeditor5-react/-/ckeditor5-react-9.4.0.tgz 9320ms (cache miss)
1689 http fetch GET 200 https://registry.npmjs.org/@ckeditor/ckeditor5-cloud-services/-/ckeditor5-cloud-services-44.1.0.tgz 9373ms (cache miss)
1690 http fetch GET 200 https://registry.npmjs.org/motion-dom/-/motion-dom-11.18.1.tgz 9665ms (cache miss)
1691 http fetch GET 200 https://registry.npmjs.org/fast-equals/-/fast-equals-5.2.2.tgz 9640ms (cache miss)
1692 http fetch GET 200 https://registry.npmjs.org/d3-shape/-/d3-shape-3.2.0.tgz 9612ms (cache miss)
1693 http fetch GET 200 https://registry.npmjs.org/vite/-/vite-5.4.19.tgz 9798ms (cache miss)
1694 http fetch GET 200 https://registry.npmjs.org/@types/node/-/node-18.19.74.tgz 9619ms (cache miss)
1695 http fetch GET 200 https://registry.npmjs.org/@ianvs/prettier-plugin-sort-imports/-/prettier-plugin-sort-imports-4.4.1.tgz 9644ms (cache miss)
1696 http fetch GET 200 https://registry.npmjs.org/lru-cache/-/lru-cache-10.4.3.tgz 9652ms (cache miss)
1697 http fetch GET 200 https://registry.npmjs.org/@ckeditor/ckeditor5-mention/-/ckeditor5-mention-44.1.0.tgz 9744ms (cache miss)
1698 http fetch GET 200 https://registry.npmjs.org/@ckeditor%2fckeditor5-html-support 9065ms (cache miss)
1699 silly packumentCache corgi:https://registry.npmjs.org/@ckeditor%2fckeditor5-html-support set size:undefined disposed:false
1700 http fetch GET 200 https://registry.npmjs.org/@babel/parser/-/parser-7.28.0.tgz 9902ms (cache miss)
1701 http fetch GET 200 https://registry.npmjs.org/@tinymce/tinymce-react/-/tinymce-react-5.1.1.tgz 10021ms (cache miss)
1702 http fetch GET 200 https://registry.npmjs.org/postcss-selector-parser/-/postcss-selector-parser-6.0.10.tgz 9916ms (cache miss)
1703 http fetch GET 200 https://registry.npmjs.org/glob/-/glob-10.4.5.tgz 10169ms (cache miss)
1704 http fetch GET 200 https://registry.npmjs.org/uuid/-/uuid-10.0.0.tgz 10318ms (cache miss)
1705 http fetch GET 200 https://registry.npmjs.org/react-dom/-/react-dom-18.3.1.tgz 10318ms (cache miss)
1706 http fetch GET 200 https://registry.npmjs.org/vite 9449ms (cache miss)
1707 silly packumentCache corgi:https://registry.npmjs.org/vite set size:undefined disposed:false
1708 http fetch GET 200 https://registry.npmjs.org/@ckeditor/ckeditor5-typing/-/ckeditor5-typing-44.1.0.tgz 10365ms (cache miss)
1709 http fetch GET 200 https://registry.npmjs.org/rollup 9665ms (cache miss)
1710 silly packumentCache corgi:https://registry.npmjs.org/rollup set size:undefined disposed:false
1711 http fetch GET 200 https://registry.npmjs.org/autoprefixer/-/autoprefixer-10.4.20.tgz 10721ms (cache miss)
1712 http fetch GET 200 https://registry.npmjs.org/resolve/-/resolve-1.22.10.tgz 10979ms (cache miss)
1713 http fetch GET 200 https://registry.npmjs.org/@babel/generator/-/generator-7.26.5.tgz 10765ms (cache miss)
1714 http fetch GET 200 https://registry.npmjs.org/react-currency-input-field/-/react-currency-input-field-3.9.0.tgz 11137ms (cache miss)
1715 http fetch GET 200 https://registry.npmjs.org/@ckeditor/ckeditor5-paste-from-office/-/ckeditor5-paste-from-office-44.1.0.tgz 10965ms (cache miss)
1716 http fetch GET 200 https://registry.npmjs.org/@react-aria/interactions/-/interactions-3.23.0.tgz 11055ms (cache miss)
1717 http fetch GET 200 https://registry.npmjs.org/prettier-plugin-tailwindcss/-/prettier-plugin-tailwindcss-0.6.11.tgz 11312ms (cache miss)
1718 http fetch GET 200 https://registry.npmjs.org/@ckeditor/ckeditor5-integrations-common/-/ckeditor5-integrations-common-2.2.2.tgz 11273ms (cache miss)
1719 http fetch GET 200 https://registry.npmjs.org/ajv/-/ajv-6.12.6.tgz 11445ms (cache miss)
1720 http fetch GET 200 https://registry.npmjs.org/@babel/traverse/-/traverse-7.26.7.tgz 11395ms (cache miss)
1721 http fetch GET 200 https://registry.npmjs.org/ckeditor5 10863ms (cache miss)
1722 silly packumentCache corgi:https://registry.npmjs.org/ckeditor5 set size:undefined disposed:false
1723 http fetch GET 200 https://registry.npmjs.org/axios/-/axios-1.11.0.tgz 16977ms (cache miss)
1724 http fetch GET 200 https://registry.npmjs.org/prettier/-/prettier-3.4.2.tgz 17299ms (cache miss)
1725 silly packumentCache corgi:https://registry.npmjs.org/@eslint%2fconfig-array cache-miss
1726 silly packumentCache corgi:https://registry.npmjs.org/@eslint%2feslintrc cache-miss
1727 silly packumentCache corgi:https://registry.npmjs.org/eslint cache-miss
1728 http fetch GET 200 https://registry.npmjs.org/vanilla-colorful/-/vanilla-colorful-0.7.2.tgz 17440ms (cache miss)
1729 http fetch GET 200 https://registry.npmjs.org/@eslint%2fconfig-array 173ms (cache miss)
1730 silly packumentCache corgi:https://registry.npmjs.org/@eslint%2fconfig-array set size:undefined disposed:false
1731 http fetch GET 200 https://registry.npmjs.org/@eslint%2feslintrc 205ms (cache miss)
1732 silly packumentCache corgi:https://registry.npmjs.org/@eslint%2feslintrc set size:undefined disposed:false
1733 http fetch GET 200 https://registry.npmjs.org/lodash-es/-/lodash-es-4.17.21.tgz 17507ms (cache miss)
1734 http fetch GET 200 https://registry.npmjs.org/eslint 625ms (cache miss)
1735 silly packumentCache corgi:https://registry.npmjs.org/eslint set size:undefined disposed:false
1736 silly packumentCache corgi:https://registry.npmjs.org/@typescript-eslint%2ftypescript-estree cache-miss
1737 http fetch GET 200 https://registry.npmjs.org/@typescript-eslint/typescript-estree/-/typescript-estree-8.22.0.tgz 18234ms (cache miss)
1738 http fetch GET 200 https://registry.npmjs.org/dom-helpers/-/dom-helpers-5.2.1.tgz 18291ms (cache miss)
1739 http fetch GET 200 https://registry.npmjs.org/@react-aria/utils/-/utils-3.27.0.tgz 18221ms (cache miss)
1740 http fetch GET 200 https://registry.npmjs.org/canvg/-/canvg-3.0.11.tgz 18669ms (cache miss)
1741 http fetch GET 200 https://registry.npmjs.org/@babel/core/-/core-7.26.7.tgz 18537ms (cache miss)
1742 http fetch GET 200 https://registry.npmjs.org/@typescript-eslint/utils/-/utils-8.22.0.tgz 18688ms (cache miss)
1743 http fetch GET 200 https://registry.npmjs.org/@esbuild/darwin-x64/-/darwin-x64-0.21.5.tgz 18618ms (cache miss)
1744 http fetch GET 200 https://registry.npmjs.org/@tanstack/eslint-plugin-query/-/eslint-plugin-query-5.65.0.tgz 18691ms (cache miss)
1745 http fetch GET 200 https://registry.npmjs.org/@ckeditor/ckeditor5-theme-lark/-/ckeditor5-theme-lark-44.1.0.tgz 18631ms (cache miss)
1746 http fetch GET 200 https://registry.npmjs.org/jspdf/-/jspdf-2.5.2.tgz 19536ms (cache miss)
1747 http fetch GET 200 https://registry.npmjs.org/@ckeditor/ckeditor5-utils/-/ckeditor5-utils-44.1.0.tgz 19440ms (cache miss)
1748 http fetch GET 200 https://registry.npmjs.org/@babel/runtime/-/runtime-7.28.2.tgz 19922ms (cache miss)
1749 http fetch GET 200 https://registry.npmjs.org/sucrase/-/sucrase-3.35.0.tgz 20437ms (cache miss)
1750 http fetch GET 200 https://registry.npmjs.org/@babel/types/-/types-7.28.2.tgz 20359ms (cache miss)
1751 http fetch GET 200 https://registry.npmjs.org/@radix-ui/react-icons/-/react-icons-1.3.2.tgz 20545ms (cache miss)
1752 http fetch GET 200 https://registry.npmjs.org/yaml/-/yaml-2.7.0.tgz 21060ms (cache miss)
1753 http fetch GET 200 https://registry.npmjs.org/@typescript-eslint%2ftypescript-estree 3050ms (cache miss)
1754 silly packumentCache corgi:https://registry.npmjs.org/@typescript-eslint%2ftypescript-estree set size:undefined disposed:false
1755 silly packumentCache corgi:https://registry.npmjs.org/@inertiajs%2fcore cache-miss
1756 http fetch GET 200 https://registry.npmjs.org/@swc/helpers/-/helpers-0.5.15.tgz 21442ms (cache miss)
1757 http fetch GET 200 https://registry.npmjs.org/tailwindcss/-/tailwindcss-3.4.17.tgz 21698ms (cache miss)
1758 http fetch GET 200 https://registry.npmjs.org/@inertiajs%2fcore 153ms (cache miss)
1759 silly packumentCache corgi:https://registry.npmjs.org/@inertiajs%2fcore set size:undefined disposed:false
1760 http fetch GET 200 https://registry.npmjs.org/@babel/helpers/-/helpers-7.28.2.tgz 21465ms (cache miss)
1761 silly packumentCache corgi:https://registry.npmjs.org/@ckeditor%2fckeditor5-adapter-ckfinder cache-miss
1762 silly packumentCache corgi:https://registry.npmjs.org/@ckeditor%2fckeditor5-alignment cache-miss
1763 silly packumentCache corgi:https://registry.npmjs.org/@ckeditor%2fckeditor5-autoformat cache-miss
1764 silly packumentCache corgi:https://registry.npmjs.org/@ckeditor%2fckeditor5-autosave cache-miss
1765 silly packumentCache corgi:https://registry.npmjs.org/@ckeditor%2fckeditor5-basic-styles cache-miss
1766 silly packumentCache corgi:https://registry.npmjs.org/@ckeditor%2fckeditor5-block-quote cache-miss
1767 silly packumentCache corgi:https://registry.npmjs.org/@ckeditor%2fckeditor5-bookmark cache-miss
1768 silly packumentCache corgi:https://registry.npmjs.org/@ckeditor%2fckeditor5-ckbox cache-miss
1769 silly packumentCache corgi:https://registry.npmjs.org/@ckeditor%2fckeditor5-ckfinder cache-miss
1770 silly packumentCache corgi:https://registry.npmjs.org/@ckeditor%2fckeditor5-cloud-services cache-miss
1771 silly packumentCache corgi:https://registry.npmjs.org/@ckeditor%2fckeditor5-code-block cache-miss
1772 silly packumentCache corgi:https://registry.npmjs.org/@ckeditor%2fckeditor5-easy-image cache-miss
1773 silly packumentCache corgi:https://registry.npmjs.org/@ckeditor%2fckeditor5-editor-balloon cache-miss
1774 silly packumentCache corgi:https://registry.npmjs.org/@ckeditor%2fckeditor5-editor-classic cache-miss
1775 silly packumentCache corgi:https://registry.npmjs.org/@ckeditor%2fckeditor5-editor-decoupled cache-miss
1776 silly packumentCache corgi:https://registry.npmjs.org/@ckeditor%2fckeditor5-editor-inline cache-miss
1777 silly packumentCache corgi:https://registry.npmjs.org/@ckeditor%2fckeditor5-editor-multi-root cache-miss
1778 silly packumentCache corgi:https://registry.npmjs.org/@ckeditor%2fckeditor5-essentials cache-miss
1779 silly packumentCache corgi:https://registry.npmjs.org/@ckeditor%2fckeditor5-find-and-replace cache-miss
1780 silly packumentCache corgi:https://registry.npmjs.org/@ckeditor%2fckeditor5-font cache-miss
1781 silly packumentCache corgi:https://registry.npmjs.org/@ckeditor%2fckeditor5-heading cache-miss
1782 silly packumentCache corgi:https://registry.npmjs.org/@ckeditor%2fckeditor5-highlight cache-miss
1783 silly packumentCache corgi:https://registry.npmjs.org/@ckeditor%2fckeditor5-horizontal-line cache-miss
1784 silly packumentCache corgi:https://registry.npmjs.org/@ckeditor%2fckeditor5-html-embed cache-miss
1785 silly packumentCache corgi:https://registry.npmjs.org/@ckeditor%2fckeditor5-image cache-miss
1786 silly packumentCache corgi:https://registry.npmjs.org/@ckeditor%2fckeditor5-indent cache-miss
1787 silly packumentCache corgi:https://registry.npmjs.org/@ckeditor%2fckeditor5-integrations-common cache-miss
1788 silly packumentCache corgi:https://registry.npmjs.org/@ckeditor%2fckeditor5-language cache-miss
1789 silly packumentCache corgi:https://registry.npmjs.org/@ckeditor%2fckeditor5-link cache-miss
1790 silly packumentCache corgi:https://registry.npmjs.org/@ckeditor%2fckeditor5-list cache-miss
1791 silly packumentCache corgi:https://registry.npmjs.org/@ckeditor%2fckeditor5-markdown-gfm cache-miss
1792 silly packumentCache corgi:https://registry.npmjs.org/@ckeditor%2fckeditor5-media-embed cache-miss
1793 silly packumentCache corgi:https://registry.npmjs.org/@ckeditor%2fckeditor5-mention cache-miss
1794 silly packumentCache corgi:https://registry.npmjs.org/@ckeditor%2fckeditor5-minimap cache-miss
1795 silly packumentCache corgi:https://registry.npmjs.org/@ckeditor%2fckeditor5-page-break cache-miss
1796 silly packumentCache corgi:https://registry.npmjs.org/@ckeditor%2fckeditor5-paste-from-office cache-miss
1797 silly packumentCache corgi:https://registry.npmjs.org/@ckeditor%2fckeditor5-react cache-miss
1798 silly packumentCache corgi:https://registry.npmjs.org/@ckeditor%2fckeditor5-remove-format cache-miss
1799 silly packumentCache corgi:https://registry.npmjs.org/@ckeditor%2fckeditor5-restricted-editing cache-miss
1800 silly packumentCache corgi:https://registry.npmjs.org/@ckeditor%2fckeditor5-show-blocks cache-miss
1801 silly packumentCache corgi:https://registry.npmjs.org/@ckeditor%2fckeditor5-source-editing cache-miss
1802 silly packumentCache corgi:https://registry.npmjs.org/@ckeditor%2fckeditor5-special-characters cache-miss
1803 silly packumentCache corgi:https://registry.npmjs.org/@ckeditor%2fckeditor5-style cache-miss
1804 silly packumentCache corgi:https://registry.npmjs.org/@ckeditor%2fckeditor5-table cache-miss
1805 silly packumentCache corgi:https://registry.npmjs.org/@ckeditor%2fckeditor5-word-count cache-miss
1806 http fetch GET 200 https://registry.npmjs.org/react-day-picker/-/react-day-picker-8.10.1.tgz 26489ms (cache miss)
1807 http fetch GET 200 https://registry.npmjs.org/@tanstack/query-core/-/query-core-5.65.0.tgz 27125ms (cache miss)
1808 http fetch GET 200 https://registry.npmjs.org/@ckeditor%2fckeditor5-adapter-ckfinder 5550ms (cache miss)
1809 silly packumentCache corgi:https://registry.npmjs.org/@ckeditor%2fckeditor5-adapter-ckfinder set size:undefined disposed:false
1810 http fetch GET 200 https://registry.npmjs.org/@types/lodash/-/lodash-4.17.15.tgz 27241ms (cache miss)
1811 http fetch GET 200 https://registry.npmjs.org/@ckeditor%2fckeditor5-bookmark 5650ms (cache miss)
1812 silly packumentCache corgi:https://registry.npmjs.org/@ckeditor%2fckeditor5-bookmark set size:undefined disposed:false
1813 http fetch GET 200 https://registry.npmjs.org/@ckeditor%2fckeditor5-alignment 5784ms (cache miss)
1814 silly packumentCache corgi:https://registry.npmjs.org/@ckeditor%2fckeditor5-alignment set size:undefined disposed:false
1815 http fetch GET 200 https://registry.npmjs.org/@ckeditor%2fckeditor5-basic-styles 5863ms (cache miss)
1816 silly packumentCache corgi:https://registry.npmjs.org/@ckeditor%2fckeditor5-basic-styles set size:undefined disposed:false
1817 http fetch GET 200 https://registry.npmjs.org/@ckeditor%2fckeditor5-autoformat 6122ms (cache miss)
1818 silly packumentCache corgi:https://registry.npmjs.org/@ckeditor%2fckeditor5-autoformat set size:undefined disposed:false
1819 http fetch GET 200 https://registry.npmjs.org/@ckeditor%2fckeditor5-cloud-services 6226ms (cache miss)
1820 silly packumentCache corgi:https://registry.npmjs.org/@ckeditor%2fckeditor5-cloud-services set size:undefined disposed:false
1821 http fetch GET 200 https://registry.npmjs.org/@ckeditor%2fckeditor5-autosave 6369ms (cache miss)
1822 silly packumentCache corgi:https://registry.npmjs.org/@ckeditor%2fckeditor5-autosave set size:undefined disposed:false
1823 http fetch GET 200 https://registry.npmjs.org/@ckeditor%2fckeditor5-integrations-common 6453ms (cache miss)
1824 silly packumentCache corgi:https://registry.npmjs.org/@ckeditor%2fckeditor5-integrations-common set size:undefined disposed:false
1825 http fetch GET 200 https://registry.npmjs.org/@ckeditor%2fckeditor5-react 6460ms (cache miss)
1826 silly packumentCache corgi:https://registry.npmjs.org/@ckeditor%2fckeditor5-react set size:undefined disposed:false
1827 http fetch GET 200 https://registry.npmjs.org/@ckeditor%2fckeditor5-easy-image 6503ms (cache miss)
1828 silly packumentCache corgi:https://registry.npmjs.org/@ckeditor%2fckeditor5-easy-image set size:undefined disposed:false
1829 http fetch GET 200 https://registry.npmjs.org/@ckeditor%2fckeditor5-editor-decoupled 6570ms (cache miss)
1830 silly packumentCache corgi:https://registry.npmjs.org/@ckeditor%2fckeditor5-editor-decoupled set size:undefined disposed:false
1831 http fetch GET 200 https://registry.npmjs.org/@ckeditor%2fckeditor5-editor-classic 6650ms (cache miss)
1832 silly packumentCache corgi:https://registry.npmjs.org/@ckeditor%2fckeditor5-editor-classic set size:undefined disposed:false
1833 http fetch GET 200 https://registry.npmjs.org/@ckeditor%2fckeditor5-code-block 6757ms (cache miss)
1834 silly packumentCache corgi:https://registry.npmjs.org/@ckeditor%2fckeditor5-code-block set size:undefined disposed:false
1835 http fetch GET 200 https://registry.npmjs.org/@ckeditor%2fckeditor5-editor-multi-root 6846ms (cache miss)
1836 silly packumentCache corgi:https://registry.npmjs.org/@ckeditor%2fckeditor5-editor-multi-root set size:undefined disposed:false
1837 http fetch GET 200 https://registry.npmjs.org/@ckeditor%2fckeditor5-editor-balloon 6921ms (cache miss)
1838 silly packumentCache corgi:https://registry.npmjs.org/@ckeditor%2fckeditor5-editor-balloon set size:undefined disposed:false
1839 http fetch GET 200 https://registry.npmjs.org/@ckeditor%2fckeditor5-ckfinder 6993ms (cache miss)
1840 silly packumentCache corgi:https://registry.npmjs.org/@ckeditor%2fckeditor5-ckfinder set size:undefined disposed:false
1841 http fetch GET 200 https://registry.npmjs.org/@ckeditor%2fckeditor5-block-quote 7063ms (cache miss)
1842 silly packumentCache corgi:https://registry.npmjs.org/@ckeditor%2fckeditor5-block-quote set size:undefined disposed:false
1843 http fetch GET 200 https://registry.npmjs.org/@ckeditor%2fckeditor5-editor-inline 7151ms (cache miss)
1844 silly packumentCache corgi:https://registry.npmjs.org/@ckeditor%2fckeditor5-editor-inline set size:undefined disposed:false
1845 http fetch GET 200 https://registry.npmjs.org/@ckeditor%2fckeditor5-ckbox 7249ms (cache miss)
1846 silly packumentCache corgi:https://registry.npmjs.org/@ckeditor%2fckeditor5-ckbox set size:undefined disposed:false
1847 http fetch GET 200 https://registry.npmjs.org/@ckeditor%2fckeditor5-font 7342ms (cache miss)
1848 silly packumentCache corgi:https://registry.npmjs.org/@ckeditor%2fckeditor5-font set size:undefined disposed:false
1849 http fetch GET 200 https://registry.npmjs.org/@ckeditor%2fckeditor5-essentials 7408ms (cache miss)
1850 silly packumentCache corgi:https://registry.npmjs.org/@ckeditor%2fckeditor5-essentials set size:undefined disposed:false
1851 http fetch GET 200 https://registry.npmjs.org/@ckeditor/ckeditor5-select-all/-/ckeditor5-select-all-44.1.0.tgz 29042ms (cache miss)
1852 http fetch GET 200 https://registry.npmjs.org/@ckeditor%2fckeditor5-highlight 7520ms (cache miss)
1853 silly packumentCache corgi:https://registry.npmjs.org/@ckeditor%2fckeditor5-highlight set size:undefined disposed:false
1854 http fetch GET 200 https://registry.npmjs.org/@ckeditor%2fckeditor5-html-embed 7604ms (cache miss)
1855 silly packumentCache corgi:https://registry.npmjs.org/@ckeditor%2fckeditor5-html-embed set size:undefined disposed:false
1856 http fetch GET 200 https://registry.npmjs.org/@ckeditor/ckeditor5-upload/-/ckeditor5-upload-44.1.0.tgz 29212ms (cache miss)
1857 http fetch GET 200 https://registry.npmjs.org/@ckeditor/ckeditor5-undo/-/ckeditor5-undo-44.1.0.tgz 29216ms (cache miss)
1858 http fetch GET 200 https://registry.npmjs.org/@ckeditor%2fckeditor5-find-and-replace 7741ms (cache miss)
1859 silly packumentCache corgi:https://registry.npmjs.org/@ckeditor%2fckeditor5-find-and-replace set size:undefined disposed:false
1860 http fetch GET 200 https://registry.npmjs.org/@ckeditor%2fckeditor5-heading 7835ms (cache miss)
1861 silly packumentCache corgi:https://registry.npmjs.org/@ckeditor%2fckeditor5-heading set size:undefined disposed:false
1862 http fetch GET 200 https://registry.npmjs.org/@ckeditor/ckeditor5-enter/-/ckeditor5-enter-44.1.0.tgz 29513ms (cache miss)
1863 http fetch GET 200 https://registry.npmjs.org/recharts/-/recharts-2.15.1.tgz 29832ms (cache miss)
1864 http fetch GET 200 https://registry.npmjs.org/@ckeditor%2fckeditor5-language 8061ms (cache miss)
1865 silly packumentCache corgi:https://registry.npmjs.org/@ckeditor%2fckeditor5-language set size:undefined disposed:false
1866 http fetch GET 200 https://registry.npmjs.org/@ckeditor%2fckeditor5-show-blocks 8262ms (cache miss)
1867 silly packumentCache corgi:https://registry.npmjs.org/@ckeditor%2fckeditor5-show-blocks set size:undefined disposed:false
1868 http fetch GET 200 https://registry.npmjs.org/@ckeditor%2fckeditor5-horizontal-line 8363ms (cache miss)
1869 silly packumentCache corgi:https://registry.npmjs.org/@ckeditor%2fckeditor5-horizontal-line set size:undefined disposed:false
1870 http fetch GET 200 https://registry.npmjs.org/@ckeditor%2fckeditor5-minimap 8429ms (cache miss)
1871 silly packumentCache corgi:https://registry.npmjs.org/@ckeditor%2fckeditor5-minimap set size:undefined disposed:false
1872 http fetch GET 200 https://registry.npmjs.org/@ckeditor%2fckeditor5-page-break 8523ms (cache miss)
1873 silly packumentCache corgi:https://registry.npmjs.org/@ckeditor%2fckeditor5-page-break set size:undefined disposed:false
1874 http fetch GET 200 https://registry.npmjs.org/@ckeditor%2fckeditor5-restricted-editing 8595ms (cache miss)
1875 silly packumentCache corgi:https://registry.npmjs.org/@ckeditor%2fckeditor5-restricted-editing set size:undefined disposed:false
1876 http fetch GET 200 https://registry.npmjs.org/@ckeditor%2fckeditor5-indent 8664ms (cache miss)
1877 silly packumentCache corgi:https://registry.npmjs.org/@ckeditor%2fckeditor5-indent set size:undefined disposed:false
1878 http fetch GET 200 https://registry.npmjs.org/@ckeditor%2fckeditor5-remove-format 8728ms (cache miss)
1879 silly packumentCache corgi:https://registry.npmjs.org/@ckeditor%2fckeditor5-remove-format set size:undefined disposed:false
1880 http fetch GET 200 https://registry.npmjs.org/@ckeditor%2fckeditor5-mention 8796ms (cache miss)
1881 silly packumentCache corgi:https://registry.npmjs.org/@ckeditor%2fckeditor5-mention set size:undefined disposed:false
1882 http fetch GET 200 https://registry.npmjs.org/@ckeditor%2fckeditor5-source-editing 8863ms (cache miss)
1883 silly packumentCache corgi:https://registry.npmjs.org/@ckeditor%2fckeditor5-source-editing set size:undefined disposed:false
1884 http fetch GET 200 https://registry.npmjs.org/@ckeditor%2fckeditor5-paste-from-office 8928ms (cache miss)
1885 silly packumentCache corgi:https://registry.npmjs.org/@ckeditor%2fckeditor5-paste-from-office set size:undefined disposed:false
1886 http fetch GET 200 https://registry.npmjs.org/@ckeditor%2fckeditor5-special-characters 8998ms (cache miss)
1887 silly packumentCache corgi:https://registry.npmjs.org/@ckeditor%2fckeditor5-special-characters set size:undefined disposed:false
1888 http fetch GET 200 https://registry.npmjs.org/@ckeditor%2fckeditor5-markdown-gfm 9074ms (cache miss)
1889 silly packumentCache corgi:https://registry.npmjs.org/@ckeditor%2fckeditor5-markdown-gfm set size:undefined disposed:false
1890 http fetch GET 200 https://registry.npmjs.org/@ckeditor%2fckeditor5-table 9185ms (cache miss)
1891 silly packumentCache corgi:https://registry.npmjs.org/@ckeditor%2fckeditor5-table set size:undefined disposed:false
1892 http fetch GET 200 https://registry.npmjs.org/@ckeditor%2fckeditor5-list 9265ms (cache miss)
1893 silly packumentCache corgi:https://registry.npmjs.org/@ckeditor%2fckeditor5-list set size:undefined disposed:false
1894 http fetch GET 200 https://registry.npmjs.org/@ckeditor%2fckeditor5-link 9360ms (cache miss)
1895 silly packumentCache corgi:https://registry.npmjs.org/@ckeditor%2fckeditor5-link set size:undefined disposed:false
1896 http fetch GET 200 https://registry.npmjs.org/@ckeditor%2fckeditor5-style 9450ms (cache miss)
1897 silly packumentCache corgi:https://registry.npmjs.org/@ckeditor%2fckeditor5-style set size:undefined disposed:false
1898 http fetch GET 200 https://registry.npmjs.org/@ckeditor%2fckeditor5-media-embed 9550ms (cache miss)
1899 silly packumentCache corgi:https://registry.npmjs.org/@ckeditor%2fckeditor5-media-embed set size:undefined disposed:false
1900 http fetch GET 200 https://registry.npmjs.org/@ckeditor%2fckeditor5-word-count 9610ms (cache miss)
1901 silly packumentCache corgi:https://registry.npmjs.org/@ckeditor%2fckeditor5-word-count set size:undefined disposed:false
1902 http fetch GET 200 https://registry.npmjs.org/@ckeditor%2fckeditor5-image 9762ms (cache miss)
1903 silly packumentCache corgi:https://registry.npmjs.org/@ckeditor%2fckeditor5-image set size:undefined disposed:false
1904 silly packumentCache corgi:https://registry.npmjs.org/flat-cache cache-miss
1905 http fetch GET 200 https://registry.npmjs.org/@tanstack/react-query/-/react-query-5.65.1.tgz 31683ms (cache miss)
1906 http fetch GET 200 https://registry.npmjs.org/flat-cache 114ms (cache miss)
1907 silly packumentCache corgi:https://registry.npmjs.org/flat-cache set size:undefined disposed:false
1908 http fetch GET 200 https://registry.npmjs.org/@ckeditor/ckeditor5-clipboard/-/ckeditor5-clipboard-44.1.0.tgz 31707ms (cache miss)
1909 http fetch GET 200 https://registry.npmjs.org/@headlessui/react/-/react-2.2.0.tgz 31778ms (cache miss)
1910 http fetch GET 200 https://registry.npmjs.org/@ckeditor/ckeditor5-widget/-/ckeditor5-widget-44.1.0.tgz 31838ms (cache miss)
1911 silly packumentCache corgi:https://registry.npmjs.org/sucrase cache-miss
1912 http fetch GET 200 https://registry.npmjs.org/typescript/-/typescript-5.7.3.tgz 32239ms (cache miss)
1913 http fetch GET 200 https://registry.npmjs.org/victory-vendor/-/victory-vendor-36.9.2.tgz 32260ms (cache miss)
1914 http fetch GET 200 https://registry.npmjs.org/sucrase 245ms (cache miss)
1915 silly packumentCache corgi:https://registry.npmjs.org/sucrase set size:undefined disposed:false
1916 http fetch GET 200 https://registry.npmjs.org/tinymce/-/tinymce-7.6.1.tgz 32543ms (cache miss)
1917 http fetch GET 200 https://registry.npmjs.org/lodash/-/lodash-4.17.21.tgz 32458ms (cache miss)
1918 silly packumentCache corgi:https://registry.npmjs.org/recharts cache-miss
1919 http fetch GET 200 https://registry.npmjs.org/dayjs/-/dayjs-1.11.13.tgz 32434ms (cache miss)
1920 http fetch GET 200 https://registry.npmjs.org/@ckeditor/ckeditor5-word-count/-/ckeditor5-word-count-44.1.0.tgz 32436ms (cache miss)
1921 http fetch GET 200 https://registry.npmjs.org/@ckeditor/ckeditor5-remove-format/-/ckeditor5-remove-format-44.1.0.tgz 32480ms (cache miss)
1922 http fetch GET 200 https://registry.npmjs.org/@ckeditor/ckeditor5-page-break/-/ckeditor5-page-break-44.1.0.tgz 32513ms (cache miss)
1923 http fetch GET 200 https://registry.npmjs.org/@ckeditor/ckeditor5-autosave/-/ckeditor5-autosave-44.1.0.tgz 32511ms (cache miss)
1924 http fetch GET 200 https://registry.npmjs.org/@ckeditor/ckeditor5-horizontal-line/-/ckeditor5-horizontal-line-44.1.0.tgz 32535ms (cache miss)
1925 http fetch GET 200 https://registry.npmjs.org/recharts 274ms (cache miss)
1926 silly packumentCache corgi:https://registry.npmjs.org/recharts set size:undefined disposed:false
1927 http fetch GET 200 https://registry.npmjs.org/@ckeditor/ckeditor5-autoformat/-/ckeditor5-autoformat-44.1.0.tgz 32564ms (cache miss)
1928 http fetch GET 200 https://registry.npmjs.org/@ckeditor/ckeditor5-source-editing/-/ckeditor5-source-editing-44.1.0.tgz 32590ms (cache miss)
1929 http fetch GET 200 https://registry.npmjs.org/@ckeditor/ckeditor5-show-blocks/-/ckeditor5-show-blocks-44.1.0.tgz 32587ms (cache miss)
1930 http fetch GET 200 https://registry.npmjs.org/@ckeditor/ckeditor5-language/-/ckeditor5-language-44.1.0.tgz 32592ms (cache miss)
1931 http fetch GET 200 https://registry.npmjs.org/@ckeditor/ckeditor5-ckfinder/-/ckeditor5-ckfinder-44.1.0.tgz 32578ms (cache miss)
1932 silly packumentCache corgi:https://registry.npmjs.org/@ckeditor%2fckeditor5-clipboard cache-miss
1933 silly packumentCache corgi:https://registry.npmjs.org/@ckeditor%2fckeditor5-core cache-miss
1934 silly packumentCache corgi:https://registry.npmjs.org/@ckeditor%2fckeditor5-engine cache-miss
1935 silly packumentCache corgi:https://registry.npmjs.org/@ckeditor%2fckeditor5-typing cache-miss
1936 silly packumentCache corgi:https://registry.npmjs.org/@ckeditor%2fckeditor5-ui cache-miss
1937 silly packumentCache corgi:https://registry.npmjs.org/@ckeditor%2fckeditor5-utils cache-miss
1938 silly packumentCache corgi:https://registry.npmjs.org/@ckeditor%2fckeditor5-watchdog cache-miss
1939 silly packumentCache corgi:https://registry.npmjs.org/@ckeditor%2fckeditor5-widget cache-miss
1940 http fetch GET 200 https://registry.npmjs.org/@ckeditor/ckeditor5-block-quote/-/ckeditor5-block-quote-44.1.0.tgz 34268ms (cache miss)
1941 http fetch GET 200 https://registry.npmjs.org/@ckeditor/ckeditor5-highlight/-/ckeditor5-highlight-44.1.0.tgz 34322ms (cache miss)
1942 http fetch GET 200 https://registry.npmjs.org/@ckeditor/ckeditor5-html-embed/-/ckeditor5-html-embed-44.1.0.tgz 34332ms (cache miss)
1943 http fetch GET 200 https://registry.npmjs.org/@ckeditor/ckeditor5-alignment/-/ckeditor5-alignment-44.1.0.tgz 34321ms (cache miss)
1944 http fetch GET 200 https://registry.npmjs.org/@ckeditor/ckeditor5-indent/-/ckeditor5-indent-44.1.0.tgz 34407ms (cache miss)
1945 http fetch GET 200 https://registry.npmjs.org/@ckeditor/ckeditor5-heading/-/ckeditor5-heading-44.1.0.tgz 34413ms (cache miss)
1946 http fetch GET 200 https://registry.npmjs.org/@ckeditor/ckeditor5-code-block/-/ckeditor5-code-block-44.1.0.tgz 34444ms (cache miss)
1947 http fetch GET 200 https://registry.npmjs.org/@ckeditor/ckeditor5-restricted-editing/-/ckeditor5-restricted-editing-44.1.0.tgz 34479ms (cache miss)
1948 http fetch GET 200 https://registry.npmjs.org/@ckeditor/ckeditor5-style/-/ckeditor5-style-44.1.0.tgz 34501ms (cache miss)
1949 http fetch GET 200 https://registry.npmjs.org/@ckeditor/ckeditor5-bookmark/-/ckeditor5-bookmark-44.1.0.tgz 34479ms (cache miss)
1950 http fetch GET 200 https://registry.npmjs.org/@ckeditor/ckeditor5-media-embed/-/ckeditor5-media-embed-44.1.0.tgz 34516ms (cache miss)
1951 http fetch GET 200 https://registry.npmjs.org/@ckeditor/ckeditor5-find-and-replace/-/ckeditor5-find-and-replace-44.1.0.tgz 34536ms (cache miss)
1952 http fetch GET 200 https://registry.npmjs.org/@ckeditor/ckeditor5-ckbox/-/ckeditor5-ckbox-44.1.0.tgz 34545ms (cache miss)
1953 http fetch GET 200 https://registry.npmjs.org/@ckeditor/ckeditor5-link/-/ckeditor5-link-44.1.0.tgz 34776ms (cache miss)
1954 http fetch GET 200 https://registry.npmjs.org/@ckeditor%2fckeditor5-engine 2290ms (cache miss)
1955 silly packumentCache corgi:https://registry.npmjs.org/@ckeditor%2fckeditor5-engine set size:undefined disposed:false
1956 http fetch GET 200 https://registry.npmjs.org/@ckeditor%2fckeditor5-core 2427ms (cache miss)
1957 silly packumentCache corgi:https://registry.npmjs.org/@ckeditor%2fckeditor5-core set size:undefined disposed:false
1958 http fetch GET 200 https://registry.npmjs.org/@ckeditor%2fckeditor5-watchdog 2544ms (cache miss)
1959 silly packumentCache corgi:https://registry.npmjs.org/@ckeditor%2fckeditor5-watchdog set size:undefined disposed:false
1960 http fetch GET 200 https://registry.npmjs.org/@ckeditor%2fckeditor5-typing 2673ms (cache miss)
1961 silly packumentCache corgi:https://registry.npmjs.org/@ckeditor%2fckeditor5-typing set size:undefined disposed:false
1962 http fetch GET 200 https://registry.npmjs.org/@ckeditor/ckeditor5-html-support/-/ckeditor5-html-support-44.1.0.tgz 35408ms (cache miss)
1963 http fetch GET 200 https://registry.npmjs.org/@ckeditor/ckeditor5-basic-styles/-/ckeditor5-basic-styles-44.1.0.tgz 35407ms (cache miss)
1964 http fetch GET 200 https://registry.npmjs.org/@ckeditor%2fckeditor5-utils 2832ms (cache miss)
1965 silly packumentCache corgi:https://registry.npmjs.org/@ckeditor%2fckeditor5-utils set size:undefined disposed:false
1966 http fetch GET 200 https://registry.npmjs.org/@ckeditor%2fckeditor5-clipboard 2949ms (cache miss)
1967 silly packumentCache corgi:https://registry.npmjs.org/@ckeditor%2fckeditor5-clipboard set size:undefined disposed:false
1968 http fetch GET 200 https://registry.npmjs.org/@ckeditor/ckeditor5-font/-/ckeditor5-font-44.1.0.tgz 35645ms (cache miss)
1969 http fetch GET 200 https://registry.npmjs.org/@ckeditor/ckeditor5-core/-/ckeditor5-core-44.1.0.tgz 35655ms (cache miss)
1970 http fetch GET 200 https://registry.npmjs.org/@ckeditor%2fckeditor5-ui 3072ms (cache miss)
1971 silly packumentCache corgi:https://registry.npmjs.org/@ckeditor%2fckeditor5-ui set size:undefined disposed:false
1972 http fetch GET 200 https://registry.npmjs.org/@ckeditor%2fckeditor5-widget 3200ms (cache miss)
1973 silly packumentCache corgi:https://registry.npmjs.org/@ckeditor%2fckeditor5-widget set size:undefined disposed:false
1974 silly packumentCache corgi:https://registry.npmjs.org/anymatch cache-miss
1975 silly packumentCache corgi:https://registry.npmjs.org/micromatch cache-miss
1976 silly packumentCache corgi:https://registry.npmjs.org/readdirp cache-miss
1977 silly packumentCache corgi:https://registry.npmjs.org/vite-plugin-full-reload cache-miss
1978 http fetch GET 200 https://registry.npmjs.org/eslint/-/eslint-9.32.0.tgz 36136ms (cache miss)
1979 http fetch GET 200 https://registry.npmjs.org/anymatch 59ms (cache miss)
1980 silly packumentCache corgi:https://registry.npmjs.org/anymatch set size:undefined disposed:false
1981 http fetch GET 200 https://registry.npmjs.org/readdirp 61ms (cache miss)
1982 silly packumentCache corgi:https://registry.npmjs.org/readdirp set size:undefined disposed:false
1983 http fetch GET 200 https://registry.npmjs.org/micromatch 64ms (cache miss)
1984 silly packumentCache corgi:https://registry.npmjs.org/micromatch set size:undefined disposed:false
1985 http fetch GET 200 https://registry.npmjs.org/vite-plugin-full-reload 70ms (cache miss)
1986 silly packumentCache corgi:https://registry.npmjs.org/vite-plugin-full-reload set size:undefined disposed:false
1987 silly packumentCache corgi:https://registry.npmjs.org/autoprefixer cache-miss
1988 silly packumentCache corgi:https://registry.npmjs.org/postcss-import cache-miss
1989 silly packumentCache corgi:https://registry.npmjs.org/postcss-js cache-miss
1990 silly packumentCache corgi:https://registry.npmjs.org/postcss-load-config cache-miss
1991 silly packumentCache corgi:https://registry.npmjs.org/postcss-nested cache-miss
1992 silly packumentCache corgi:https://registry.npmjs.org/tailwindcss cache-miss
1993 http fetch GET 200 https://registry.npmjs.org/postcss-load-config 116ms (cache miss)
1994 silly packumentCache corgi:https://registry.npmjs.org/postcss-load-config set size:undefined disposed:false
1995 http fetch GET 200 https://registry.npmjs.org/postcss-js 119ms (cache miss)
1996 silly packumentCache corgi:https://registry.npmjs.org/postcss-js set size:undefined disposed:false
1997 http fetch GET 200 https://registry.npmjs.org/postcss-import 138ms (cache miss)
1998 silly packumentCache corgi:https://registry.npmjs.org/postcss-import set size:undefined disposed:false
1999 http fetch GET 200 https://registry.npmjs.org/postcss-nested 157ms (cache miss)
2000 silly packumentCache corgi:https://registry.npmjs.org/postcss-nested set size:undefined disposed:false
2001 http fetch GET 200 https://registry.npmjs.org/autoprefixer 279ms (cache miss)
2002 silly packumentCache corgi:https://registry.npmjs.org/autoprefixer set size:undefined disposed:false
2003 http fetch GET 200 https://registry.npmjs.org/@ckeditor/ckeditor5-special-characters/-/ckeditor5-special-characters-44.1.0.tgz 36423ms (cache miss)
2004 http fetch GET 200 https://registry.npmjs.org/@ckeditor/ckeditor5-list/-/ckeditor5-list-44.1.0.tgz 36731ms (cache miss)
2005 http fetch GET 200 https://registry.npmjs.org/@ckeditor/ckeditor5-image/-/ckeditor5-image-44.1.0.tgz 36788ms (cache miss)
2006 http fetch GET 200 https://registry.npmjs.org/framer-motion/-/framer-motion-11.18.2.tgz 36965ms (cache miss)
2007 http fetch GET 200 https://registry.npmjs.org/tailwindcss 783ms (cache miss)
2008 silly packumentCache corgi:https://registry.npmjs.org/tailwindcss set size:undefined disposed:false
2009 silly packumentCache corgi:https://registry.npmjs.org/@vitejs%2fplugin-react cache-miss
2010 silly packumentCache corgi:https://registry.npmjs.org/laravel-vite-plugin cache-miss
2011 http fetch GET 200 https://registry.npmjs.org/@ckeditor/ckeditor5-engine/-/ckeditor5-engine-44.1.0.tgz 37079ms (cache miss)
2012 http fetch GET 200 https://registry.npmjs.org/@typescript-eslint/scope-manager/-/scope-manager-8.22.0.tgz 37210ms (cache miss)
2013 http fetch GET 200 https://registry.npmjs.org/laravel-vite-plugin 55ms (cache miss)
2014 silly packumentCache corgi:https://registry.npmjs.org/laravel-vite-plugin set size:undefined disposed:false
2015 http fetch GET 200 https://registry.npmjs.org/@vitejs%2fplugin-react 93ms (cache miss)
2016 silly packumentCache corgi:https://registry.npmjs.org/@vitejs%2fplugin-react set size:undefined disposed:false
2017 silly packumentCache corgi:https://registry.npmjs.org/lint-staged cache-miss
2018 http fetch GET 200 https://registry.npmjs.org/html2canvas/-/html2canvas-1.4.1.tgz 37511ms (cache miss)
2019 http fetch GET 200 https://registry.npmjs.org/lint-staged 112ms (cache miss)
2020 silly packumentCache corgi:https://registry.npmjs.org/lint-staged set size:undefined disposed:false
2021 http fetch GET 200 https://registry.npmjs.org/@ckeditor/ckeditor5-table/-/ckeditor5-table-44.1.0.tgz 61655ms (cache miss)
2022 http fetch GET 200 https://registry.npmjs.org/@ckeditor/ckeditor5-ui/-/ckeditor5-ui-44.1.0.tgz 173978ms (cache miss)
2023 http fetch GET 200 https://registry.npmjs.org/ckeditor5/-/ckeditor5-44.1.0.tgz 183136ms (cache miss)
2024 http fetch GET 200 https://registry.npmjs.org/caniuse-lite/-/caniuse-lite-1.0.30001759.tgz 208179ms (cache miss)
2025 silly packumentCache corgi:https://registry.npmjs.org/@ckeditor%2fckeditor5-enter cache-miss
2026 silly packumentCache corgi:https://registry.npmjs.org/@ckeditor%2fckeditor5-undo cache-miss
2027 http fetch GET 200 https://registry.npmjs.org/@ckeditor%2fckeditor5-undo 7603ms (cache miss)
2028 silly packumentCache corgi:https://registry.npmjs.org/@ckeditor%2fckeditor5-undo set size:undefined disposed:false
2029 http fetch GET 200 https://registry.npmjs.org/@ckeditor%2fckeditor5-enter 7835ms (cache miss)
2030 silly packumentCache corgi:https://registry.npmjs.org/@ckeditor%2fckeditor5-enter set size:undefined disposed:false
2031 silly packumentCache corgi:https://registry.npmjs.org/@ckeditor%2fckeditor5-paragraph cache-miss
2032 silly packumentCache corgi:https://registry.npmjs.org/@ckeditor%2fckeditor5-select-all cache-miss
2033 silly packumentCache corgi:https://registry.npmjs.org/@ckeditor%2fckeditor5-upload cache-miss
2034 http fetch GET 200 https://registry.npmjs.org/@ckeditor%2fckeditor5-upload 12174ms (cache miss)
2035 silly packumentCache corgi:https://registry.npmjs.org/@ckeditor%2fckeditor5-upload set size:undefined disposed:false
2036 http fetch GET 200 https://registry.npmjs.org/@ckeditor%2fckeditor5-paragraph 12334ms (cache miss)
2037 silly packumentCache corgi:https://registry.npmjs.org/@ckeditor%2fckeditor5-paragraph set size:undefined disposed:false
2038 http fetch GET 200 https://registry.npmjs.org/@ckeditor%2fckeditor5-select-all 12583ms (cache miss)
2039 silly packumentCache corgi:https://registry.npmjs.org/@ckeditor%2fckeditor5-select-all set size:undefined disposed:false
2040 silly packumentCache corgi:https://registry.npmjs.org/@ckeditor%2fckeditor5-theme-lark cache-miss
2041 http fetch GET 200 https://registry.npmjs.org/@ckeditor%2fckeditor5-theme-lark 9915ms (cache miss)
2042 silly packumentCache corgi:https://registry.npmjs.org/@ckeditor%2fckeditor5-theme-lark set size:undefined disposed:false
2043 http fetch GET 200 https://registry.npmjs.org/@mixmark-io/domino/-/domino-2.2.0.tgz 298005ms (cache miss)
2044 http fetch GET 200 https://registry.npmjs.org/core-js/-/core-js-3.40.0.tgz 299544ms (cache miss)
2045 http fetch GET 200 https://registry.npmjs.org/date-fns/-/date-fns-3.6.0.tgz 300584ms (cache miss)
2046 http fetch GET 200 https://registry.npmjs.org/lucide-react/-/lucide-react-0.446.0.tgz 300962ms (cache miss)
2047 info run core-js@3.40.0 postinstall node_modules/core-js node -e "try{require('./postinstall')}catch(e){}"
2048 info run esbuild@0.21.5 postinstall node_modules/esbuild node install.js
2049 info run core-js@3.40.0 postinstall { code: 0, signal: null }
2050 info run esbuild@0.21.5 postinstall { code: 0, signal: null }
2051 silly ADD node_modules/yocto-queue
2052 silly ADD node_modules/yaml
2053 silly ADD node_modules/yallist
2054 silly ADD node_modules/wrap-ansi-cjs
2055 silly ADD node_modules/wrap-ansi-cjs/node_modules/strip-ansi
2056 silly ADD node_modules/wrap-ansi-cjs/node_modules/string-width
2057 silly ADD node_modules/wrap-ansi-cjs/node_modules/is-fullwidth-code-point
2058 silly ADD node_modules/wrap-ansi-cjs/node_modules/emoji-regex
2059 silly ADD node_modules/wrap-ansi-cjs/node_modules/ansi-regex
2060 silly ADD node_modules/wrap-ansi
2061 silly ADD node_modules/wrap-ansi/node_modules/ansi-styles
2062 silly ADD node_modules/word-wrap
2063 silly ADD node_modules/which
2064 silly ADD node_modules/vite-plugin-full-reload
2065 silly ADD node_modules/vite
2066 silly ADD node_modules/victory-vendor
2067 silly ADD node_modules/vanilla-colorful
2068 silly ADD node_modules/uuid
2069 silly ADD node_modules/utrie
2070 silly ADD node_modules/util-deprecate
2071 silly ADD node_modules/use-sync-external-store
2072 silly ADD node_modules/use-sidecar
2073 silly ADD node_modules/use-callback-ref
2074 silly ADD node_modules/uri-js
2075 silly ADD node_modules/update-browserslist-db
2076 silly ADD node_modules/undici-types
2077 silly ADD node_modules/typescript
2078 silly ADD node_modules/type-check
2079 silly ADD node_modules/turndown-plugin-gfm
2080 silly ADD node_modules/turndown
2081 silly ADD node_modules/tslib
2082 silly ADD node_modules/ts-interface-checker
2083 silly ADD node_modules/ts-api-utils
2084 silly ADD node_modules/to-regex-range
2085 silly ADD node_modules/tinymce
2086 silly ADD node_modules/tiny-invariant
2087 silly ADD node_modules/thenify-all
2088 silly ADD node_modules/thenify
2089 silly ADD node_modules/text-segmentation
2090 silly ADD node_modules/tailwindcss-animate
2091 silly ADD node_modules/tailwindcss
2092 silly ADD node_modules/tailwind-merge
2093 silly ADD node_modules/tabbable
2094 silly ADD node_modules/svg-pathdata
2095 silly ADD node_modules/supports-preserve-symlinks-flag
2096 silly ADD node_modules/supports-color
2097 silly ADD node_modules/sucrase
2098 silly ADD node_modules/sucrase/node_modules/commander
2099 silly ADD node_modules/strip-json-comments
2100 silly ADD node_modules/strip-final-newline
2101 silly ADD node_modules/strip-ansi-cjs
2102 silly ADD node_modules/strip-ansi-cjs/node_modules/ansi-regex
2103 silly ADD node_modules/strip-ansi
2104 silly ADD node_modules/string-width-cjs
2105 silly ADD node_modules/string-width-cjs/node_modules/strip-ansi
2106 silly ADD node_modules/string-width-cjs/node_modules/is-fullwidth-code-point
2107 silly ADD node_modules/string-width-cjs/node_modules/emoji-regex
2108 silly ADD node_modules/string-width-cjs/node_modules/ansi-regex
2109 silly ADD node_modules/string-width
2110 silly ADD node_modules/string-argv
2111 silly ADD node_modules/stackblur-canvas
2112 silly ADD node_modules/source-map-js
2113 silly ADD node_modules/slice-ansi
2114 silly ADD node_modules/slice-ansi/node_modules/ansi-styles
2115 silly ADD node_modules/signal-exit
2116 silly ADD node_modules/side-channel-weakmap
2117 silly ADD node_modules/side-channel-map
2118 silly ADD node_modules/side-channel-list
2119 silly ADD node_modules/side-channel
2120 silly ADD node_modules/shebang-regex
2121 silly ADD node_modules/shebang-command
2122 silly ADD node_modules/semver
2123 silly ADD node_modules/scheduler
2124 silly ADD node_modules/run-parallel
2125 silly ADD node_modules/rollup
2126 silly ADD node_modules/rgbcolor
2127 silly ADD node_modules/rfdc
2128 silly ADD node_modules/reusify
2129 silly ADD node_modules/restore-cursor
2130 silly ADD node_modules/restore-cursor/node_modules/onetime
2131 silly ADD node_modules/resolve-from
2132 silly ADD node_modules/resolve
2133 silly ADD node_modules/recharts-scale
2134 silly ADD node_modules/recharts
2135 silly ADD node_modules/recharts/node_modules/react-is
2136 silly ADD node_modules/recharts/node_modules/eventemitter3
2137 silly ADD node_modules/readdirp
2138 silly ADD node_modules/read-cache
2139 silly ADD node_modules/react-transition-group
2140 silly ADD node_modules/react-style-singleton
2141 silly ADD node_modules/react-smooth
2142 silly ADD node_modules/react-remove-scroll-bar
2143 silly ADD node_modules/react-remove-scroll
2144 silly ADD node_modules/react-refresh
2145 silly ADD node_modules/react-is
2146 silly ADD node_modules/react-dropzone
2147 silly ADD node_modules/react-dom
2148 silly ADD node_modules/react-day-picker
2149 silly ADD node_modules/react-currency-input-field
2150 silly ADD node_modules/react
2151 silly ADD node_modules/raf
2152 silly ADD node_modules/queue-microtask
2153 silly ADD node_modules/qs
2154 silly ADD node_modules/punycode
2155 silly ADD node_modules/proxy-from-env
2156 silly ADD node_modules/prop-types
2157 silly ADD node_modules/prettier-plugin-tailwindcss
2158 silly ADD node_modules/prettier
2159 silly ADD node_modules/prelude-ls
2160 silly ADD node_modules/postcss-value-parser
2161 silly ADD node_modules/postcss-selector-parser
2162 silly ADD node_modules/postcss-nested
2163 silly ADD node_modules/postcss-load-config
2164 silly ADD node_modules/postcss-js
2165 silly ADD node_modules/postcss-import
2166 silly ADD node_modules/postcss
2167 silly ADD node_modules/pirates
2168 silly ADD node_modules/pify
2169 silly ADD node_modules/pidtree
2170 silly ADD node_modules/picomatch
2171 silly ADD node_modules/picocolors
2172 silly ADD node_modules/performance-now
2173 silly ADD node_modules/path-scurry
2174 silly ADD node_modules/path-scurry/node_modules/lru-cache
2175 silly ADD node_modules/path-parse
2176 silly ADD node_modules/path-key
2177 silly ADD node_modules/path-exists
2178 silly ADD node_modules/parent-module
2179 silly ADD node_modules/package-json-from-dist
2180 silly ADD node_modules/p-locate
2181 silly ADD node_modules/p-limit
2182 silly ADD node_modules/optionator
2183 silly ADD node_modules/onetime
2184 silly ADD node_modules/object-inspect
2185 silly ADD node_modules/object-hash
2186 silly ADD node_modules/object-assign
2187 silly ADD node_modules/nuqs
2188 silly ADD node_modules/nprogress
2189 silly ADD node_modules/npm-run-path
2190 silly ADD node_modules/npm-run-path/node_modules/path-key
2191 silly ADD node_modules/normalize-range
2192 silly ADD node_modules/normalize-path
2193 silly ADD node_modules/node-releases
2194 silly ADD node_modules/natural-compare
2195 silly ADD node_modules/nanoid
2196 silly ADD node_modules/mz
2197 silly ADD node_modules/ms
2198 silly ADD node_modules/motion-utils
2199 silly ADD node_modules/motion-dom
2200 silly ADD node_modules/mitt
2201 silly ADD node_modules/minipass
2202 silly ADD node_modules/minimatch
2203 silly ADD node_modules/mini-svg-data-uri
2204 silly ADD node_modules/mimic-function
2205 silly ADD node_modules/mimic-fn
2206 silly ADD node_modules/mime-types
2207 silly ADD node_modules/mime-db
2208 silly ADD node_modules/micromatch
2209 silly ADD node_modules/merge2
2210 silly ADD node_modules/merge-stream
2211 silly ADD node_modules/math-intrinsics
2212 silly ADD node_modules/marked
2213 silly ADD node_modules/lucide-react
2214 silly ADD node_modules/lru-cache
2215 silly ADD node_modules/loose-envify
2216 silly ADD node_modules/log-update
2217 silly ADD node_modules/log-update/node_modules/slice-ansi
2218 silly ADD node_modules/log-update/node_modules/is-fullwidth-code-point
2219 silly ADD node_modules/log-update/node_modules/ansi-styles
2220 silly ADD node_modules/lodash.merge
2221 silly ADD node_modules/lodash.isplainobject
2222 silly ADD node_modules/lodash.isequal
2223 silly ADD node_modules/lodash.castarray
2224 silly ADD node_modules/lodash-es
2225 silly ADD node_modules/lodash
2226 silly ADD node_modules/locate-path
2227 silly ADD node_modules/listr2
2228 silly ADD node_modules/lint-staged
2229 silly ADD node_modules/lint-staged/node_modules/chalk
2230 silly ADD node_modules/lines-and-columns
2231 silly ADD node_modules/lilconfig
2232 silly ADD node_modules/levn
2233 silly ADD node_modules/laravel-vite-plugin
2234 silly ADD node_modules/keyv
2235 silly ADD node_modules/jspdf
2236 silly ADD node_modules/json5
2237 silly ADD node_modules/json-stable-stringify-without-jsonify
2238 silly ADD node_modules/json-schema-traverse
2239 silly ADD node_modules/json-buffer
2240 silly ADD node_modules/jsesc
2241 silly ADD node_modules/js-yaml
2242 silly ADD node_modules/js-tokens
2243 silly ADD node_modules/js-cookie
2244 silly ADD node_modules/jiti
2245 silly ADD node_modules/jackspeak
2246 silly ADD node_modules/isexe
2247 silly ADD node_modules/is-stream
2248 silly ADD node_modules/is-number
2249 silly ADD node_modules/is-glob
2250 silly ADD node_modules/is-fullwidth-code-point
2251 silly ADD node_modules/is-extglob
2252 silly ADD node_modules/is-core-module
2253 silly ADD node_modules/is-binary-path
2254 silly ADD node_modules/internmap
2255 silly ADD node_modules/imurmurhash
2256 silly ADD node_modules/import-fresh
2257 silly ADD node_modules/ignore
2258 silly ADD node_modules/husky
2259 silly ADD node_modules/human-signals
2260 silly ADD node_modules/html2canvas
2261 silly ADD node_modules/hasown
2262 silly ADD node_modules/has-tostringtag
2263 silly ADD node_modules/has-symbols
2264 silly ADD node_modules/has-flag
2265 silly ADD node_modules/gopd
2266 silly ADD node_modules/globals
2267 silly ADD node_modules/glob-parent
2268 silly ADD node_modules/glob
2269 silly ADD node_modules/get-stream
2270 silly ADD node_modules/get-proto
2271 silly ADD node_modules/get-nonce
2272 silly ADD node_modules/get-intrinsic
2273 silly ADD node_modules/get-east-asian-width
2274 silly ADD node_modules/gensync
2275 silly ADD node_modules/function-bind
2276 silly ADD node_modules/fsevents
2277 silly ADD node_modules/framer-motion
2278 silly ADD node_modules/fraction.js
2279 silly ADD node_modules/form-data
2280 silly ADD node_modules/foreground-child
2281 silly ADD node_modules/follow-redirects
2282 silly ADD node_modules/flatted
2283 silly ADD node_modules/flat-cache
2284 silly ADD node_modules/find-up
2285 silly ADD node_modules/fill-range
2286 silly ADD node_modules/file-selector
2287 silly ADD node_modules/file-entry-cache
2288 silly ADD node_modules/fflate
2289 silly ADD node_modules/fastq
2290 silly ADD node_modules/fast-levenshtein
2291 silly ADD node_modules/fast-json-stable-stringify
2292 silly ADD node_modules/fast-glob
2293 silly ADD node_modules/fast-glob/node_modules/glob-parent
2294 silly ADD node_modules/fast-equals
2295 silly ADD node_modules/fast-deep-equal
2296 silly ADD node_modules/execa
2297 silly ADD node_modules/eventemitter3
2298 silly ADD node_modules/esutils
2299 silly ADD node_modules/estraverse
2300 silly ADD node_modules/esrecurse
2301 silly ADD node_modules/esquery
2302 silly ADD node_modules/espree
2303 silly ADD node_modules/espree/node_modules/eslint-visitor-keys
2304 silly ADD node_modules/eslint-visitor-keys
2305 silly ADD node_modules/eslint-scope
2306 silly ADD node_modules/eslint
2307 silly ADD node_modules/eslint/node_modules/minimatch
2308 silly ADD node_modules/eslint/node_modules/eslint-visitor-keys
2309 silly ADD node_modules/eslint/node_modules/brace-expansion
2310 silly ADD node_modules/escape-string-regexp
2311 silly ADD node_modules/escalade
2312 silly ADD node_modules/esbuild
2313 silly ADD node_modules/es-set-tostringtag
2314 silly ADD node_modules/es-object-atoms
2315 silly ADD node_modules/es-errors
2316 silly ADD node_modules/es-define-property
2317 silly ADD node_modules/environment
2318 silly ADD node_modules/emoji-regex
2319 silly ADD node_modules/electron-to-chromium
2320 silly ADD node_modules/eastasianwidth
2321 silly ADD node_modules/dunder-proto
2322 silly ADD node_modules/dompurify
2323 silly ADD node_modules/dom-helpers
2324 silly ADD node_modules/dlv
2325 silly ADD node_modules/didyoumean
2326 silly ADD node_modules/detect-node-es
2327 silly ADD node_modules/delayed-stream
2328 silly ADD node_modules/deepmerge
2329 silly ADD node_modules/deep-is
2330 silly ADD node_modules/decimal.js-light
2331 silly ADD node_modules/debug
2332 silly ADD node_modules/dayjs
2333 silly ADD node_modules/date-fns
2334 silly ADD node_modules/d3-timer
2335 silly ADD node_modules/d3-time-format
2336 silly ADD node_modules/d3-time
2337 silly ADD node_modules/d3-shape
2338 silly ADD node_modules/d3-scale
2339 silly ADD node_modules/d3-path
2340 silly ADD node_modules/d3-interpolate
2341 silly ADD node_modules/d3-format
2342 silly ADD node_modules/d3-ease
2343 silly ADD node_modules/d3-color
2344 silly ADD node_modules/d3-array
2345 silly ADD node_modules/csstype
2346 silly ADD node_modules/cssesc
2347 silly ADD node_modules/css-line-break
2348 silly ADD node_modules/cross-spawn
2349 silly ADD node_modules/core-js
2350 silly ADD node_modules/convert-source-map
2351 silly ADD node_modules/concat-map
2352 silly ADD node_modules/commander
2353 silly ADD node_modules/combined-stream
2354 silly ADD node_modules/colorette
2355 silly ADD node_modules/color-parse
2356 silly ADD node_modules/color-name
2357 silly ADD node_modules/color-convert
2358 silly ADD node_modules/cmdk
2359 silly ADD node_modules/clsx
2360 silly ADD node_modules/cli-truncate
2361 silly ADD node_modules/cli-cursor
2362 silly ADD node_modules/class-variance-authority
2363 silly ADD node_modules/ckeditor5
2364 silly ADD node_modules/chokidar
2365 silly ADD node_modules/chokidar/node_modules/glob-parent
2366 silly ADD node_modules/chalk
2367 silly ADD node_modules/canvg
2368 silly ADD node_modules/canvg/node_modules/regenerator-runtime
2369 silly ADD node_modules/caniuse-lite
2370 silly ADD node_modules/camelcase-css
2371 silly ADD node_modules/callsites
2372 silly ADD node_modules/call-bound
2373 silly ADD node_modules/call-bind-apply-helpers
2374 silly ADD node_modules/btoa
2375 silly ADD node_modules/browserslist
2376 silly ADD node_modules/braces
2377 silly ADD node_modules/brace-expansion
2378 silly ADD node_modules/blurhash
2379 silly ADD node_modules/binary-extensions
2380 silly ADD node_modules/base64-arraybuffer
2381 silly ADD node_modules/balanced-match
2382 silly ADD node_modules/axios
2383 silly ADD node_modules/autoprefixer
2384 silly ADD node_modules/attr-accept
2385 silly ADD node_modules/atob
2386 silly ADD node_modules/asynckit
2387 silly ADD node_modules/aria-hidden
2388 silly ADD node_modules/argparse
2389 silly ADD node_modules/arg
2390 silly ADD node_modules/anymatch
2391 silly ADD node_modules/any-promise
2392 silly ADD node_modules/ansi-styles
2393 silly ADD node_modules/ansi-regex
2394 silly ADD node_modules/ansi-escapes
2395 silly ADD node_modules/ajv
2396 silly ADD node_modules/acorn-jsx
2397 silly ADD node_modules/acorn
2398 silly ADD node_modules/@vitejs/plugin-react
2399 silly ADD node_modules/@typescript-eslint/visitor-keys
2400 silly ADD node_modules/@typescript-eslint/visitor-keys/node_modules/eslint-visitor-keys
2401 silly ADD node_modules/@typescript-eslint/utils
2402 silly ADD node_modules/@typescript-eslint/typescript-estree
2403 silly ADD node_modules/@typescript-eslint/types
2404 silly ADD node_modules/@typescript-eslint/scope-manager
2405 silly ADD node_modules/@types/uuid
2406 silly ADD node_modules/@types/tinymce
2407 silly ADD node_modules/@types/sizzle
2408 silly ADD node_modules/@types/react-dom
2409 silly ADD node_modules/@types/react
2410 silly ADD node_modules/@types/raf
2411 silly ADD node_modules/@types/prop-types
2412 silly ADD node_modules/@types/node
2413 silly ADD node_modules/@types/lodash
2414 silly ADD node_modules/@types/json-schema
2415 silly ADD node_modules/@types/js-cookie
2416 silly ADD node_modules/@types/jquery
2417 silly ADD node_modules/@types/estree
2418 silly ADD node_modules/@types/d3-timer
2419 silly ADD node_modules/@types/d3-time
2420 silly ADD node_modules/@types/d3-shape
2421 silly ADD node_modules/@types/d3-scale
2422 silly ADD node_modules/@types/d3-path
2423 silly ADD node_modules/@types/d3-interpolate
2424 silly ADD node_modules/@types/d3-ease
2425 silly ADD node_modules/@types/d3-color
2426 silly ADD node_modules/@types/d3-array
2427 silly ADD node_modules/@types/babel__traverse
2428 silly ADD node_modules/@types/babel__template
2429 silly ADD node_modules/@types/babel__generator
2430 silly ADD node_modules/@types/babel__core
2431 silly ADD node_modules/@tinymce/tinymce-react
2432 silly ADD node_modules/@tanstack/virtual-core
2433 silly ADD node_modules/@tanstack/react-virtual
2434 silly ADD node_modules/@tanstack/react-query
2435 silly ADD node_modules/@tanstack/query-core
2436 silly ADD node_modules/@tanstack/eslint-plugin-query
2437 silly ADD node_modules/@tailwindcss/typography
2438 silly ADD node_modules/@tailwindcss/typography/node_modules/postcss-selector-parser
2439 silly ADD node_modules/@tailwindcss/forms
2440 silly ADD node_modules/@swc/helpers
2441 silly ADD node_modules/@rollup/rollup-darwin-x64
2442 silly ADD node_modules/@react-types/shared
2443 silly ADD node_modules/@react-stately/utils
2444 silly ADD node_modules/@react-aria/utils
2445 silly ADD node_modules/@react-aria/ssr
2446 silly ADD node_modules/@react-aria/interactions
2447 silly ADD node_modules/@react-aria/focus
2448 silly ADD node_modules/@radix-ui/rect
2449 silly ADD node_modules/@radix-ui/react-visually-hidden
2450 silly ADD node_modules/@radix-ui/react-use-size
2451 silly ADD node_modules/@radix-ui/react-use-rect
2452 silly ADD node_modules/@radix-ui/react-use-previous
2453 silly ADD node_modules/@radix-ui/react-use-layout-effect
2454 silly ADD node_modules/@radix-ui/react-use-escape-keydown
2455 silly ADD node_modules/@radix-ui/react-use-controllable-state
2456 silly ADD node_modules/@radix-ui/react-use-callback-ref
2457 silly ADD node_modules/@radix-ui/react-tooltip
2458 silly ADD node_modules/@radix-ui/react-toast
2459 silly ADD node_modules/@radix-ui/react-tabs
2460 silly ADD node_modules/@radix-ui/react-slot
2461 silly ADD node_modules/@radix-ui/react-separator
2462 silly ADD node_modules/@radix-ui/react-select
2463 silly ADD node_modules/@radix-ui/react-roving-focus
2464 silly ADD node_modules/@radix-ui/react-radio-group
2465 silly ADD node_modules/@radix-ui/react-primitive
2466 silly ADD node_modules/@radix-ui/react-presence
2467 silly ADD node_modules/@radix-ui/react-portal
2468 silly ADD node_modules/@radix-ui/react-popper
2469 silly ADD node_modules/@radix-ui/react-popover
2470 silly ADD node_modules/@radix-ui/react-menu
2471 silly ADD node_modules/@radix-ui/react-label
2472 silly ADD node_modules/@radix-ui/react-id
2473 silly ADD node_modules/@radix-ui/react-icons
2474 silly ADD node_modules/@radix-ui/react-hover-card
2475 silly ADD node_modules/@radix-ui/react-hover-card/node_modules/@radix-ui/react-slot
2476 silly ADD node_modules/@radix-ui/react-hover-card/node_modules/@radix-ui/react-primitive
2477 silly ADD node_modules/@radix-ui/react-hover-card/node_modules/@radix-ui/react-portal
2478 silly ADD node_modules/@radix-ui/react-hover-card/node_modules/@radix-ui/react-popper
2479 silly ADD node_modules/@radix-ui/react-hover-card/node_modules/@radix-ui/react-dismissable-layer
2480 silly ADD node_modules/@radix-ui/react-hover-card/node_modules/@radix-ui/react-arrow
2481 silly ADD node_modules/@radix-ui/react-focus-scope
2482 silly ADD node_modules/@radix-ui/react-focus-guards
2483 silly ADD node_modules/@radix-ui/react-dropdown-menu
2484 silly ADD node_modules/@radix-ui/react-dismissable-layer
2485 silly ADD node_modules/@radix-ui/react-direction
2486 silly ADD node_modules/@radix-ui/react-dialog
2487 silly ADD node_modules/@radix-ui/react-context
2488 silly ADD node_modules/@radix-ui/react-compose-refs
2489 silly ADD node_modules/@radix-ui/react-collection
2490 silly ADD node_modules/@radix-ui/react-collapsible
2491 silly ADD node_modules/@radix-ui/react-checkbox
2492 silly ADD node_modules/@radix-ui/react-avatar
2493 silly ADD node_modules/@radix-ui/react-arrow
2494 silly ADD node_modules/@radix-ui/react-alert-dialog
2495 silly ADD node_modules/@radix-ui/primitive
2496 silly ADD node_modules/@radix-ui/number
2497 silly ADD node_modules/@pkgjs/parseargs
2498 silly ADD node_modules/@nodelib/fs.walk
2499 silly ADD node_modules/@nodelib/fs.stat
2500 silly ADD node_modules/@nodelib/fs.scandir
2501 silly ADD node_modules/@mixmark-io/domino
2502 silly ADD node_modules/@jridgewell/trace-mapping
2503 silly ADD node_modules/@jridgewell/sourcemap-codec
2504 silly ADD node_modules/@jridgewell/set-array
2505 silly ADD node_modules/@jridgewell/resolve-uri
2506 silly ADD node_modules/@jridgewell/gen-mapping
2507 silly ADD node_modules/@isaacs/cliui
2508 silly ADD node_modules/@isaacs/cliui/node_modules/wrap-ansi
2509 silly ADD node_modules/@isaacs/cliui/node_modules/string-width
2510 silly ADD node_modules/@isaacs/cliui/node_modules/emoji-regex
2511 silly ADD node_modules/@isaacs/cliui/node_modules/ansi-styles
2512 silly ADD node_modules/@inertiajs/react
2513 silly ADD node_modules/@inertiajs/core
2514 silly ADD node_modules/@ianvs/prettier-plugin-sort-imports
2515 silly ADD node_modules/@humanwhocodes/retry
2516 silly ADD node_modules/@humanwhocodes/module-importer
2517 silly ADD node_modules/@humanfs/node
2518 silly ADD node_modules/@humanfs/node/node_modules/@humanwhocodes/retry
2519 silly ADD node_modules/@humanfs/core
2520 silly ADD node_modules/@headlessui/react
2521 silly ADD node_modules/@floating-ui/utils
2522 silly ADD node_modules/@floating-ui/react-dom
2523 silly ADD node_modules/@floating-ui/react
2524 silly ADD node_modules/@floating-ui/dom
2525 silly ADD node_modules/@floating-ui/core
2526 silly ADD node_modules/@eslint/plugin-kit
2527 silly ADD node_modules/@eslint/object-schema
2528 silly ADD node_modules/@eslint/js
2529 silly ADD node_modules/@eslint/eslintrc
2530 silly ADD node_modules/@eslint/eslintrc/node_modules/minimatch
2531 silly ADD node_modules/@eslint/eslintrc/node_modules/globals
2532 silly ADD node_modules/@eslint/eslintrc/node_modules/brace-expansion
2533 silly ADD node_modules/@eslint/core
2534 silly ADD node_modules/@eslint/config-helpers
2535 silly ADD node_modules/@eslint/config-array
2536 silly ADD node_modules/@eslint/config-array/node_modules/minimatch
2537 silly ADD node_modules/@eslint/config-array/node_modules/brace-expansion
2538 silly ADD node_modules/@eslint-community/regexpp
2539 silly ADD node_modules/@eslint-community/eslint-utils
2540 silly ADD node_modules/@esbuild/darwin-x64
2541 silly ADD node_modules/@ckeditor/ckeditor5-word-count
2542 silly ADD node_modules/@ckeditor/ckeditor5-widget
2543 silly ADD node_modules/@ckeditor/ckeditor5-watchdog
2544 silly ADD node_modules/@ckeditor/ckeditor5-utils
2545 silly ADD node_modules/@ckeditor/ckeditor5-upload
2546 silly ADD node_modules/@ckeditor/ckeditor5-undo
2547 silly ADD node_modules/@ckeditor/ckeditor5-ui
2548 silly ADD node_modules/@ckeditor/ckeditor5-typing
2549 silly ADD node_modules/@ckeditor/ckeditor5-theme-lark
2550 silly ADD node_modules/@ckeditor/ckeditor5-table
2551 silly ADD node_modules/@ckeditor/ckeditor5-style
2552 silly ADD node_modules/@ckeditor/ckeditor5-special-characters
2553 silly ADD node_modules/@ckeditor/ckeditor5-source-editing
2554 silly ADD node_modules/@ckeditor/ckeditor5-show-blocks
2555 silly ADD node_modules/@ckeditor/ckeditor5-select-all
2556 silly ADD node_modules/@ckeditor/ckeditor5-restricted-editing
2557 silly ADD node_modules/@ckeditor/ckeditor5-remove-format
2558 silly ADD node_modules/@ckeditor/ckeditor5-react
2559 silly ADD node_modules/@ckeditor/ckeditor5-paste-from-office
2560 silly ADD node_modules/@ckeditor/ckeditor5-paragraph
2561 silly ADD node_modules/@ckeditor/ckeditor5-page-break
2562 silly ADD node_modules/@ckeditor/ckeditor5-minimap
2563 silly ADD node_modules/@ckeditor/ckeditor5-mention
2564 silly ADD node_modules/@ckeditor/ckeditor5-media-embed
2565 silly ADD node_modules/@ckeditor/ckeditor5-markdown-gfm
2566 silly ADD node_modules/@ckeditor/ckeditor5-list
2567 silly ADD node_modules/@ckeditor/ckeditor5-link
2568 silly ADD node_modules/@ckeditor/ckeditor5-language
2569 silly ADD node_modules/@ckeditor/ckeditor5-integrations-common
2570 silly ADD node_modules/@ckeditor/ckeditor5-indent
2571 silly ADD node_modules/@ckeditor/ckeditor5-image
2572 silly ADD node_modules/@ckeditor/ckeditor5-html-support
2573 silly ADD node_modules/@ckeditor/ckeditor5-html-embed
2574 silly ADD node_modules/@ckeditor/ckeditor5-horizontal-line
2575 silly ADD node_modules/@ckeditor/ckeditor5-highlight
2576 silly ADD node_modules/@ckeditor/ckeditor5-heading
2577 silly ADD node_modules/@ckeditor/ckeditor5-font
2578 silly ADD node_modules/@ckeditor/ckeditor5-find-and-replace
2579 silly ADD node_modules/@ckeditor/ckeditor5-essentials
2580 silly ADD node_modules/@ckeditor/ckeditor5-enter
2581 silly ADD node_modules/@ckeditor/ckeditor5-engine
2582 silly ADD node_modules/@ckeditor/ckeditor5-editor-multi-root
2583 silly ADD node_modules/@ckeditor/ckeditor5-editor-inline
2584 silly ADD node_modules/@ckeditor/ckeditor5-editor-decoupled
2585 silly ADD node_modules/@ckeditor/ckeditor5-editor-classic
2586 silly ADD node_modules/@ckeditor/ckeditor5-editor-balloon
2587 silly ADD node_modules/@ckeditor/ckeditor5-easy-image
2588 silly ADD node_modules/@ckeditor/ckeditor5-core
2589 silly ADD node_modules/@ckeditor/ckeditor5-code-block
2590 silly ADD node_modules/@ckeditor/ckeditor5-cloud-services
2591 silly ADD node_modules/@ckeditor/ckeditor5-clipboard
2592 silly ADD node_modules/@ckeditor/ckeditor5-ckfinder
2593 silly ADD node_modules/@ckeditor/ckeditor5-ckbox
2594 silly ADD node_modules/@ckeditor/ckeditor5-bookmark
2595 silly ADD node_modules/@ckeditor/ckeditor5-block-quote
2596 silly ADD node_modules/@ckeditor/ckeditor5-basic-styles
2597 silly ADD node_modules/@ckeditor/ckeditor5-autosave
2598 silly ADD node_modules/@ckeditor/ckeditor5-autoformat
2599 silly ADD node_modules/@ckeditor/ckeditor5-alignment
2600 silly ADD node_modules/@ckeditor/ckeditor5-adapter-ckfinder
2601 silly ADD node_modules/@babel/types
2602 silly ADD node_modules/@babel/traverse
2603 silly ADD node_modules/@babel/template
2604 silly ADD node_modules/@babel/runtime
2605 silly ADD node_modules/@babel/plugin-transform-react-jsx-source
2606 silly ADD node_modules/@babel/plugin-transform-react-jsx-self
2607 silly ADD node_modules/@babel/parser
2608 silly ADD node_modules/@babel/helpers
2609 silly ADD node_modules/@babel/helper-validator-option
2610 silly ADD node_modules/@babel/helper-validator-identifier
2611 silly ADD node_modules/@babel/helper-string-parser
2612 silly ADD node_modules/@babel/helper-plugin-utils
2613 silly ADD node_modules/@babel/helper-module-transforms
2614 silly ADD node_modules/@babel/helper-module-imports
2615 silly ADD node_modules/@babel/helper-compilation-targets
2616 silly ADD node_modules/@babel/helper-compilation-targets/node_modules/semver
2617 silly ADD node_modules/@babel/generator
2618 silly ADD node_modules/@babel/core
2619 silly ADD node_modules/@babel/core/node_modules/semver
2620 silly ADD node_modules/@babel/compat-data
2621 silly ADD node_modules/@babel/code-frame
2622 silly ADD node_modules/@ampproject/remapping
2623 silly ADD node_modules/@alloc/quick-lru
2624 verbose cwd /Users/fajar.mac/Documents/APG/REDESIGN LOGIN PAGE/bpr-bonding-app-29.05.26
2625 verbose os Darwin 24.6.0
2626 verbose node v24.13.0
2627 verbose npm  v11.6.2
2628 verbose exit 0
2629 info ok
