0 verbose cli /usr/local/bin/node /usr/local/bin/npm
1 info using npm@11.6.2
2 info using node@v24.13.0
3 silly config load:file:/usr/local/lib/node_modules/npm/npmrc
4 silly config load:file:/Users/fajar.mac/Documents/APG/REDESIGN LOGIN PAGE/bpr-bonding-app-29.05.26/.npmrc
5 silly config load:file:/Users/fajar.mac/.npmrc
6 silly config load:file:/usr/local/etc/npmrc
7 verbose title npm install
8 verbose argv "install" "--cache" ".npm-cache"
9 verbose logfile logs-max:10 dir:/Users/fajar.mac/Documents/APG/REDESIGN LOGIN PAGE/bpr-bonding-app-29.05.26/.npm-cache/_logs/2026-05-29T03_38_34_730Z-
10 verbose logfile /Users/fajar.mac/Documents/APG/REDESIGN LOGIN PAGE/bpr-bonding-app-29.05.26/.npm-cache/_logs/2026-05-29T03_38_34_730Z-debug-0.log
11 silly logfile done cleaning log files
12 silly packumentCache heap:2348810240 maxSize:587202560 maxEntrySize:293601280
13 http fetch GET https://registry.npmjs.org/npm attempt 1 failed with ENOTFOUND
14 silly idealTree buildDeps
15 silly reify mark retired [
15 silly reify   '/Users/fajar.mac/Documents/APG/REDESIGN LOGIN PAGE/bpr-bonding-app-29.05.26/node_modules/ansi-escapes'
15 silly reify ]
16 silly reify mark retired [
16 silly reify   '/Users/fajar.mac/Documents/APG/REDESIGN LOGIN PAGE/bpr-bonding-app-29.05.26/node_modules/ansi-regex'
16 silly reify ]
17 silly reify mark retired [
17 silly reify   '/Users/fajar.mac/Documents/APG/REDESIGN LOGIN PAGE/bpr-bonding-app-29.05.26/node_modules/aria-hidden'
17 silly reify ]
18 silly reify mark retired [
18 silly reify   '/Users/fajar.mac/Documents/APG/REDESIGN LOGIN PAGE/bpr-bonding-app-29.05.26/node_modules/autoprefixer'
18 silly reify ]
19 silly reify mark retired [
19 silly reify   '/Users/fajar.mac/Documents/APG/REDESIGN LOGIN PAGE/bpr-bonding-app-29.05.26/node_modules/axios'
19 silly reify ]
20 silly reify mark retired [
20 silly reify   '/Users/fajar.mac/Documents/APG/REDESIGN LOGIN PAGE/bpr-bonding-app-29.05.26/node_modules/brace-expansion'
20 silly reify ]
21 silly reify mark retired [
21 silly reify   '/Users/fajar.mac/Documents/APG/REDESIGN LOGIN PAGE/bpr-bonding-app-29.05.26/node_modules/browserslist'
21 silly reify ]
22 silly reify mark retired [
22 silly reify   '/Users/fajar.mac/Documents/APG/REDESIGN LOGIN PAGE/bpr-bonding-app-29.05.26/node_modules/call-bind-apply-helpers'
22 silly reify ]
23 silly reify mark retired [
23 silly reify   '/Users/fajar.mac/Documents/APG/REDESIGN LOGIN PAGE/bpr-bonding-app-29.05.26/node_modules/call-bound'
23 silly reify ]
24 silly reify mark retired [
24 silly reify   '/Users/fajar.mac/Documents/APG/REDESIGN LOGIN PAGE/bpr-bonding-app-29.05.26/node_modules/caniuse-lite'
24 silly reify ]
25 silly reify mark retired [
25 silly reify   '/Users/fajar.mac/Documents/APG/REDESIGN LOGIN PAGE/bpr-bonding-app-29.05.26/node_modules/ckeditor5'
25 silly reify ]
26 silly reify mark retired [
26 silly reify   '/Users/fajar.mac/Documents/APG/REDESIGN LOGIN PAGE/bpr-bonding-app-29.05.26/node_modules/cmdk'
26 silly reify ]
27 silly reify mark retired [
27 silly reify   '/Users/fajar.mac/Documents/APG/REDESIGN LOGIN PAGE/bpr-bonding-app-29.05.26/node_modules/color-parse'
27 silly reify ]
28 silly reify mark retired [
28 silly reify   '/Users/fajar.mac/Documents/APG/REDESIGN LOGIN PAGE/bpr-bonding-app-29.05.26/node_modules/core-js'
28 silly reify ]
29 silly reify mark retired [
29 silly reify   '/Users/fajar.mac/Documents/APG/REDESIGN LOGIN PAGE/bpr-bonding-app-29.05.26/node_modules/csstype'
29 silly reify ]
30 silly reify mark retired [
30 silly reify   '/Users/fajar.mac/Documents/APG/REDESIGN LOGIN PAGE/bpr-bonding-app-29.05.26/node_modules/dayjs'
30 silly reify ]
31 silly reify mark retired [
31 silly reify   '/Users/fajar.mac/Documents/APG/REDESIGN LOGIN PAGE/bpr-bonding-app-29.05.26/node_modules/debug'
31 silly reify ]
32 silly reify mark retired [
32 silly reify   '/Users/fajar.mac/Documents/APG/REDESIGN LOGIN PAGE/bpr-bonding-app-29.05.26/node_modules/eastasianwidth'
32 silly reify ]
33 silly reify mark retired [
33 silly reify   '/Users/fajar.mac/Documents/APG/REDESIGN LOGIN PAGE/bpr-bonding-app-29.05.26/node_modules/electron-to-chromium'
33 silly reify ]
34 silly reify mark retired [
34 silly reify   '/Users/fajar.mac/Documents/APG/REDESIGN LOGIN PAGE/bpr-bonding-app-29.05.26/node_modules/emoji-regex'
34 silly reify ]
35 silly reify mark retired [
35 silly reify   '/Users/fajar.mac/Documents/APG/REDESIGN LOGIN PAGE/bpr-bonding-app-29.05.26/node_modules/eslint'
35 silly reify ]
36 silly reify mark retired [
36 silly reify   '/Users/fajar.mac/Documents/APG/REDESIGN LOGIN PAGE/bpr-bonding-app-29.05.26/node_modules/fast-equals'
36 silly reify ]
37 silly reify mark retired [
37 silly reify   '/Users/fajar.mac/Documents/APG/REDESIGN LOGIN PAGE/bpr-bonding-app-29.05.26/node_modules/fastq'
37 silly reify ]
38 silly reify mark retired [
38 silly reify   '/Users/fajar.mac/Documents/APG/REDESIGN LOGIN PAGE/bpr-bonding-app-29.05.26/node_modules/flatted'
38 silly reify ]
39 silly reify mark retired [
39 silly reify   '/Users/fajar.mac/Documents/APG/REDESIGN LOGIN PAGE/bpr-bonding-app-29.05.26/node_modules/follow-redirects'
39 silly reify ]
40 silly reify mark retired [
40 silly reify   '/Users/fajar.mac/Documents/APG/REDESIGN LOGIN PAGE/bpr-bonding-app-29.05.26/node_modules/foreground-child'
40 silly reify ]
41 silly reify mark retired [
41 silly reify   '/Users/fajar.mac/Documents/APG/REDESIGN LOGIN PAGE/bpr-bonding-app-29.05.26/node_modules/form-data'
41 silly reify ]
42 silly reify mark retired [
42 silly reify   '/Users/fajar.mac/Documents/APG/REDESIGN LOGIN PAGE/bpr-bonding-app-29.05.26/node_modules/fraction.js'
42 silly reify ]
43 silly reify mark retired [
43 silly reify   '/Users/fajar.mac/Documents/APG/REDESIGN LOGIN PAGE/bpr-bonding-app-29.05.26/node_modules/get-east-asian-width'
43 silly reify ]
44 silly reify mark retired [
44 silly reify   '/Users/fajar.mac/Documents/APG/REDESIGN LOGIN PAGE/bpr-bonding-app-29.05.26/node_modules/get-intrinsic'
44 silly reify ]
45 silly reify mark retired [
45 silly reify   '/Users/fajar.mac/Documents/APG/REDESIGN LOGIN PAGE/bpr-bonding-app-29.05.26/node_modules/glob'
45 silly reify ]
46 silly reify mark retired [
46 silly reify   '/Users/fajar.mac/Documents/APG/REDESIGN LOGIN PAGE/bpr-bonding-app-29.05.26/node_modules/globals'
46 silly reify ]
47 silly reify mark retired [
47 silly reify   '/Users/fajar.mac/Documents/APG/REDESIGN LOGIN PAGE/bpr-bonding-app-29.05.26/node_modules/jackspeak'
47 silly reify ]
48 silly reify mark retired [
48 silly reify   '/Users/fajar.mac/Documents/APG/REDESIGN LOGIN PAGE/bpr-bonding-app-29.05.26/node_modules/js-yaml'
48 silly reify ]
49 silly reify mark retired [
49 silly reify   '/Users/fajar.mac/Documents/APG/REDESIGN LOGIN PAGE/bpr-bonding-app-29.05.26/node_modules/laravel-vite-plugin'
49 silly reify ]
50 silly reify mark retired [
50 silly reify   '/Users/fajar.mac/Documents/APG/REDESIGN LOGIN PAGE/bpr-bonding-app-29.05.26/node_modules/lint-staged'
50 silly reify ]
51 silly reify mark retired [
51 silly reify   '/Users/fajar.mac/Documents/APG/REDESIGN LOGIN PAGE/bpr-bonding-app-29.05.26/node_modules/listr2'
51 silly reify ]
52 silly reify mark retired [
52 silly reify   '/Users/fajar.mac/Documents/APG/REDESIGN LOGIN PAGE/bpr-bonding-app-29.05.26/node_modules/lodash-es'
52 silly reify ]
53 silly reify mark retired [
53 silly reify   '/Users/fajar.mac/Documents/APG/REDESIGN LOGIN PAGE/bpr-bonding-app-29.05.26/node_modules/lodash.castarray'
53 silly reify ]
54 silly reify mark retired [
54 silly reify   '/Users/fajar.mac/Documents/APG/REDESIGN LOGIN PAGE/bpr-bonding-app-29.05.26/node_modules/lodash.isplainobject'
54 silly reify ]
55 silly reify mark retired [
55 silly reify   '/Users/fajar.mac/Documents/APG/REDESIGN LOGIN PAGE/bpr-bonding-app-29.05.26/node_modules/marked'
55 silly reify ]
56 silly reify mark retired [
56 silly reify   '/Users/fajar.mac/Documents/APG/REDESIGN LOGIN PAGE/bpr-bonding-app-29.05.26/node_modules/minipass'
56 silly reify ]
57 silly reify mark retired [
57 silly reify   '/Users/fajar.mac/Documents/APG/REDESIGN LOGIN PAGE/bpr-bonding-app-29.05.26/node_modules/mitt'
57 silly reify ]
58 silly reify mark retired [
58 silly reify   '/Users/fajar.mac/Documents/APG/REDESIGN LOGIN PAGE/bpr-bonding-app-29.05.26/node_modules/nanoid'
58 silly reify ]
59 silly reify mark retired [
59 silly reify   '/Users/fajar.mac/Documents/APG/REDESIGN LOGIN PAGE/bpr-bonding-app-29.05.26/node_modules/node-releases'
59 silly reify ]
60 silly reify mark retired [
60 silly reify   '/Users/fajar.mac/Documents/APG/REDESIGN LOGIN PAGE/bpr-bonding-app-29.05.26/node_modules/nuqs'
60 silly reify ]
61 silly reify mark retired [
61 silly reify   '/Users/fajar.mac/Documents/APG/REDESIGN LOGIN PAGE/bpr-bonding-app-29.05.26/node_modules/object-inspect'
61 silly reify ]
62 silly reify mark retired [
62 silly reify   '/Users/fajar.mac/Documents/APG/REDESIGN LOGIN PAGE/bpr-bonding-app-29.05.26/node_modules/package-json-from-dist'
62 silly reify ]
63 silly reify mark retired [
63 silly reify   '/Users/fajar.mac/Documents/APG/REDESIGN LOGIN PAGE/bpr-bonding-app-29.05.26/node_modules/path-scurry'
63 silly reify ]
64 silly reify mark retired [
64 silly reify   '/Users/fajar.mac/Documents/APG/REDESIGN LOGIN PAGE/bpr-bonding-app-29.05.26/node_modules/pirates'
64 silly reify ]
65 silly reify mark retired [
65 silly reify   '/Users/fajar.mac/Documents/APG/REDESIGN LOGIN PAGE/bpr-bonding-app-29.05.26/node_modules/postcss'
65 silly reify ]
66 silly reify mark retired [
66 silly reify   '/Users/fajar.mac/Documents/APG/REDESIGN LOGIN PAGE/bpr-bonding-app-29.05.26/node_modules/postcss-js'
66 silly reify ]
67 silly reify mark retired [
67 silly reify   '/Users/fajar.mac/Documents/APG/REDESIGN LOGIN PAGE/bpr-bonding-app-29.05.26/node_modules/postcss-load-config'
67 silly reify ]
68 silly reify mark retired [
68 silly reify   '/Users/fajar.mac/Documents/APG/REDESIGN LOGIN PAGE/bpr-bonding-app-29.05.26/node_modules/prettier'
68 silly reify ]
69 silly reify mark retired [
69 silly reify   '/Users/fajar.mac/Documents/APG/REDESIGN LOGIN PAGE/bpr-bonding-app-29.05.26/node_modules/prettier-plugin-tailwindcss'
69 silly reify ]
70 silly reify mark retired [
70 silly reify   '/Users/fajar.mac/Documents/APG/REDESIGN LOGIN PAGE/bpr-bonding-app-29.05.26/node_modules/react-currency-input-field'
70 silly reify ]
71 silly reify mark retired [
71 silly reify   '/Users/fajar.mac/Documents/APG/REDESIGN LOGIN PAGE/bpr-bonding-app-29.05.26/node_modules/react-dropzone'
71 silly reify ]
72 silly reify mark retired [
72 silly reify   '/Users/fajar.mac/Documents/APG/REDESIGN LOGIN PAGE/bpr-bonding-app-29.05.26/node_modules/react-refresh'
72 silly reify ]
73 silly reify mark retired [
73 silly reify   '/Users/fajar.mac/Documents/APG/REDESIGN LOGIN PAGE/bpr-bonding-app-29.05.26/node_modules/react-remove-scroll'
73 silly reify ]
74 silly reify mark retired [
74 silly reify   '/Users/fajar.mac/Documents/APG/REDESIGN LOGIN PAGE/bpr-bonding-app-29.05.26/node_modules/recharts'
74 silly reify ]
75 silly reify mark retired [
75 silly reify   '/Users/fajar.mac/Documents/APG/REDESIGN LOGIN PAGE/bpr-bonding-app-29.05.26/node_modules/resolve'
75 silly reify ]
76 silly reify mark retired [
76 silly reify   '/Users/fajar.mac/Documents/APG/REDESIGN LOGIN PAGE/bpr-bonding-app-29.05.26/node_modules/reusify'
76 silly reify ]
77 silly reify mark retired [
77 silly reify   '/Users/fajar.mac/Documents/APG/REDESIGN LOGIN PAGE/bpr-bonding-app-29.05.26/node_modules/rollup'
77 silly reify ]
78 silly reify mark retired [
78 silly reify   '/Users/fajar.mac/Documents/APG/REDESIGN LOGIN PAGE/bpr-bonding-app-29.05.26/node_modules/semver'
78 silly reify ]
79 silly reify mark retired [
79 silly reify   '/Users/fajar.mac/Documents/APG/REDESIGN LOGIN PAGE/bpr-bonding-app-29.05.26/node_modules/strip-ansi'
79 silly reify ]
80 silly reify mark retired [
80 silly reify   '/Users/fajar.mac/Documents/APG/REDESIGN LOGIN PAGE/bpr-bonding-app-29.05.26/node_modules/sucrase'
80 silly reify ]
81 silly reify mark retired [
81 silly reify   '/Users/fajar.mac/Documents/APG/REDESIGN LOGIN PAGE/bpr-bonding-app-29.05.26/node_modules/tabbable'
81 silly reify ]
82 silly reify mark retired [
82 silly reify   '/Users/fajar.mac/Documents/APG/REDESIGN LOGIN PAGE/bpr-bonding-app-29.05.26/node_modules/tailwindcss'
82 silly reify ]
83 silly reify mark retired [
83 silly reify   '/Users/fajar.mac/Documents/APG/REDESIGN LOGIN PAGE/bpr-bonding-app-29.05.26/node_modules/tinymce'
83 silly reify ]
84 silly reify mark retired [
84 silly reify   '/Users/fajar.mac/Documents/APG/REDESIGN LOGIN PAGE/bpr-bonding-app-29.05.26/node_modules/ts-api-utils'
84 silly reify ]
85 silly reify mark retired [
85 silly reify   '/Users/fajar.mac/Documents/APG/REDESIGN LOGIN PAGE/bpr-bonding-app-29.05.26/node_modules/turndown'
85 silly reify ]
86 silly reify mark retired [
86 silly reify   '/Users/fajar.mac/Documents/APG/REDESIGN LOGIN PAGE/bpr-bonding-app-29.05.26/node_modules/turndown-plugin-gfm'
86 silly reify ]
87 silly reify mark retired [
87 silly reify   '/Users/fajar.mac/Documents/APG/REDESIGN LOGIN PAGE/bpr-bonding-app-29.05.26/node_modules/typescript'
87 silly reify ]
88 silly reify mark retired [
88 silly reify   '/Users/fajar.mac/Documents/APG/REDESIGN LOGIN PAGE/bpr-bonding-app-29.05.26/node_modules/update-browserslist-db'
88 silly reify ]
89 silly reify mark retired [
89 silly reify   '/Users/fajar.mac/Documents/APG/REDESIGN LOGIN PAGE/bpr-bonding-app-29.05.26/node_modules/use-sync-external-store'
89 silly reify ]
90 silly reify mark retired [
90 silly reify   '/Users/fajar.mac/Documents/APG/REDESIGN LOGIN PAGE/bpr-bonding-app-29.05.26/node_modules/vite'
90 silly reify ]
91 silly reify mark retired [
91 silly reify   '/Users/fajar.mac/Documents/APG/REDESIGN LOGIN PAGE/bpr-bonding-app-29.05.26/node_modules/wrap-ansi'
91 silly reify ]
92 silly reify mark retired [
92 silly reify   '/Users/fajar.mac/Documents/APG/REDESIGN LOGIN PAGE/bpr-bonding-app-29.05.26/node_modules/yaml'
92 silly reify ]
93 silly reify mark retired [
93 silly reify   '/Users/fajar.mac/Documents/APG/REDESIGN LOGIN PAGE/bpr-bonding-app-29.05.26/node_modules/@ampproject/remapping'
93 silly reify ]
94 silly reify mark retired [
94 silly reify   '/Users/fajar.mac/Documents/APG/REDESIGN LOGIN PAGE/bpr-bonding-app-29.05.26/node_modules/@babel/generator'
94 silly reify ]
95 silly reify mark retired [
95 silly reify   '/Users/fajar.mac/Documents/APG/REDESIGN LOGIN PAGE/bpr-bonding-app-29.05.26/node_modules/@babel/compat-data'
95 silly reify ]
96 silly reify mark retired [
96 silly reify   '/Users/fajar.mac/Documents/APG/REDESIGN LOGIN PAGE/bpr-bonding-app-29.05.26/node_modules/@babel/core'
96 silly reify ]
97 silly reify mark retired [
97 silly reify   '/Users/fajar.mac/Documents/APG/REDESIGN LOGIN PAGE/bpr-bonding-app-29.05.26/node_modules/@babel/helper-compilation-targets'
97 silly reify ]
98 silly reify mark retired [
98 silly reify   '/Users/fajar.mac/Documents/APG/REDESIGN LOGIN PAGE/bpr-bonding-app-29.05.26/node_modules/@babel/helper-module-imports'
98 silly reify ]
99 silly reify mark retired [
99 silly reify   '/Users/fajar.mac/Documents/APG/REDESIGN LOGIN PAGE/bpr-bonding-app-29.05.26/node_modules/@babel/helper-module-transforms'
99 silly reify ]
100 silly reify mark retired [
100 silly reify   '/Users/fajar.mac/Documents/APG/REDESIGN LOGIN PAGE/bpr-bonding-app-29.05.26/node_modules/@babel/helper-plugin-utils'
100 silly reify ]
101 silly reify mark retired [
101 silly reify   '/Users/fajar.mac/Documents/APG/REDESIGN LOGIN PAGE/bpr-bonding-app-29.05.26/node_modules/@babel/helper-validator-identifier'
101 silly reify ]
102 silly reify mark retired [
102 silly reify   '/Users/fajar.mac/Documents/APG/REDESIGN LOGIN PAGE/bpr-bonding-app-29.05.26/node_modules/@babel/helper-validator-option'
102 silly reify ]
103 silly reify mark retired [
103 silly reify   '/Users/fajar.mac/Documents/APG/REDESIGN LOGIN PAGE/bpr-bonding-app-29.05.26/node_modules/@babel/helpers'
103 silly reify ]
104 silly reify mark retired [
104 silly reify   '/Users/fajar.mac/Documents/APG/REDESIGN LOGIN PAGE/bpr-bonding-app-29.05.26/node_modules/@babel/parser'
104 silly reify ]
105 silly reify mark retired [
105 silly reify   '/Users/fajar.mac/Documents/APG/REDESIGN LOGIN PAGE/bpr-bonding-app-29.05.26/node_modules/@babel/plugin-transform-react-jsx-source'
105 silly reify ]
106 silly reify mark retired [
106 silly reify   '/Users/fajar.mac/Documents/APG/REDESIGN LOGIN PAGE/bpr-bonding-app-29.05.26/node_modules/@babel/plugin-transform-react-jsx-self'
106 silly reify ]
107 silly reify mark retired [
107 silly reify   '/Users/fajar.mac/Documents/APG/REDESIGN LOGIN PAGE/bpr-bonding-app-29.05.26/node_modules/@babel/runtime'
107 silly reify ]
108 silly reify mark retired [
108 silly reify   '/Users/fajar.mac/Documents/APG/REDESIGN LOGIN PAGE/bpr-bonding-app-29.05.26/node_modules/@babel/traverse'
108 silly reify ]
109 silly reify mark retired [
109 silly reify   '/Users/fajar.mac/Documents/APG/REDESIGN LOGIN PAGE/bpr-bonding-app-29.05.26/node_modules/@babel/types'
109 silly reify ]
110 silly reify mark retired [
110 silly reify   '/Users/fajar.mac/Documents/APG/REDESIGN LOGIN PAGE/bpr-bonding-app-29.05.26/node_modules/@ckeditor/ckeditor5-adapter-ckfinder'
110 silly reify ]
111 silly reify mark retired [
111 silly reify   '/Users/fajar.mac/Documents/APG/REDESIGN LOGIN PAGE/bpr-bonding-app-29.05.26/node_modules/@ckeditor/ckeditor5-alignment'
111 silly reify ]
112 silly reify mark retired [
112 silly reify   '/Users/fajar.mac/Documents/APG/REDESIGN LOGIN PAGE/bpr-bonding-app-29.05.26/node_modules/@ckeditor/ckeditor5-autoformat'
112 silly reify ]
113 silly reify mark retired [
113 silly reify   '/Users/fajar.mac/Documents/APG/REDESIGN LOGIN PAGE/bpr-bonding-app-29.05.26/node_modules/@ckeditor/ckeditor5-autosave'
113 silly reify ]
114 silly reify mark retired [
114 silly reify   '/Users/fajar.mac/Documents/APG/REDESIGN LOGIN PAGE/bpr-bonding-app-29.05.26/node_modules/@ckeditor/ckeditor5-basic-styles'
114 silly reify ]
115 silly reify mark retired [
115 silly reify   '/Users/fajar.mac/Documents/APG/REDESIGN LOGIN PAGE/bpr-bonding-app-29.05.26/node_modules/@ckeditor/ckeditor5-block-quote'
115 silly reify ]
116 silly reify mark retired [
116 silly reify   '/Users/fajar.mac/Documents/APG/REDESIGN LOGIN PAGE/bpr-bonding-app-29.05.26/node_modules/@ckeditor/ckeditor5-bookmark'
116 silly reify ]
117 silly reify mark retired [
117 silly reify   '/Users/fajar.mac/Documents/APG/REDESIGN LOGIN PAGE/bpr-bonding-app-29.05.26/node_modules/@ckeditor/ckeditor5-ckbox'
117 silly reify ]
118 silly reify mark retired [
118 silly reify   '/Users/fajar.mac/Documents/APG/REDESIGN LOGIN PAGE/bpr-bonding-app-29.05.26/node_modules/@ckeditor/ckeditor5-ckfinder'
118 silly reify ]
119 silly reify mark retired [
119 silly reify   '/Users/fajar.mac/Documents/APG/REDESIGN LOGIN PAGE/bpr-bonding-app-29.05.26/node_modules/@ckeditor/ckeditor5-clipboard'
119 silly reify ]
120 silly reify mark retired [
120 silly reify   '/Users/fajar.mac/Documents/APG/REDESIGN LOGIN PAGE/bpr-bonding-app-29.05.26/node_modules/@ckeditor/ckeditor5-cloud-services'
120 silly reify ]
121 silly reify mark retired [
121 silly reify   '/Users/fajar.mac/Documents/APG/REDESIGN LOGIN PAGE/bpr-bonding-app-29.05.26/node_modules/@ckeditor/ckeditor5-code-block'
121 silly reify ]
122 silly reify mark retired [
122 silly reify   '/Users/fajar.mac/Documents/APG/REDESIGN LOGIN PAGE/bpr-bonding-app-29.05.26/node_modules/@ckeditor/ckeditor5-core'
122 silly reify ]
123 silly reify mark retired [
123 silly reify   '/Users/fajar.mac/Documents/APG/REDESIGN LOGIN PAGE/bpr-bonding-app-29.05.26/node_modules/@ckeditor/ckeditor5-easy-image'
123 silly reify ]
124 silly reify mark retired [
124 silly reify   '/Users/fajar.mac/Documents/APG/REDESIGN LOGIN PAGE/bpr-bonding-app-29.05.26/node_modules/@ckeditor/ckeditor5-editor-balloon'
124 silly reify ]
125 silly reify mark retired [
125 silly reify   '/Users/fajar.mac/Documents/APG/REDESIGN LOGIN PAGE/bpr-bonding-app-29.05.26/node_modules/@ckeditor/ckeditor5-editor-classic'
125 silly reify ]
126 silly reify mark retired [
126 silly reify   '/Users/fajar.mac/Documents/APG/REDESIGN LOGIN PAGE/bpr-bonding-app-29.05.26/node_modules/@ckeditor/ckeditor5-editor-decoupled'
126 silly reify ]
127 silly reify mark retired [
127 silly reify   '/Users/fajar.mac/Documents/APG/REDESIGN LOGIN PAGE/bpr-bonding-app-29.05.26/node_modules/@ckeditor/ckeditor5-editor-inline'
127 silly reify ]
128 silly reify mark retired [
128 silly reify   '/Users/fajar.mac/Documents/APG/REDESIGN LOGIN PAGE/bpr-bonding-app-29.05.26/node_modules/@ckeditor/ckeditor5-editor-multi-root'
128 silly reify ]
129 silly reify mark retired [
129 silly reify   '/Users/fajar.mac/Documents/APG/REDESIGN LOGIN PAGE/bpr-bonding-app-29.05.26/node_modules/@ckeditor/ckeditor5-engine'
129 silly reify ]
130 silly reify mark retired [
130 silly reify   '/Users/fajar.mac/Documents/APG/REDESIGN LOGIN PAGE/bpr-bonding-app-29.05.26/node_modules/@ckeditor/ckeditor5-enter'
130 silly reify ]
131 silly reify mark retired [
131 silly reify   '/Users/fajar.mac/Documents/APG/REDESIGN LOGIN PAGE/bpr-bonding-app-29.05.26/node_modules/@ckeditor/ckeditor5-find-and-replace'
131 silly reify ]
132 silly reify mark retired [
132 silly reify   '/Users/fajar.mac/Documents/APG/REDESIGN LOGIN PAGE/bpr-bonding-app-29.05.26/node_modules/@ckeditor/ckeditor5-essentials'
132 silly reify ]
133 silly reify mark retired [
133 silly reify   '/Users/fajar.mac/Documents/APG/REDESIGN LOGIN PAGE/bpr-bonding-app-29.05.26/node_modules/@ckeditor/ckeditor5-font'
133 silly reify ]
134 silly reify mark retired [
134 silly reify   '/Users/fajar.mac/Documents/APG/REDESIGN LOGIN PAGE/bpr-bonding-app-29.05.26/node_modules/@ckeditor/ckeditor5-heading'
134 silly reify ]
135 silly reify mark retired [
135 silly reify   '/Users/fajar.mac/Documents/APG/REDESIGN LOGIN PAGE/bpr-bonding-app-29.05.26/node_modules/@ckeditor/ckeditor5-highlight'
135 silly reify ]
136 silly reify mark retired [
136 silly reify   '/Users/fajar.mac/Documents/APG/REDESIGN LOGIN PAGE/bpr-bonding-app-29.05.26/node_modules/@ckeditor/ckeditor5-horizontal-line'
136 silly reify ]
137 silly reify mark retired [
137 silly reify   '/Users/fajar.mac/Documents/APG/REDESIGN LOGIN PAGE/bpr-bonding-app-29.05.26/node_modules/@ckeditor/ckeditor5-html-embed'
137 silly reify ]
138 silly reify mark retired [
138 silly reify   '/Users/fajar.mac/Documents/APG/REDESIGN LOGIN PAGE/bpr-bonding-app-29.05.26/node_modules/@ckeditor/ckeditor5-html-support'
138 silly reify ]
139 silly reify mark retired [
139 silly reify   '/Users/fajar.mac/Documents/APG/REDESIGN LOGIN PAGE/bpr-bonding-app-29.05.26/node_modules/@ckeditor/ckeditor5-image'
139 silly reify ]
140 silly reify mark retired [
140 silly reify   '/Users/fajar.mac/Documents/APG/REDESIGN LOGIN PAGE/bpr-bonding-app-29.05.26/node_modules/@ckeditor/ckeditor5-indent'
140 silly reify ]
141 silly reify mark retired [
141 silly reify   '/Users/fajar.mac/Documents/APG/REDESIGN LOGIN PAGE/bpr-bonding-app-29.05.26/node_modules/@ckeditor/ckeditor5-integrations-common'
141 silly reify ]
142 silly reify mark retired [
142 silly reify   '/Users/fajar.mac/Documents/APG/REDESIGN LOGIN PAGE/bpr-bonding-app-29.05.26/node_modules/@ckeditor/ckeditor5-language'
142 silly reify ]
143 silly reify mark retired [
143 silly reify   '/Users/fajar.mac/Documents/APG/REDESIGN LOGIN PAGE/bpr-bonding-app-29.05.26/node_modules/@ckeditor/ckeditor5-link'
143 silly reify ]
144 silly reify mark retired [
144 silly reify   '/Users/fajar.mac/Documents/APG/REDESIGN LOGIN PAGE/bpr-bonding-app-29.05.26/node_modules/@ckeditor/ckeditor5-list'
144 silly reify ]
145 silly reify mark retired [
145 silly reify   '/Users/fajar.mac/Documents/APG/REDESIGN LOGIN PAGE/bpr-bonding-app-29.05.26/node_modules/@ckeditor/ckeditor5-markdown-gfm'
145 silly reify ]
146 silly reify mark retired [
146 silly reify   '/Users/fajar.mac/Documents/APG/REDESIGN LOGIN PAGE/bpr-bonding-app-29.05.26/node_modules/@ckeditor/ckeditor5-media-embed'
146 silly reify ]
147 silly reify mark retired [
147 silly reify   '/Users/fajar.mac/Documents/APG/REDESIGN LOGIN PAGE/bpr-bonding-app-29.05.26/node_modules/@ckeditor/ckeditor5-mention'
147 silly reify ]
148 silly reify mark retired [
148 silly reify   '/Users/fajar.mac/Documents/APG/REDESIGN LOGIN PAGE/bpr-bonding-app-29.05.26/node_modules/@ckeditor/ckeditor5-minimap'
148 silly reify ]
149 silly reify mark retired [
149 silly reify   '/Users/fajar.mac/Documents/APG/REDESIGN LOGIN PAGE/bpr-bonding-app-29.05.26/node_modules/@ckeditor/ckeditor5-page-break'
149 silly reify ]
150 silly reify mark retired [
150 silly reify   '/Users/fajar.mac/Documents/APG/REDESIGN LOGIN PAGE/bpr-bonding-app-29.05.26/node_modules/@ckeditor/ckeditor5-paragraph'
150 silly reify ]
151 silly reify mark retired [
151 silly reify   '/Users/fajar.mac/Documents/APG/REDESIGN LOGIN PAGE/bpr-bonding-app-29.05.26/node_modules/@ckeditor/ckeditor5-paste-from-office'
151 silly reify ]
152 silly reify mark retired [
152 silly reify   '/Users/fajar.mac/Documents/APG/REDESIGN LOGIN PAGE/bpr-bonding-app-29.05.26/node_modules/@ckeditor/ckeditor5-react'
152 silly reify ]
153 silly reify mark retired [
153 silly reify   '/Users/fajar.mac/Documents/APG/REDESIGN LOGIN PAGE/bpr-bonding-app-29.05.26/node_modules/@ckeditor/ckeditor5-remove-format'
153 silly reify ]
154 silly reify mark retired [
154 silly reify   '/Users/fajar.mac/Documents/APG/REDESIGN LOGIN PAGE/bpr-bonding-app-29.05.26/node_modules/@ckeditor/ckeditor5-restricted-editing'
154 silly reify ]
155 silly reify mark retired [
155 silly reify   '/Users/fajar.mac/Documents/APG/REDESIGN LOGIN PAGE/bpr-bonding-app-29.05.26/node_modules/@ckeditor/ckeditor5-select-all'
155 silly reify ]
156 silly reify mark retired [
156 silly reify   '/Users/fajar.mac/Documents/APG/REDESIGN LOGIN PAGE/bpr-bonding-app-29.05.26/node_modules/@ckeditor/ckeditor5-show-blocks'
156 silly reify ]
157 silly reify mark retired [
157 silly reify   '/Users/fajar.mac/Documents/APG/REDESIGN LOGIN PAGE/bpr-bonding-app-29.05.26/node_modules/@ckeditor/ckeditor5-source-editing'
157 silly reify ]
158 silly reify mark retired [
158 silly reify   '/Users/fajar.mac/Documents/APG/REDESIGN LOGIN PAGE/bpr-bonding-app-29.05.26/node_modules/@ckeditor/ckeditor5-special-characters'
158 silly reify ]
159 silly reify mark retired [
159 silly reify   '/Users/fajar.mac/Documents/APG/REDESIGN LOGIN PAGE/bpr-bonding-app-29.05.26/node_modules/@ckeditor/ckeditor5-style'
159 silly reify ]
160 silly reify mark retired [
160 silly reify   '/Users/fajar.mac/Documents/APG/REDESIGN LOGIN PAGE/bpr-bonding-app-29.05.26/node_modules/@ckeditor/ckeditor5-table'
160 silly reify ]
161 silly reify mark retired [
161 silly reify   '/Users/fajar.mac/Documents/APG/REDESIGN LOGIN PAGE/bpr-bonding-app-29.05.26/node_modules/@ckeditor/ckeditor5-theme-lark'
161 silly reify ]
162 silly reify mark retired [
162 silly reify   '/Users/fajar.mac/Documents/APG/REDESIGN LOGIN PAGE/bpr-bonding-app-29.05.26/node_modules/@ckeditor/ckeditor5-typing'
162 silly reify ]
163 silly reify mark retired [
163 silly reify   '/Users/fajar.mac/Documents/APG/REDESIGN LOGIN PAGE/bpr-bonding-app-29.05.26/node_modules/@ckeditor/ckeditor5-ui'
163 silly reify ]
164 silly reify mark retired [
164 silly reify   '/Users/fajar.mac/Documents/APG/REDESIGN LOGIN PAGE/bpr-bonding-app-29.05.26/node_modules/@ckeditor/ckeditor5-undo'
164 silly reify ]
165 silly reify mark retired [
165 silly reify   '/Users/fajar.mac/Documents/APG/REDESIGN LOGIN PAGE/bpr-bonding-app-29.05.26/node_modules/@ckeditor/ckeditor5-upload'
165 silly reify ]
166 silly reify mark retired [
166 silly reify   '/Users/fajar.mac/Documents/APG/REDESIGN LOGIN PAGE/bpr-bonding-app-29.05.26/node_modules/@ckeditor/ckeditor5-utils'
166 silly reify ]
167 silly reify mark retired [
167 silly reify   '/Users/fajar.mac/Documents/APG/REDESIGN LOGIN PAGE/bpr-bonding-app-29.05.26/node_modules/@ckeditor/ckeditor5-watchdog'
167 silly reify ]
168 silly reify mark retired [
168 silly reify   '/Users/fajar.mac/Documents/APG/REDESIGN LOGIN PAGE/bpr-bonding-app-29.05.26/node_modules/@ckeditor/ckeditor5-widget'
168 silly reify ]
169 silly reify mark retired [
169 silly reify   '/Users/fajar.mac/Documents/APG/REDESIGN LOGIN PAGE/bpr-bonding-app-29.05.26/node_modules/@ckeditor/ckeditor5-word-count'
169 silly reify ]
170 silly reify mark retired [
170 silly reify   '/Users/fajar.mac/Documents/APG/REDESIGN LOGIN PAGE/bpr-bonding-app-29.05.26/node_modules/@eslint/config-array'
170 silly reify ]
171 silly reify mark retired [
171 silly reify   '/Users/fajar.mac/Documents/APG/REDESIGN LOGIN PAGE/bpr-bonding-app-29.05.26/node_modules/@eslint/config-helpers'
171 silly reify ]
172 silly reify mark retired [
172 silly reify   '/Users/fajar.mac/Documents/APG/REDESIGN LOGIN PAGE/bpr-bonding-app-29.05.26/node_modules/@eslint/core'
172 silly reify ]
173 silly reify mark retired [
173 silly reify   '/Users/fajar.mac/Documents/APG/REDESIGN LOGIN PAGE/bpr-bonding-app-29.05.26/node_modules/@eslint/eslintrc'
173 silly reify ]
174 silly reify mark retired [
174 silly reify   '/Users/fajar.mac/Documents/APG/REDESIGN LOGIN PAGE/bpr-bonding-app-29.05.26/node_modules/@eslint/js'
174 silly reify ]
175 silly reify mark retired [
175 silly reify   '/Users/fajar.mac/Documents/APG/REDESIGN LOGIN PAGE/bpr-bonding-app-29.05.26/node_modules/@eslint/object-schema'
175 silly reify ]
176 silly reify mark retired [
176 silly reify   '/Users/fajar.mac/Documents/APG/REDESIGN LOGIN PAGE/bpr-bonding-app-29.05.26/node_modules/@eslint/plugin-kit'
176 silly reify ]
177 silly reify mark retired [
177 silly reify   '/Users/fajar.mac/Documents/APG/REDESIGN LOGIN PAGE/bpr-bonding-app-29.05.26/node_modules/@eslint-community/eslint-utils'
177 silly reify ]
178 silly reify mark retired [
178 silly reify   '/Users/fajar.mac/Documents/APG/REDESIGN LOGIN PAGE/bpr-bonding-app-29.05.26/node_modules/@eslint-community/regexpp'
178 silly reify ]
179 silly reify mark retired [
179 silly reify   '/Users/fajar.mac/Documents/APG/REDESIGN LOGIN PAGE/bpr-bonding-app-29.05.26/node_modules/@floating-ui/core'
179 silly reify ]
180 silly reify mark retired [
180 silly reify   '/Users/fajar.mac/Documents/APG/REDESIGN LOGIN PAGE/bpr-bonding-app-29.05.26/node_modules/@floating-ui/dom'
180 silly reify ]
181 silly reify mark retired [
181 silly reify   '/Users/fajar.mac/Documents/APG/REDESIGN LOGIN PAGE/bpr-bonding-app-29.05.26/node_modules/@floating-ui/react-dom'
181 silly reify ]
182 silly reify mark retired [
182 silly reify   '/Users/fajar.mac/Documents/APG/REDESIGN LOGIN PAGE/bpr-bonding-app-29.05.26/node_modules/@floating-ui/utils'
182 silly reify ]
183 silly reify mark retired [
183 silly reify   '/Users/fajar.mac/Documents/APG/REDESIGN LOGIN PAGE/bpr-bonding-app-29.05.26/node_modules/@headlessui/react'
183 silly reify ]
184 silly reify mark retired [
184 silly reify   '/Users/fajar.mac/Documents/APG/REDESIGN LOGIN PAGE/bpr-bonding-app-29.05.26/node_modules/@humanfs/node'
184 silly reify ]
185 silly reify mark retired [
185 silly reify   '/Users/fajar.mac/Documents/APG/REDESIGN LOGIN PAGE/bpr-bonding-app-29.05.26/node_modules/@ianvs/prettier-plugin-sort-imports'
185 silly reify ]
186 silly reify mark retired [
186 silly reify   '/Users/fajar.mac/Documents/APG/REDESIGN LOGIN PAGE/bpr-bonding-app-29.05.26/node_modules/@isaacs/cliui'
186 silly reify ]
187 silly reify mark retired [
187 silly reify   '/Users/fajar.mac/Documents/APG/REDESIGN LOGIN PAGE/bpr-bonding-app-29.05.26/node_modules/@jridgewell/gen-mapping'
187 silly reify ]
188 silly reify mark retired [
188 silly reify   '/Users/fajar.mac/Documents/APG/REDESIGN LOGIN PAGE/bpr-bonding-app-29.05.26/node_modules/@jridgewell/set-array'
188 silly reify ]
189 silly reify mark retired [
189 silly reify   '/Users/fajar.mac/Documents/APG/REDESIGN LOGIN PAGE/bpr-bonding-app-29.05.26/node_modules/@jridgewell/sourcemap-codec'
189 silly reify ]
190 silly reify mark retired [
190 silly reify   '/Users/fajar.mac/Documents/APG/REDESIGN LOGIN PAGE/bpr-bonding-app-29.05.26/node_modules/@jridgewell/trace-mapping'
190 silly reify ]
191 silly reify mark retired [
191 silly reify   '/Users/fajar.mac/Documents/APG/REDESIGN LOGIN PAGE/bpr-bonding-app-29.05.26/node_modules/@mixmark-io/domino'
191 silly reify ]
192 silly reify mark retired [
192 silly reify   '/Users/fajar.mac/Documents/APG/REDESIGN LOGIN PAGE/bpr-bonding-app-29.05.26/node_modules/@pkgjs/parseargs'
192 silly reify ]
193 silly reify mark retired [
193 silly reify   '/Users/fajar.mac/Documents/APG/REDESIGN LOGIN PAGE/bpr-bonding-app-29.05.26/node_modules/@radix-ui/react-alert-dialog'
193 silly reify ]
194 silly reify mark retired [
194 silly reify   '/Users/fajar.mac/Documents/APG/REDESIGN LOGIN PAGE/bpr-bonding-app-29.05.26/node_modules/@radix-ui/react-arrow'
194 silly reify ]
195 silly reify mark retired [
195 silly reify   '/Users/fajar.mac/Documents/APG/REDESIGN LOGIN PAGE/bpr-bonding-app-29.05.26/node_modules/@radix-ui/react-avatar'
195 silly reify ]
196 silly reify mark retired [
196 silly reify   '/Users/fajar.mac/Documents/APG/REDESIGN LOGIN PAGE/bpr-bonding-app-29.05.26/node_modules/@radix-ui/react-checkbox'
196 silly reify ]
197 silly reify mark retired [
197 silly reify   '/Users/fajar.mac/Documents/APG/REDESIGN LOGIN PAGE/bpr-bonding-app-29.05.26/node_modules/@radix-ui/react-collapsible'
197 silly reify ]
198 silly reify mark retired [
198 silly reify   '/Users/fajar.mac/Documents/APG/REDESIGN LOGIN PAGE/bpr-bonding-app-29.05.26/node_modules/@radix-ui/react-collection'
198 silly reify ]
199 silly reify mark retired [
199 silly reify   '/Users/fajar.mac/Documents/APG/REDESIGN LOGIN PAGE/bpr-bonding-app-29.05.26/node_modules/@radix-ui/react-dialog'
199 silly reify ]
200 silly reify mark retired [
200 silly reify   '/Users/fajar.mac/Documents/APG/REDESIGN LOGIN PAGE/bpr-bonding-app-29.05.26/node_modules/@radix-ui/react-dismissable-layer'
200 silly reify ]
201 silly reify mark retired [
201 silly reify   '/Users/fajar.mac/Documents/APG/REDESIGN LOGIN PAGE/bpr-bonding-app-29.05.26/node_modules/@radix-ui/react-dropdown-menu'
201 silly reify ]
202 silly reify mark retired [
202 silly reify   '/Users/fajar.mac/Documents/APG/REDESIGN LOGIN PAGE/bpr-bonding-app-29.05.26/node_modules/@radix-ui/react-focus-scope'
202 silly reify ]
203 silly reify mark retired [
203 silly reify   '/Users/fajar.mac/Documents/APG/REDESIGN LOGIN PAGE/bpr-bonding-app-29.05.26/node_modules/@radix-ui/react-label'
203 silly reify ]
204 silly reify mark retired [
204 silly reify   '/Users/fajar.mac/Documents/APG/REDESIGN LOGIN PAGE/bpr-bonding-app-29.05.26/node_modules/@radix-ui/react-menu'
204 silly reify ]
205 silly reify mark retired [
205 silly reify   '/Users/fajar.mac/Documents/APG/REDESIGN LOGIN PAGE/bpr-bonding-app-29.05.26/node_modules/@radix-ui/react-popover'
205 silly reify ]
206 silly reify mark retired [
206 silly reify   '/Users/fajar.mac/Documents/APG/REDESIGN LOGIN PAGE/bpr-bonding-app-29.05.26/node_modules/@radix-ui/react-popper'
206 silly reify ]
207 silly reify mark retired [
207 silly reify   '/Users/fajar.mac/Documents/APG/REDESIGN LOGIN PAGE/bpr-bonding-app-29.05.26/node_modules/@radix-ui/react-portal'
207 silly reify ]
208 silly reify mark retired [
208 silly reify   '/Users/fajar.mac/Documents/APG/REDESIGN LOGIN PAGE/bpr-bonding-app-29.05.26/node_modules/@radix-ui/react-primitive'
208 silly reify ]
209 silly reify mark retired [
209 silly reify   '/Users/fajar.mac/Documents/APG/REDESIGN LOGIN PAGE/bpr-bonding-app-29.05.26/node_modules/@radix-ui/react-radio-group'
209 silly reify ]
210 silly reify mark retired [
210 silly reify   '/Users/fajar.mac/Documents/APG/REDESIGN LOGIN PAGE/bpr-bonding-app-29.05.26/node_modules/@radix-ui/react-roving-focus'
210 silly reify ]
211 silly reify mark retired [
211 silly reify   '/Users/fajar.mac/Documents/APG/REDESIGN LOGIN PAGE/bpr-bonding-app-29.05.26/node_modules/@radix-ui/react-select'
211 silly reify ]
212 silly reify mark retired [
212 silly reify   '/Users/fajar.mac/Documents/APG/REDESIGN LOGIN PAGE/bpr-bonding-app-29.05.26/node_modules/@radix-ui/react-separator'
212 silly reify ]
213 silly reify mark retired [
213 silly reify   '/Users/fajar.mac/Documents/APG/REDESIGN LOGIN PAGE/bpr-bonding-app-29.05.26/node_modules/@radix-ui/react-slot'
213 silly reify ]
214 silly reify mark retired [
214 silly reify   '/Users/fajar.mac/Documents/APG/REDESIGN LOGIN PAGE/bpr-bonding-app-29.05.26/node_modules/@radix-ui/react-tabs'
214 silly reify ]
215 silly reify mark retired [
215 silly reify   '/Users/fajar.mac/Documents/APG/REDESIGN LOGIN PAGE/bpr-bonding-app-29.05.26/node_modules/@radix-ui/react-toast'
215 silly reify ]
216 silly reify mark retired [
216 silly reify   '/Users/fajar.mac/Documents/APG/REDESIGN LOGIN PAGE/bpr-bonding-app-29.05.26/node_modules/@radix-ui/react-tooltip'
216 silly reify ]
217 silly reify mark retired [
217 silly reify   '/Users/fajar.mac/Documents/APG/REDESIGN LOGIN PAGE/bpr-bonding-app-29.05.26/node_modules/@radix-ui/react-visually-hidden'
217 silly reify ]
218 silly reify mark retired [
218 silly reify   '/Users/fajar.mac/Documents/APG/REDESIGN LOGIN PAGE/bpr-bonding-app-29.05.26/node_modules/@react-aria/focus'
218 silly reify ]
219 silly reify mark retired [
219 silly reify   '/Users/fajar.mac/Documents/APG/REDESIGN LOGIN PAGE/bpr-bonding-app-29.05.26/node_modules/@react-aria/interactions'
219 silly reify ]
220 silly reify mark retired [
220 silly reify   '/Users/fajar.mac/Documents/APG/REDESIGN LOGIN PAGE/bpr-bonding-app-29.05.26/node_modules/@react-aria/ssr'
220 silly reify ]
221 silly reify mark retired [
221 silly reify   '/Users/fajar.mac/Documents/APG/REDESIGN LOGIN PAGE/bpr-bonding-app-29.05.26/node_modules/@react-aria/utils'
221 silly reify ]
222 silly reify mark retired [
222 silly reify   '/Users/fajar.mac/Documents/APG/REDESIGN LOGIN PAGE/bpr-bonding-app-29.05.26/node_modules/@react-stately/utils'
222 silly reify ]
223 silly reify mark retired [
223 silly reify   '/Users/fajar.mac/Documents/APG/REDESIGN LOGIN PAGE/bpr-bonding-app-29.05.26/node_modules/@react-types/shared'
223 silly reify ]
224 silly reify mark retired [
224 silly reify   '/Users/fajar.mac/Documents/APG/REDESIGN LOGIN PAGE/bpr-bonding-app-29.05.26/node_modules/@rollup/rollup-darwin-x64'
224 silly reify ]
225 silly reify mark retired [
225 silly reify   '/Users/fajar.mac/Documents/APG/REDESIGN LOGIN PAGE/bpr-bonding-app-29.05.26/node_modules/@tailwindcss/typography'
225 silly reify ]
226 silly reify mark retired [
226 silly reify   '/Users/fajar.mac/Documents/APG/REDESIGN LOGIN PAGE/bpr-bonding-app-29.05.26/node_modules/@tanstack/query-core'
226 silly reify ]
227 silly reify mark retired [
227 silly reify   '/Users/fajar.mac/Documents/APG/REDESIGN LOGIN PAGE/bpr-bonding-app-29.05.26/node_modules/@tanstack/eslint-plugin-query'
227 silly reify ]
228 silly reify mark retired [
228 silly reify   '/Users/fajar.mac/Documents/APG/REDESIGN LOGIN PAGE/bpr-bonding-app-29.05.26/node_modules/@tanstack/react-query'
228 silly reify ]
229 silly reify mark retired [
229 silly reify   '/Users/fajar.mac/Documents/APG/REDESIGN LOGIN PAGE/bpr-bonding-app-29.05.26/node_modules/@tanstack/react-virtual'
229 silly reify ]
230 silly reify mark retired [
230 silly reify   '/Users/fajar.mac/Documents/APG/REDESIGN LOGIN PAGE/bpr-bonding-app-29.05.26/node_modules/@tanstack/virtual-core'
230 silly reify ]
231 silly reify mark retired [
231 silly reify   '/Users/fajar.mac/Documents/APG/REDESIGN LOGIN PAGE/bpr-bonding-app-29.05.26/node_modules/@types/babel__generator'
231 silly reify ]
232 silly reify mark retired [
232 silly reify   '/Users/fajar.mac/Documents/APG/REDESIGN LOGIN PAGE/bpr-bonding-app-29.05.26/node_modules/@types/babel__traverse'
232 silly reify ]
233 silly reify mark retired [
233 silly reify   '/Users/fajar.mac/Documents/APG/REDESIGN LOGIN PAGE/bpr-bonding-app-29.05.26/node_modules/@types/d3-array'
233 silly reify ]
234 silly reify mark retired [
234 silly reify   '/Users/fajar.mac/Documents/APG/REDESIGN LOGIN PAGE/bpr-bonding-app-29.05.26/node_modules/@types/d3-path'
234 silly reify ]
235 silly reify mark retired [
235 silly reify   '/Users/fajar.mac/Documents/APG/REDESIGN LOGIN PAGE/bpr-bonding-app-29.05.26/node_modules/@types/d3-scale'
235 silly reify ]
236 silly reify mark retired [
236 silly reify   '/Users/fajar.mac/Documents/APG/REDESIGN LOGIN PAGE/bpr-bonding-app-29.05.26/node_modules/@types/estree'
236 silly reify ]
237 silly reify mark retired [
237 silly reify   '/Users/fajar.mac/Documents/APG/REDESIGN LOGIN PAGE/bpr-bonding-app-29.05.26/node_modules/@types/jquery'
237 silly reify ]
238 silly reify mark retired [
238 silly reify   '/Users/fajar.mac/Documents/APG/REDESIGN LOGIN PAGE/bpr-bonding-app-29.05.26/node_modules/@types/lodash'
238 silly reify ]
239 silly reify mark retired [
239 silly reify   '/Users/fajar.mac/Documents/APG/REDESIGN LOGIN PAGE/bpr-bonding-app-29.05.26/node_modules/@types/node'
239 silly reify ]
240 silly reify mark retired [
240 silly reify   '/Users/fajar.mac/Documents/APG/REDESIGN LOGIN PAGE/bpr-bonding-app-29.05.26/node_modules/@types/prop-types'
240 silly reify ]
241 silly reify mark retired [
241 silly reify   '/Users/fajar.mac/Documents/APG/REDESIGN LOGIN PAGE/bpr-bonding-app-29.05.26/node_modules/@types/react'
241 silly reify ]
242 silly reify mark retired [
242 silly reify   '/Users/fajar.mac/Documents/APG/REDESIGN LOGIN PAGE/bpr-bonding-app-29.05.26/node_modules/@types/react-dom'
242 silly reify ]
243 silly reify mark retired [
243 silly reify   '/Users/fajar.mac/Documents/APG/REDESIGN LOGIN PAGE/bpr-bonding-app-29.05.26/node_modules/@types/sizzle'
243 silly reify ]
244 silly reify mark retired [
244 silly reify   '/Users/fajar.mac/Documents/APG/REDESIGN LOGIN PAGE/bpr-bonding-app-29.05.26/node_modules/@typescript-eslint/scope-manager'
244 silly reify ]
245 silly reify mark retired [
245 silly reify   '/Users/fajar.mac/Documents/APG/REDESIGN LOGIN PAGE/bpr-bonding-app-29.05.26/node_modules/@typescript-eslint/types'
245 silly reify ]
246 silly reify mark retired [
246 silly reify   '/Users/fajar.mac/Documents/APG/REDESIGN LOGIN PAGE/bpr-bonding-app-29.05.26/node_modules/@typescript-eslint/typescript-estree'
246 silly reify ]
247 silly reify mark retired [
247 silly reify   '/Users/fajar.mac/Documents/APG/REDESIGN LOGIN PAGE/bpr-bonding-app-29.05.26/node_modules/@typescript-eslint/utils'
247 silly reify ]
248 silly reify mark retired [
248 silly reify   '/Users/fajar.mac/Documents/APG/REDESIGN LOGIN PAGE/bpr-bonding-app-29.05.26/node_modules/@typescript-eslint/visitor-keys'
248 silly reify ]
249 silly reify mark retired [
249 silly reify   '/Users/fajar.mac/Documents/APG/REDESIGN LOGIN PAGE/bpr-bonding-app-29.05.26/node_modules/@vitejs/plugin-react'
249 silly reify ]
250 silly reify mark retired [
250 silly reify   '/Users/fajar.mac/Documents/APG/REDESIGN LOGIN PAGE/bpr-bonding-app-29.05.26/node_modules/acorn',
250 silly reify   '/Users/fajar.mac/Documents/APG/REDESIGN LOGIN PAGE/bpr-bonding-app-29.05.26/node_modules/.bin/acorn'
250 silly reify ]
251 silly reify mark retired [
251 silly reify   '/Users/fajar.mac/Documents/APG/REDESIGN LOGIN PAGE/bpr-bonding-app-29.05.26/node_modules/atob',
251 silly reify   '/Users/fajar.mac/Documents/APG/REDESIGN LOGIN PAGE/bpr-bonding-app-29.05.26/node_modules/.bin/atob'
251 silly reify ]
252 silly reify mark retired [
252 silly reify   '/Users/fajar.mac/Documents/APG/REDESIGN LOGIN PAGE/bpr-bonding-app-29.05.26/node_modules/btoa',
252 silly reify   '/Users/fajar.mac/Documents/APG/REDESIGN LOGIN PAGE/bpr-bonding-app-29.05.26/node_modules/.bin/btoa'
252 silly reify ]
253 silly reify mark retired [
253 silly reify   '/Users/fajar.mac/Documents/APG/REDESIGN LOGIN PAGE/bpr-bonding-app-29.05.26/node_modules/cssesc',
253 silly reify   '/Users/fajar.mac/Documents/APG/REDESIGN LOGIN PAGE/bpr-bonding-app-29.05.26/node_modules/.bin/cssesc'
253 silly reify ]
254 silly reify mark retired [
254 silly reify   '/Users/fajar.mac/Documents/APG/REDESIGN LOGIN PAGE/bpr-bonding-app-29.05.26/node_modules/esbuild',
254 silly reify   '/Users/fajar.mac/Documents/APG/REDESIGN LOGIN PAGE/bpr-bonding-app-29.05.26/node_modules/.bin/esbuild'
254 silly reify ]
255 silly reify mark retired [
255 silly reify   '/Users/fajar.mac/Documents/APG/REDESIGN LOGIN PAGE/bpr-bonding-app-29.05.26/node_modules/husky',
255 silly reify   '/Users/fajar.mac/Documents/APG/REDESIGN LOGIN PAGE/bpr-bonding-app-29.05.26/node_modules/.bin/husky'
255 silly reify ]
256 silly reify mark retired [
256 silly reify   '/Users/fajar.mac/Documents/APG/REDESIGN LOGIN PAGE/bpr-bonding-app-29.05.26/node_modules/jiti',
256 silly reify   '/Users/fajar.mac/Documents/APG/REDESIGN LOGIN PAGE/bpr-bonding-app-29.05.26/node_modules/.bin/jiti'
256 silly reify ]
257 silly reify mark retired [
257 silly reify   '/Users/fajar.mac/Documents/APG/REDESIGN LOGIN PAGE/bpr-bonding-app-29.05.26/node_modules/jsesc',
257 silly reify   '/Users/fajar.mac/Documents/APG/REDESIGN LOGIN PAGE/bpr-bonding-app-29.05.26/node_modules/.bin/jsesc'
257 silly reify ]
258 silly reify mark retired [
258 silly reify   '/Users/fajar.mac/Documents/APG/REDESIGN LOGIN PAGE/bpr-bonding-app-29.05.26/node_modules/json5',
258 silly reify   '/Users/fajar.mac/Documents/APG/REDESIGN LOGIN PAGE/bpr-bonding-app-29.05.26/node_modules/.bin/json5'
258 silly reify ]
259 silly reify mark retired [
259 silly reify   '/Users/fajar.mac/Documents/APG/REDESIGN LOGIN PAGE/bpr-bonding-app-29.05.26/node_modules/log-update/node_modules/ansi-styles'
259 silly reify ]
260 silly reify mark retired [
260 silly reify   '/Users/fajar.mac/Documents/APG/REDESIGN LOGIN PAGE/bpr-bonding-app-29.05.26/node_modules/log-update/node_modules/is-fullwidth-code-point'
260 silly reify ]
261 silly reify mark retired [
261 silly reify   '/Users/fajar.mac/Documents/APG/REDESIGN LOGIN PAGE/bpr-bonding-app-29.05.26/node_modules/log-update/node_modules/slice-ansi'
261 silly reify ]
262 silly reify mark retired [
262 silly reify   '/Users/fajar.mac/Documents/APG/REDESIGN LOGIN PAGE/bpr-bonding-app-29.05.26/node_modules/loose-envify',
262 silly reify   '/Users/fajar.mac/Documents/APG/REDESIGN LOGIN PAGE/bpr-bonding-app-29.05.26/node_modules/.bin/loose-envify'
262 silly reify ]
263 silly reify mark retired [
263 silly reify   '/Users/fajar.mac/Documents/APG/REDESIGN LOGIN PAGE/bpr-bonding-app-29.05.26/node_modules/mini-svg-data-uri',
263 silly reify   '/Users/fajar.mac/Documents/APG/REDESIGN LOGIN PAGE/bpr-bonding-app-29.05.26/node_modules/.bin/mini-svg-data-uri'
263 silly reify ]
264 silly reify mark retired [
264 silly reify   '/Users/fajar.mac/Documents/APG/REDESIGN LOGIN PAGE/bpr-bonding-app-29.05.26/node_modules/pidtree',
264 silly reify   '/Users/fajar.mac/Documents/APG/REDESIGN LOGIN PAGE/bpr-bonding-app-29.05.26/node_modules/.bin/pidtree'
264 silly reify ]
265 silly reify mark retired [
265 silly reify   '/Users/fajar.mac/Documents/APG/REDESIGN LOGIN PAGE/bpr-bonding-app-29.05.26/node_modules/slice-ansi/node_modules/ansi-styles'
265 silly reify ]
266 silly reify mark retired [
266 silly reify   '/Users/fajar.mac/Documents/APG/REDESIGN LOGIN PAGE/bpr-bonding-app-29.05.26/node_modules/uuid',
266 silly reify   '/Users/fajar.mac/Documents/APG/REDESIGN LOGIN PAGE/bpr-bonding-app-29.05.26/node_modules/.bin/uuid'
266 silly reify ]
267 silly reify mark retired [
267 silly reify   '/Users/fajar.mac/Documents/APG/REDESIGN LOGIN PAGE/bpr-bonding-app-29.05.26/node_modules/which',
267 silly reify   '/Users/fajar.mac/Documents/APG/REDESIGN LOGIN PAGE/bpr-bonding-app-29.05.26/node_modules/.bin/node-which'
267 silly reify ]
268 silly reify moves {
268 silly reify   '/Users/fajar.mac/Documents/APG/REDESIGN LOGIN PAGE/bpr-bonding-app-29.05.26/node_modules/ansi-escapes': '/Users/fajar.mac/Documents/APG/REDESIGN LOGIN PAGE/bpr-bonding-app-29.05.26/node_modules/.ansi-escapes-Up37bMV2',
268 silly reify   '/Users/fajar.mac/Documents/APG/REDESIGN LOGIN PAGE/bpr-bonding-app-29.05.26/node_modules/ansi-regex': '/Users/fajar.mac/Documents/APG/REDESIGN LOGIN PAGE/bpr-bonding-app-29.05.26/node_modules/.ansi-regex-c7ddRKn1',
268 silly reify   '/Users/fajar.mac/Documents/APG/REDESIGN LOGIN PAGE/bpr-bonding-app-29.05.26/node_modules/aria-hidden': '/Users/fajar.mac/Documents/APG/REDESIGN LOGIN PAGE/bpr-bonding-app-29.05.26/node_modules/.aria-hidden-UEjQqWkC',
268 silly reify   '/Users/fajar.mac/Documents/APG/REDESIGN LOGIN PAGE/bpr-bonding-app-29.05.26/node_modules/autoprefixer': '/Users/fajar.mac/Documents/APG/REDESIGN LOGIN PAGE/bpr-bonding-app-29.05.26/node_modules/.autoprefixer-Qaxdgm8R',
268 silly reify   '/Users/fajar.mac/Documents/APG/REDESIGN LOGIN PAGE/bpr-bonding-app-29.05.26/node_modules/axios': '/Users/fajar.mac/Documents/APG/REDESIGN LOGIN PAGE/bpr-bonding-app-29.05.26/node_modules/.axios-HmG86wft',
268 silly reify   '/Users/fajar.mac/Documents/APG/REDESIGN LOGIN PAGE/bpr-bonding-app-29.05.26/node_modules/brace-expansion': '/Users/fajar.mac/Documents/APG/REDESIGN LOGIN PAGE/bpr-bonding-app-29.05.26/node_modules/.brace-expansion-1V9UuTrh',
268 silly reify   '/Users/fajar.mac/Documents/APG/REDESIGN LOGIN PAGE/bpr-bonding-app-29.05.26/node_modules/browserslist': '/Users/fajar.mac/Documents/APG/REDESIGN LOGIN PAGE/bpr-bonding-app-29.05.26/node_modules/.browserslist-zM78iA4Z',
268 silly reify   '/Users/fajar.mac/Documents/APG/REDESIGN LOGIN PAGE/bpr-bonding-app-29.05.26/node_modules/call-bind-apply-helpers': '/Users/fajar.mac/Documents/APG/REDESIGN LOGIN PAGE/bpr-bonding-app-29.05.26/node_modules/.call-bind-apply-helpers-6PRiGzrI',
268 silly reify   '/Users/fajar.mac/Documents/APG/REDESIGN LOGIN PAGE/bpr-bonding-app-29.05.26/node_modules/call-bound': '/Users/fajar.mac/Documents/APG/REDESIGN LOGIN PAGE/bpr-bonding-app-29.05.26/node_modules/.call-bound-aXDVouGJ',
268 silly reify   '/Users/fajar.mac/Documents/APG/REDESIGN LOGIN PAGE/bpr-bonding-app-29.05.26/node_modules/caniuse-lite': '/Users/fajar.mac/Documents/APG/REDESIGN LOGIN PAGE/bpr-bonding-app-29.05.26/node_modules/.caniuse-lite-ZTgCBuXr',
268 silly reify   '/Users/fajar.mac/Documents/APG/REDESIGN LOGIN PAGE/bpr-bonding-app-29.05.26/node_modules/ckeditor5': '/Users/fajar.mac/Documents/APG/REDESIGN LOGIN PAGE/bpr-bonding-app-29.05.26/node_modules/.ckeditor5-5hHXgEHh',
268 silly reify   '/Users/fajar.mac/Documents/APG/REDESIGN LOGIN PAGE/bpr-bonding-app-29.05.26/node_modules/cmdk': '/Users/fajar.mac/Documents/APG/REDESIGN LOGIN PAGE/bpr-bonding-app-29.05.26/node_modules/.cmdk-FLtWGO8K',
268 silly reify   '/Users/fajar.mac/Documents/APG/REDESIGN LOGIN PAGE/bpr-bonding-app-29.05.26/node_modules/color-parse': '/Users/fajar.mac/Documents/APG/REDESIGN LOGIN PAGE/bpr-bonding-app-29.05.26/node_modules/.color-parse-xHKN6Adp',
268 silly reify   '/Users/fajar.mac/Documents/APG/REDESIGN LOGIN PAGE/bpr-bonding-app-29.05.26/node_modules/core-js': '/Users/fajar.mac/Documents/APG/REDESIGN LOGIN PAGE/bpr-bonding-app-29.05.26/node_modules/.core-js-bDrfMUf6',
268 silly reify   '/Users/fajar.mac/Documents/APG/REDESIGN LOGIN PAGE/bpr-bonding-app-29.05.26/node_modules/csstype': '/Users/fajar.mac/Documents/APG/REDESIGN LOGIN PAGE/bpr-bonding-app-29.05.26/node_modules/.csstype-MCBzIPii',
268 silly reify   '/Users/fajar.mac/Documents/APG/REDESIGN LOGIN PAGE/bpr-bonding-app-29.05.26/node_modules/dayjs': '/Users/fajar.mac/Documents/APG/REDESIGN LOGIN PAGE/bpr-bonding-app-29.05.26/node_modules/.dayjs-tURRubL8',
268 silly reify   '/Users/fajar.mac/Documents/APG/REDESIGN LOGIN PAGE/bpr-bonding-app-29.05.26/node_modules/debug': '/Users/fajar.mac/Documents/APG/REDESIGN LOGIN PAGE/bpr-bonding-app-29.05.26/node_modules/.debug-vNJkboFS',
268 silly reify   '/Users/fajar.mac/Documents/APG/REDESIGN LOGIN PAGE/bpr-bonding-app-29.05.26/node_modules/eastasianwidth': '/Users/fajar.mac/Documents/APG/REDESIGN LOGIN PAGE/bpr-bonding-app-29.05.26/node_modules/.eastasianwidth-IjNePCmy',
268 silly reify   '/Users/fajar.mac/Documents/APG/REDESIGN LOGIN PAGE/bpr-bonding-app-29.05.26/node_modules/electron-to-chromium': '/Users/fajar.mac/Documents/APG/REDESIGN LOGIN PAGE/bpr-bonding-app-29.05.26/node_modules/.electron-to-chromium-xRwiOmFc',
268 silly reify   '/Users/fajar.mac/Documents/APG/REDESIGN LOGIN PAGE/bpr-bonding-app-29.05.26/node_modules/emoji-regex': '/Users/fajar.mac/Documents/APG/REDESIGN LOGIN PAGE/bpr-bonding-app-29.05.26/node_modules/.emoji-regex-cM1hbWj4',
268 silly reify   '/Users/fajar.mac/Documents/APG/REDESIGN LOGIN PAGE/bpr-bonding-app-29.05.26/node_modules/eslint': '/Users/fajar.mac/Documents/APG/REDESIGN LOGIN PAGE/bpr-bonding-app-29.05.26/node_modules/.eslint-Lp4Lv2AM',
268 silly reify   '/Users/fajar.mac/Documents/APG/REDESIGN LOGIN PAGE/bpr-bonding-app-29.05.26/node_modules/fast-equals': '/Users/fajar.mac/Documents/APG/REDESIGN LOGIN PAGE/bpr-bonding-app-29.05.26/node_modules/.fast-equals-m9U0tWNn',
268 silly reify   '/Users/fajar.mac/Documents/APG/REDESIGN LOGIN PAGE/bpr-bonding-app-29.05.26/node_modules/fastq': '/Users/fajar.mac/Documents/APG/REDESIGN LOGIN PAGE/bpr-bonding-app-29.05.26/node_modules/.fastq-EBbocD3O',
268 silly reify   '/Users/fajar.mac/Documents/APG/REDESIGN LOGIN PAGE/bpr-bonding-app-29.05.26/node_modules/flatted': '/Users/fajar.mac/Documents/APG/REDESIGN LOGIN PAGE/bpr-bonding-app-29.05.26/node_modules/.flatted-rJbO6INs',
268 silly reify   '/Users/fajar.mac/Documents/APG/REDESIGN LOGIN PAGE/bpr-bonding-app-29.05.26/node_modules/follow-redirects': '/Users/fajar.mac/Documents/APG/REDESIGN LOGIN PAGE/bpr-bonding-app-29.05.26/node_modules/.follow-redirects-Ugc5tWtA',
268 silly reify   '/Users/fajar.mac/Documents/APG/REDESIGN LOGIN PAGE/bpr-bonding-app-29.05.26/node_modules/foreground-child': '/Users/fajar.mac/Documents/APG/REDESIGN LOGIN PAGE/bpr-bonding-app-29.05.26/node_modules/.foreground-child-dUjF700J',
268 silly reify   '/Users/fajar.mac/Documents/APG/REDESIGN LOGIN PAGE/bpr-bonding-app-29.05.26/node_modules/form-data': '/Users/fajar.mac/Documents/APG/REDESIGN LOGIN PAGE/bpr-bonding-app-29.05.26/node_modules/.form-data-fhH4VNBP',
268 silly reify   '/Users/fajar.mac/Documents/APG/REDESIGN LOGIN PAGE/bpr-bonding-app-29.05.26/node_modules/fraction.js': '/Users/fajar.mac/Documents/APG/REDESIGN LOGIN PAGE/bpr-bonding-app-29.05.26/node_modules/.fraction.js-je3RuVaC',
268 silly reify   '/Users/fajar.mac/Documents/APG/REDESIGN LOGIN PAGE/bpr-bonding-app-29.05.26/node_modules/get-east-asian-width': '/Users/fajar.mac/Documents/APG/REDESIGN LOGIN PAGE/bpr-bonding-app-29.05.26/node_modules/.get-east-asian-width-clHtLPCd',
268 silly reify   '/Users/fajar.mac/Documents/APG/REDESIGN LOGIN PAGE/bpr-bonding-app-29.05.26/node_modules/get-intrinsic': '/Users/fajar.mac/Documents/APG/REDESIGN LOGIN PAGE/bpr-bonding-app-29.05.26/node_modules/.get-intrinsic-ShsZ8jLU',
268 silly reify   '/Users/fajar.mac/Documents/APG/REDESIGN LOGIN PAGE/bpr-bonding-app-29.05.26/node_modules/glob': '/Users/fajar.mac/Documents/APG/REDESIGN LOGIN PAGE/bpr-bonding-app-29.05.26/node_modules/.glob-gw15oyCg',
268 silly reify   '/Users/fajar.mac/Documents/APG/REDESIGN LOGIN PAGE/bpr-bonding-app-29.05.26/node_modules/globals': '/Users/fajar.mac/Documents/APG/REDESIGN LOGIN PAGE/bpr-bonding-app-29.05.26/node_modules/.globals-8IehJigX',
268 silly reify   '/Users/fajar.mac/Documents/APG/REDESIGN LOGIN PAGE/bpr-bonding-app-29.05.26/node_modules/jackspeak': '/Users/fajar.mac/Documents/APG/REDESIGN LOGIN PAGE/bpr-bonding-app-29.05.26/node_modules/.jackspeak-vJdjbPIW',
268 silly reify   '/Users/fajar.mac/Documents/APG/REDESIGN LOGIN PAGE/bpr-bonding-app-29.05.26/node_modules/js-yaml': '/Users/fajar.mac/Documents/APG/REDESIGN LOGIN PAGE/bpr-bonding-app-29.05.26/node_modules/.js-yaml-DO98av3J',
268 silly reify   '/Users/fajar.mac/Documents/APG/REDESIGN LOGIN PAGE/bpr-bonding-app-29.05.26/node_modules/laravel-vite-plugin': '/Users/fajar.mac/Documents/APG/REDESIGN LOGIN PAGE/bpr-bonding-app-29.05.26/node_modules/.laravel-vite-plugin-9StlekDN',
268 silly reify   '/Users/fajar.mac/Documents/APG/REDESIGN LOGIN PAGE/bpr-bonding-app-29.05.26/node_modules/lint-staged': '/Users/fajar.mac/Documents/APG/REDESIGN LOGIN PAGE/bpr-bonding-app-29.05.26/node_modules/.lint-staged-imKHodCN',
268 silly reify   '/Users/fajar.mac/Documents/APG/REDESIGN LOGIN PAGE/bpr-bonding-app-29.05.26/node_modules/listr2': '/Users/fajar.mac/Documents/APG/REDESIGN LOGIN PAGE/bpr-bonding-app-29.05.26/node_modules/.listr2-j1b4w5cB',
268 silly reify   '/Users/fajar.mac/Documents/APG/REDESIGN LOGIN PAGE/bpr-bonding-app-29.05.26/node_modules/lodash-es': '/Users/fajar.mac/Documents/APG/REDESIGN LOGIN PAGE/bpr-bonding-app-29.05.26/node_modules/.lodash-es-e1OrmIa0',
268 silly reify   '/Users/fajar.mac/Documents/APG/REDESIGN LOGIN PAGE/bpr-bonding-app-29.05.26/node_modules/lodash.castarray': '/Users/fajar.mac/Documents/APG/REDESIGN LOGIN PAGE/bpr-bonding-app-29.05.26/node_modules/.lodash.castarray-P9q8dsPi',
268 silly reify   '/Users/fajar.mac/Documents/APG/REDESIGN LOGIN PAGE/bpr-bonding-app-29.05.26/node_modules/lodash.isplainobject': '/Users/fajar.mac/Documents/APG/REDESIGN LOGIN PAGE/bpr-bonding-app-29.05.26/node_modules/.lodash.isplainobject-uwyPuFJJ',
268 silly reify   '/Users/fajar.mac/Documents/APG/REDESIGN LOGIN PAGE/bpr-bonding-app-29.05.26/node_modules/marked': '/Users/fajar.mac/Documents/APG/REDESIGN LOGIN PAGE/bpr-bonding-app-29.05.26/node_modules/.marked-UzCsNTZV',
268 silly reify   '/Users/fajar.mac/Documents/APG/REDESIGN LOGIN PAGE/bpr-bonding-app-29.05.26/node_modules/minipass': '/Users/fajar.mac/Documents/APG/REDESIGN LOGIN PAGE/bpr-bonding-app-29.05.26/node_modules/.minipass-SPPzPOa9',
268 silly reify   '/Users/fajar.mac/Documents/APG/REDESIGN LOGIN PAGE/bpr-bonding-app-29.05.26/node_modules/mitt': '/Users/fajar.mac/Documents/APG/REDESIGN LOGIN PAGE/bpr-bonding-app-29.05.26/node_modules/.mitt-gnJShjpV',
268 silly reify   '/Users/fajar.mac/Documents/APG/REDESIGN LOGIN PAGE/bpr-bonding-app-29.05.26/node_modules/nanoid': '/Users/fajar.mac/Documents/APG/REDESIGN LOGIN PAGE/bpr-bonding-app-29.05.26/node_modules/.nanoid-ARfRP3sS',
268 silly reify   '/Users/fajar.mac/Documents/APG/REDESIGN LOGIN PAGE/bpr-bonding-app-29.05.26/node_modules/node-releases': '/Users/fajar.mac/Documents/APG/REDESIGN LOGIN PAGE/bpr-bonding-app-29.05.26/node_modules/.node-releases-j05UC5YC',
268 silly reify   '/Users/fajar.mac/Documents/APG/REDESIGN LOGIN PAGE/bpr-bonding-app-29.05.26/node_modules/nuqs': '/Users/fajar.mac/Documents/APG/REDESIGN LOGIN PAGE/bpr-bonding-app-29.05.26/node_modules/.nuqs-sGi4oC9n',
268 silly reify   '/Users/fajar.mac/Documents/APG/REDESIGN LOGIN PAGE/bpr-bonding-app-29.05.26/node_modules/object-inspect': '/Users/fajar.mac/Documents/APG/REDESIGN LOGIN PAGE/bpr-bonding-app-29.05.26/node_modules/.object-inspect-iUwh6XiP',
268 silly reify   '/Users/fajar.mac/Documents/APG/REDESIGN LOGIN PAGE/bpr-bonding-app-29.05.26/node_modules/package-json-from-dist': '/Users/fajar.mac/Documents/APG/REDESIGN LOGIN PAGE/bpr-bonding-app-29.05.26/node_modules/.package-json-from-dist-6Md8NOJb',
268 silly reify   '/Users/fajar.mac/Documents/APG/REDESIGN LOGIN PAGE/bpr-bonding-app-29.05.26/node_modules/path-scurry': '/Users/fajar.mac/Documents/APG/REDESIGN LOGIN PAGE/bpr-bonding-app-29.05.26/node_modules/.path-scurry-Q8FWmkIU',
268 silly reify   '/Users/fajar.mac/Documents/APG/REDESIGN LOGIN PAGE/bpr-bonding-app-29.05.26/node_modules/pirates': '/Users/fajar.mac/Documents/APG/REDESIGN LOGIN PAGE/bpr-bonding-app-29.05.26/node_modules/.pirates-tBvxnzTr',
268 silly reify   '/Users/fajar.mac/Documents/APG/REDESIGN LOGIN PAGE/bpr-bonding-app-29.05.26/node_modules/postcss': '/Users/fajar.mac/Documents/APG/REDESIGN LOGIN PAGE/bpr-bonding-app-29.05.26/node_modules/.postcss-n5Lw1st1',
268 silly reify   '/Users/fajar.mac/Documents/APG/REDESIGN LOGIN PAGE/bpr-bonding-app-29.05.26/node_modules/postcss-js': '/Users/fajar.mac/Documents/APG/REDESIGN LOGIN PAGE/bpr-bonding-app-29.05.26/node_modules/.postcss-js-YsWJXIKS',
268 silly reify   '/Users/fajar.mac/Documents/APG/REDESIGN LOGIN PAGE/bpr-bonding-app-29.05.26/node_modules/postcss-load-config': '/Users/fajar.mac/Documents/APG/REDESIGN LOGIN PAGE/bpr-bonding-app-29.05.26/node_modules/.postcss-load-config-ecp1ZdZK',
268 silly reify   '/Users/fajar.mac/Documents/APG/REDESIGN LOGIN PAGE/bpr-bonding-app-29.05.26/node_modules/prettier': '/Users/fajar.mac/Documents/APG/REDESIGN LOGIN PAGE/bpr-bonding-app-29.05.26/node_modules/.prettier-iMNRtZ9q',
268 silly reify   '/Users/fajar.mac/Documents/APG/REDESIGN LOGIN PAGE/bpr-bonding-app-29.05.26/node_modules/prettier-plugin-tailwindcss': '/Users/fajar.mac/Documents/APG/REDESIGN LOGIN PAGE/bpr-bonding-app-29.05.26/node_modules/.prettier-plugin-tailwindcss-dQM3qzml',
268 silly reify   '/Users/fajar.mac/Documents/APG/REDESIGN LOGIN PAGE/bpr-bonding-app-29.05.26/node_modules/react-currency-input-field': '/Users/fajar.mac/Documents/APG/REDESIGN LOGIN PAGE/bpr-bonding-app-29.05.26/node_modules/.react-currency-input-field-Rpnbw2EA',
268 silly reify   '/Users/fajar.mac/Documents/APG/REDESIGN LOGIN PAGE/bpr-bonding-app-29.05.26/node_modules/react-dropzone': '/Users/fajar.mac/Documents/APG/REDESIGN LOGIN PAGE/bpr-bonding-app-29.05.26/node_modules/.react-dropzone-oqlNCu6a',
268 silly reify   '/Users/fajar.mac/Documents/APG/REDESIGN LOGIN PAGE/bpr-bonding-app-29.05.26/node_modules/react-refresh': '/Users/fajar.mac/Documents/APG/REDESIGN LOGIN PAGE/bpr-bonding-app-29.05.26/node_modules/.react-refresh-YCKK9jVb',
268 silly reify   '/Users/fajar.mac/Documents/APG/REDESIGN LOGIN PAGE/bpr-bonding-app-29.05.26/node_modules/react-remove-scroll': '/Users/fajar.mac/Documents/APG/REDESIGN LOGIN PAGE/bpr-bonding-app-29.05.26/node_modules/.react-remove-scroll-C1ph1wQI',
268 silly reify   '/Users/fajar.mac/Documents/APG/REDESIGN LOGIN PAGE/bpr-bonding-app-29.05.26/node_modules/recharts': '/Users/fajar.mac/Documents/APG/REDESIGN LOGIN PAGE/bpr-bonding-app-29.05.26/node_modules/.recharts-cup2bElY',
268 silly reify   '/Users/fajar.mac/Documents/APG/REDESIGN LOGIN PAGE/bpr-bonding-app-29.05.26/node_modules/resolve': '/Users/fajar.mac/Documents/APG/REDESIGN LOGIN PAGE/bpr-bonding-app-29.05.26/node_modules/.resolve-iAqOr3i6',
268 silly reify   '/Users/fajar.mac/Documents/APG/REDESIGN LOGIN PAGE/bpr-bonding-app-29.05.26/node_modules/reusify': '/Users/fajar.mac/Documents/APG/REDESIGN LOGIN PAGE/bpr-bonding-app-29.05.26/node_modules/.reusify-9lfnOmHC',
268 silly reify   '/Users/fajar.mac/Documents/APG/REDESIGN LOGIN PAGE/bpr-bonding-app-29.05.26/node_modules/rollup': '/Users/fajar.mac/Documents/APG/REDESIGN LOGIN PAGE/bpr-bonding-app-29.05.26/node_modules/.rollup-m6yOtLlS',
268 silly reify   '/Users/fajar.mac/Documents/APG/REDESIGN LOGIN PAGE/bpr-bonding-app-29.05.26/node_modules/semver': '/Users/fajar.mac/Documents/APG/REDESIGN LOGIN PAGE/bpr-bonding-app-29.05.26/node_modules/.semver-1lzo58Wm',
268 silly reify   '/Users/fajar.mac/Documents/APG/REDESIGN LOGIN PAGE/bpr-bonding-app-29.05.26/node_modules/strip-ansi': '/Users/fajar.mac/Documents/APG/REDESIGN LOGIN PAGE/bpr-bonding-app-29.05.26/node_modules/.strip-ansi-vmp5MJWG',
268 silly reify   '/Users/fajar.mac/Documents/APG/REDESIGN LOGIN PAGE/bpr-bonding-app-29.05.26/node_modules/sucrase': '/Users/fajar.mac/Documents/APG/REDESIGN LOGIN PAGE/bpr-bonding-app-29.05.26/node_modules/.sucrase-qKt2daIi',
268 silly reify   '/Users/fajar.mac/Documents/APG/REDESIGN LOGIN PAGE/bpr-bonding-app-29.05.26/node_modules/tabbable': '/Users/fajar.mac/Documents/APG/REDESIGN LOGIN PAGE/bpr-bonding-app-29.05.26/node_modules/.tabbable-6V0mHSft',
268 silly reify   '/Users/fajar.mac/Documents/APG/REDESIGN LOGIN PAGE/bpr-bonding-app-29.05.26/node_modules/tailwindcss': '/Users/fajar.mac/Documents/APG/REDESIGN LOGIN PAGE/bpr-bonding-app-29.05.26/node_modules/.tailwindcss-0toBBIS5',
268 silly reify   '/Users/fajar.mac/Documents/APG/REDESIGN LOGIN PAGE/bpr-bonding-app-29.05.26/node_modules/tinymce': '/Users/fajar.mac/Documents/APG/REDESIGN LOGIN PAGE/bpr-bonding-app-29.05.26/node_modules/.tinymce-HROHSiZF',
268 silly reify   '/Users/fajar.mac/Documents/APG/REDESIGN LOGIN PAGE/bpr-bonding-app-29.05.26/node_modules/ts-api-utils': '/Users/fajar.mac/Documents/APG/REDESIGN LOGIN PAGE/bpr-bonding-app-29.05.26/node_modules/.ts-api-utils-IfbcGPgH',
268 silly reify   '/Users/fajar.mac/Documents/APG/REDESIGN LOGIN PAGE/bpr-bonding-app-29.05.26/node_modules/turndown': '/Users/fajar.mac/Documents/APG/REDESIGN LOGIN PAGE/bpr-bonding-app-29.05.26/node_modules/.turndown-xkDSjfiH',
268 silly reify   '/Users/fajar.mac/Documents/APG/REDESIGN LOGIN PAGE/bpr-bonding-app-29.05.26/node_modules/turndown-plugin-gfm': '/Users/fajar.mac/Documents/APG/REDESIGN LOGIN PAGE/bpr-bonding-app-29.05.26/node_modules/.turndown-plugin-gfm-hElj0Qyk',
268 silly reify   '/Users/fajar.mac/Documents/APG/REDESIGN LOGIN PAGE/bpr-bonding-app-29.05.26/node_modules/typescript': '/Users/fajar.mac/Documents/APG/REDESIGN LOGIN PAGE/bpr-bonding-app-29.05.26/node_modules/.typescript-R08kIeas',
268 silly reify   '/Users/fajar.mac/Documents/APG/REDESIGN LOGIN PAGE/bpr-bonding-app-29.05.26/node_modules/update-browserslist-db': '/Users/fajar.mac/Documents/APG/REDESIGN LOGIN PAGE/bpr-bonding-app-29.05.26/node_modules/.update-browserslist-db-wAAj39Vi',
268 silly reify   '/Users/fajar.mac/Documents/APG/REDESIGN LOGIN PAGE/bpr-bonding-app-29.05.26/node_modules/use-sync-external-store': '/Users/fajar.mac/Documents/APG/REDESIGN LOGIN PAGE/bpr-bonding-app-29.05.26/node_modules/.use-sync-external-store-p1HngTwF',
268 silly reify   '/Users/fajar.mac/Documents/APG/REDESIGN LOGIN PAGE/bpr-bonding-app-29.05.26/node_modules/vite': '/Users/fajar.mac/Documents/APG/REDESIGN LOGIN PAGE/bpr-bonding-app-29.05.26/node_modules/.vite-VP8Wv5N2',
268 silly reify   '/Users/fajar.mac/Documents/APG/REDESIGN LOGIN PAGE/bpr-bonding-app-29.05.26/node_modules/wrap-ansi': '/Users/fajar.mac/Documents/APG/REDESIGN LOGIN PAGE/bpr-bonding-app-29.05.26/node_modules/.wrap-ansi-kVO4PHfd',
268 silly reify   '/Users/fajar.mac/Documents/APG/REDESIGN LOGIN PAGE/bpr-bonding-app-29.05.26/node_modules/yaml': '/Users/fajar.mac/Documents/APG/REDESIGN LOGIN PAGE/bpr-bonding-app-29.05.26/node_modules/.yaml-CAN63tj8',
268 silly reify   '/Users/fajar.mac/Documents/APG/REDESIGN LOGIN PAGE/bpr-bonding-app-29.05.26/node_modules/@ampproject/remapping': '/Users/fajar.mac/Documents/APG/REDESIGN LOGIN PAGE/bpr-bonding-app-29.05.26/node_modules/@ampproject/.remapping-arb8Jz72',
268 silly reify   '/Users/fajar.mac/Documents/APG/REDESIGN LOGIN PAGE/bpr-bonding-app-29.05.26/node_modules/@babel/generator': '/Users/fajar.mac/Documents/APG/REDESIGN LOGIN PAGE/bpr-bonding-app-29.05.26/node_modules/@babel/.generator-exlGrT47',
268 silly reify   '/Users/fajar.mac/Documents/APG/REDESIGN LOGIN PAGE/bpr-bonding-app-29.05.26/node_modules/@babel/compat-data': '/Users/fajar.mac/Documents/APG/REDESIGN LOGIN PAGE/bpr-bonding-app-29.05.26/node_modules/@babel/.compat-data-7smV9pAu',
268 silly reify   '/Users/fajar.mac/Documents/APG/REDESIGN LOGIN PAGE/bpr-bonding-app-29.05.26/node_modules/@babel/core': '/Users/fajar.mac/Documents/APG/REDESIGN LOGIN PAGE/bpr-bonding-app-29.05.26/node_modules/@babel/.core-t8rlntAn',
268 silly reify   '/Users/fajar.mac/Documents/APG/REDESIGN LOGIN PAGE/bpr-bonding-app-29.05.26/node_modules/@babel/helper-compilation-targets': '/Users/fajar.mac/Documents/APG/REDESIGN LOGIN PAGE/bpr-bonding-app-29.05.26/node_modules/@babel/.helper-compilation-targets-50UWH7ni',
268 silly reify   '/Users/fajar.mac/Documents/APG/REDESIGN LOGIN PAGE/bpr-bonding-app-29.05.26/node_modules/@babel/helper-module-imports': '/Users/fajar.mac/Documents/APG/REDESIGN LOGIN PAGE/bpr-bonding-app-29.05.26/node_modules/@babel/.helper-module-imports-xzEkk6P4',
268 silly reify   '/Users/fajar.mac/Documents/APG/REDESIGN LOGIN PAGE/bpr-bonding-app-29.05.26/node_modules/@babel/helper-module-transforms': '/Users/fajar.mac/Documents/APG/REDESIGN LOGIN PAGE/bpr-bonding-app-29.05.26/node_modules/@babel/.helper-module-transforms-OKb9yaMn',
268 silly reify   '/Users/fajar.mac/Documents/APG/REDESIGN LOGIN PAGE/bpr-bonding-app-29.05.26/node_modules/@babel/helper-plugin-utils': '/Users/fajar.mac/Documents/APG/REDESIGN LOGIN PAGE/bpr-bonding-app-29.05.26/node_modules/@babel/.helper-plugin-utils-lSqAF5tR',
268 silly reify   '/Users/fajar.mac/Documents/APG/REDESIGN LOGIN PAGE/bpr-bonding-app-29.05.26/node_modules/@babel/helper-validator-identifier': '/Users/fajar.mac/Documents/APG/REDESIGN LOGIN PAGE/bpr-bonding-app-29.05.26/node_modules/@babel/.helper-validator-identifier-bIqPAhOz',
268 silly reify   '/Users/fajar.mac/Documents/APG/REDESIGN LOGIN PAGE/bpr-bonding-app-29.05.26/node_modules/@babel/helper-validator-option': '/Users/fajar.mac/Documents/APG/REDESIGN LOGIN PAGE/bpr-bonding-app-29.05.26/node_modules/@babel/.helper-validator-option-dtjv6C2Z',
268 silly reify   '/Users/fajar.mac/Documents/APG/REDESIGN LOGIN PAGE/bpr-bonding-app-29.05.26/node_modules/@babel/helpers': '/Users/fajar.mac/Documents/APG/REDESIGN LOGIN PAGE/bpr-bonding-app-29.05.26/node_modules/@babel/.helpers-BoD3tAdJ',
268 silly reify   '/Users/fajar.mac/Documents/APG/REDESIGN LOGIN PAGE/bpr-bonding-app-29.05.26/node_modules/@babel/parser': '/Users/fajar.mac/Documents/APG/REDESIGN LOGIN PAGE/bpr-bonding-app-29.05.26/node_modules/@babel/.parser-shqzcY2Q',
268 silly reify   '/Users/fajar.mac/Documents/APG/REDESIGN LOGIN PAGE/bpr-bonding-app-29.05.26/node_modules/@babel/plugin-transform-react-jsx-source': '/Users/fajar.mac/Documents/APG/REDESIGN LOGIN PAGE/bpr-bonding-app-29.05.26/node_modules/@babel/.plugin-transform-react-jsx-source-FgRKKHLt',
268 silly reify   '/Users/fajar.mac/Documents/APG/REDESIGN LOGIN PAGE/bpr-bonding-app-29.05.26/node_modules/@babel/plugin-transform-react-jsx-self': '/Users/fajar.mac/Documents/APG/REDESIGN LOGIN PAGE/bpr-bonding-app-29.05.26/node_modules/@babel/.plugin-transform-react-jsx-self-e73ggTD1',
268 silly reify   '/Users/fajar.mac/Documents/APG/REDESIGN LOGIN PAGE/bpr-bonding-app-29.05.26/node_modules/@babel/runtime': '/Users/fajar.mac/Documents/APG/REDESIGN LOGIN PAGE/bpr-bonding-app-29.05.26/node_modules/@babel/.runtime-XTdXg2DL',
268 silly reify   '/Users/fajar.mac/Documents/APG/REDESIGN LOGIN PAGE/bpr-bonding-app-29.05.26/node_modules/@babel/traverse': '/Users/fajar.mac/Documents/APG/REDESIGN LOGIN PAGE/bpr-bonding-app-29.05.26/node_modules/@babel/.traverse-yyKwZlBb',
268 silly reify   '/Users/fajar.mac/Documents/APG/REDESIGN LOGIN PAGE/bpr-bonding-app-29.05.26/node_modules/@babel/types': '/Users/fajar.mac/Documents/APG/REDESIGN LOGIN PAGE/bpr-bonding-app-29.05.26/node_modules/@babel/.types-b2trXNsh',
268 silly reify   '/Users/fajar.mac/Documents/APG/REDESIGN LOGIN PAGE/bpr-bonding-app-29.05.26/node_modules/@ckeditor/ckeditor5-adapter-ckfinder': '/Users/fajar.mac/Documents/APG/REDESIGN LOGIN PAGE/bpr-bonding-app-29.05.26/node_modules/@ckeditor/.ckeditor5-adapter-ckfinder-6NSxAmxY',
268 silly reify   '/Users/fajar.mac/Documents/APG/REDESIGN LOGIN PAGE/bpr-bonding-app-29.05.26/node_modules/@ckeditor/ckeditor5-alignment': '/Users/fajar.mac/Documents/APG/REDESIGN LOGIN PAGE/bpr-bonding-app-29.05.26/node_modules/@ckeditor/.ckeditor5-alignment-HfgEGSqR',
268 silly reify   '/Users/fajar.mac/Documents/APG/REDESIGN LOGIN PAGE/bpr-bonding-app-29.05.26/node_modules/@ckeditor/ckeditor5-autoformat': '/Users/fajar.mac/Documents/APG/REDESIGN LOGIN PAGE/bpr-bonding-app-29.05.26/node_modules/@ckeditor/.ckeditor5-autoformat-bvnhwZiK',
268 silly reify   '/Users/fajar.mac/Documents/APG/REDESIGN LOGIN PAGE/bpr-bonding-app-29.05.26/node_modules/@ckeditor/ckeditor5-autosave': '/Users/fajar.mac/Documents/APG/REDESIGN LOGIN PAGE/bpr-bonding-app-29.05.26/node_modules/@ckeditor/.ckeditor5-autosave-7051MLL6',
268 silly reify   '/Users/fajar.mac/Documents/APG/REDESIGN LOGIN PAGE/bpr-bonding-app-29.05.26/node_modules/@ckeditor/ckeditor5-basic-styles': '/Users/fajar.mac/Documents/APG/REDESIGN LOGIN PAGE/bpr-bonding-app-29.05.26/node_modules/@ckeditor/.ckeditor5-basic-styles-P8SORyCB',
268 silly reify   '/Users/fajar.mac/Documents/APG/REDESIGN LOGIN PAGE/bpr-bonding-app-29.05.26/node_modules/@ckeditor/ckeditor5-block-quote': '/Users/fajar.mac/Documents/APG/REDESIGN LOGIN PAGE/bpr-bonding-app-29.05.26/node_modules/@ckeditor/.ckeditor5-block-quote-eayyTen7',
268 silly reify   '/Users/fajar.mac/Documents/APG/REDESIGN LOGIN PAGE/bpr-bonding-app-29.05.26/node_modules/@ckeditor/ckeditor5-bookmark': '/Users/fajar.mac/Documents/APG/REDESIGN LOGIN PAGE/bpr-bonding-app-29.05.26/node_modules/@ckeditor/.ckeditor5-bookmark-j6zeNw0R',
268 silly reify   '/Users/fajar.mac/Documents/APG/REDESIGN LOGIN PAGE/bpr-bonding-app-29.05.26/node_modules/@ckeditor/ckeditor5-ckbox': '/Users/fajar.mac/Documents/APG/REDESIGN LOGIN PAGE/bpr-bonding-app-29.05.26/node_modules/@ckeditor/.ckeditor5-ckbox-Y25z2vxY',
268 silly reify   '/Users/fajar.mac/Documents/APG/REDESIGN LOGIN PAGE/bpr-bonding-app-29.05.26/node_modules/@ckeditor/ckeditor5-ckfinder': '/Users/fajar.mac/Documents/APG/REDESIGN LOGIN PAGE/bpr-bonding-app-29.05.26/node_modules/@ckeditor/.ckeditor5-ckfinder-MsfJnYEr',
268 silly reify   '/Users/fajar.mac/Documents/APG/REDESIGN LOGIN PAGE/bpr-bonding-app-29.05.26/node_modules/@ckeditor/ckeditor5-clipboard': '/Users/fajar.mac/Documents/APG/REDESIGN LOGIN PAGE/bpr-bonding-app-29.05.26/node_modules/@ckeditor/.ckeditor5-clipboard-nMHED2EX',
268 silly reify   '/Users/fajar.mac/Documents/APG/REDESIGN LOGIN PAGE/bpr-bonding-app-29.05.26/node_modules/@ckeditor/ckeditor5-cloud-services': '/Users/fajar.mac/Documents/APG/REDESIGN LOGIN PAGE/bpr-bonding-app-29.05.26/node_modules/@ckeditor/.ckeditor5-cloud-services-I7SG3F62',
268 silly reify   '/Users/fajar.mac/Documents/APG/REDESIGN LOGIN PAGE/bpr-bonding-app-29.05.26/node_modules/@ckeditor/ckeditor5-code-block': '/Users/fajar.mac/Documents/APG/REDESIGN LOGIN PAGE/bpr-bonding-app-29.05.26/node_modules/@ckeditor/.ckeditor5-code-block-opCgNls2',
268 silly reify   '/Users/fajar.mac/Documents/APG/REDESIGN LOGIN PAGE/bpr-bonding-app-29.05.26/node_modules/@ckeditor/ckeditor5-core': '/Users/fajar.mac/Documents/APG/REDESIGN LOGIN PAGE/bpr-bonding-app-29.05.26/node_modules/@ckeditor/.ckeditor5-core-3guWAn32',
268 silly reify   '/Users/fajar.mac/Documents/APG/REDESIGN LOGIN PAGE/bpr-bonding-app-29.05.26/node_modules/@ckeditor/ckeditor5-easy-image': '/Users/fajar.mac/Documents/APG/REDESIGN LOGIN PAGE/bpr-bonding-app-29.05.26/node_modules/@ckeditor/.ckeditor5-easy-image-jx9MimVH',
268 silly reify   '/Users/fajar.mac/Documents/APG/REDESIGN LOGIN PAGE/bpr-bonding-app-29.05.26/node_modules/@ckeditor/ckeditor5-editor-balloon': '/Users/fajar.mac/Documents/APG/REDESIGN LOGIN PAGE/bpr-bonding-app-29.05.26/node_modules/@ckeditor/.ckeditor5-editor-balloon-TxcauQk1',
268 silly reify   '/Users/fajar.mac/Documents/APG/REDESIGN LOGIN PAGE/bpr-bonding-app-29.05.26/node_modules/@ckeditor/ckeditor5-editor-classic': '/Users/fajar.mac/Documents/APG/REDESIGN LOGIN PAGE/bpr-bonding-app-29.05.26/node_modules/@ckeditor/.ckeditor5-editor-classic-5omNpAIF',
268 silly reify   '/Users/fajar.mac/Documents/APG/REDESIGN LOGIN PAGE/bpr-bonding-app-29.05.26/node_modules/@ckeditor/ckeditor5-editor-decoupled': '/Users/fajar.mac/Documents/APG/REDESIGN LOGIN PAGE/bpr-bonding-app-29.05.26/node_modules/@ckeditor/.ckeditor5-editor-decoupled-0rf1CTLf',
268 silly reify   '/Users/fajar.mac/Documents/APG/REDESIGN LOGIN PAGE/bpr-bonding-app-29.05.26/node_modules/@ckeditor/ckeditor5-editor-inline': '/Users/fajar.mac/Documents/APG/REDESIGN LOGIN PAGE/bpr-bonding-app-29.05.26/node_modules/@ckeditor/.ckeditor5-editor-inline-NwuUkQ2r',
268 silly reify   '/Users/fajar.mac/Documents/APG/REDESIGN LOGIN PAGE/bpr-bonding-app-29.05.26/node_modules/@ckeditor/ckeditor5-editor-multi-root': '/Users/fajar.mac/Documents/APG/REDESIGN LOGIN PAGE/bpr-bonding-app-29.05.26/node_modules/@ckeditor/.ckeditor5-editor-multi-root-TtW4SW4B',
268 silly reify   '/Users/fajar.mac/Documents/APG/REDESIGN LOGIN PAGE/bpr-bonding-app-29.05.26/node_modules/@ckeditor/ckeditor5-engine': '/Users/fajar.mac/Documents/APG/REDESIGN LOGIN PAGE/bpr-bonding-app-29.05.26/node_modules/@ckeditor/.ckeditor5-engine-DHbauNP1',
268 silly reify   '/Users/fajar.mac/Documents/APG/REDESIGN LOGIN PAGE/bpr-bonding-app-29.05.26/node_modules/@ckeditor/ckeditor5-enter': '/Users/fajar.mac/Documents/APG/REDESIGN LOGIN PAGE/bpr-bonding-app-29.05.26/node_modules/@ckeditor/.ckeditor5-enter-QhbCOtQ5',
268 silly reify   '/Users/fajar.mac/Documents/APG/REDESIGN LOGIN PAGE/bpr-bonding-app-29.05.26/node_modules/@ckeditor/ckeditor5-find-and-replace': '/Users/fajar.mac/Documents/APG/REDESIGN LOGIN PAGE/bpr-bonding-app-29.05.26/node_modules/@ckeditor/.ckeditor5-find-and-replace-ROBLlCbt',
268 silly reify   '/Users/fajar.mac/Documents/APG/REDESIGN LOGIN PAGE/bpr-bonding-app-29.05.26/node_modules/@ckeditor/ckeditor5-essentials': '/Users/fajar.mac/Documents/APG/REDESIGN LOGIN PAGE/bpr-bonding-app-29.05.26/node_modules/@ckeditor/.ckeditor5-essentials-uCB7jv6O',
268 silly reify   '/Users/fajar.mac/Documents/APG/REDESIGN LOGIN PAGE/bpr-bonding-app-29.05.26/node_modules/@ckeditor/ckeditor5-font': '/Users/fajar.mac/Documents/APG/REDESIGN LOGIN PAGE/bpr-bonding-app-29.05.26/node_modules/@ckeditor/.ckeditor5-font-qbivQTu7',
268 silly reify   '/Users/fajar.mac/Documents/APG/REDESIGN LOGIN PAGE/bpr-bonding-app-29.05.26/node_modules/@ckeditor/ckeditor5-heading': '/Users/fajar.mac/Documents/APG/REDESIGN LOGIN PAGE/bpr-bonding-app-29.05.26/node_modules/@ckeditor/.ckeditor5-heading-iwp8EPJm',
268 silly reify   '/Users/fajar.mac/Documents/APG/REDESIGN LOGIN PAGE/bpr-bonding-app-29.05.26/node_modules/@ckeditor/ckeditor5-highlight': '/Users/fajar.mac/Documents/APG/REDESIGN LOGIN PAGE/bpr-bonding-app-29.05.26/node_modules/@ckeditor/.ckeditor5-highlight-6LmDXmpm',
268 silly reify   '/Users/fajar.mac/Documents/APG/REDESIGN LOGIN PAGE/bpr-bonding-app-29.05.26/node_modules/@ckeditor/ckeditor5-horizontal-line': '/Users/fajar.mac/Documents/APG/REDESIGN LOGIN PAGE/bpr-bonding-app-29.05.26/node_modules/@ckeditor/.ckeditor5-horizontal-line-6GYXDFM4',
268 silly reify   '/Users/fajar.mac/Documents/APG/REDESIGN LOGIN PAGE/bpr-bonding-app-29.05.26/node_modules/@ckeditor/ckeditor5-html-embed': '/Users/fajar.mac/Documents/APG/REDESIGN LOGIN PAGE/bpr-bonding-app-29.05.26/node_modules/@ckeditor/.ckeditor5-html-embed-2I634WQI',
268 silly reify   '/Users/fajar.mac/Documents/APG/REDESIGN LOGIN PAGE/bpr-bonding-app-29.05.26/node_modules/@ckeditor/ckeditor5-html-support': '/Users/fajar.mac/Documents/APG/REDESIGN LOGIN PAGE/bpr-bonding-app-29.05.26/node_modules/@ckeditor/.ckeditor5-html-support-PhSUxgyE',
268 silly reify   '/Users/fajar.mac/Documents/APG/REDESIGN LOGIN PAGE/bpr-bonding-app-29.05.26/node_modules/@ckeditor/ckeditor5-image': '/Users/fajar.mac/Documents/APG/REDESIGN LOGIN PAGE/bpr-bonding-app-29.05.26/node_modules/@ckeditor/.ckeditor5-image-BhGqR7g0',
268 silly reify   '/Users/fajar.mac/Documents/APG/REDESIGN LOGIN PAGE/bpr-bonding-app-29.05.26/node_modules/@ckeditor/ckeditor5-indent': '/Users/fajar.mac/Documents/APG/REDESIGN LOGIN PAGE/bpr-bonding-app-29.05.26/node_modules/@ckeditor/.ckeditor5-indent-kZxzgboj',
268 silly reify   '/Users/fajar.mac/Documents/APG/REDESIGN LOGIN PAGE/bpr-bonding-app-29.05.26/node_modules/@ckeditor/ckeditor5-integrations-common': '/Users/fajar.mac/Documents/APG/REDESIGN LOGIN PAGE/bpr-bonding-app-29.05.26/node_modules/@ckeditor/.ckeditor5-integrations-common-NW1bJvAn',
268 silly reify   '/Users/fajar.mac/Documents/APG/REDESIGN LOGIN PAGE/bpr-bonding-app-29.05.26/node_modules/@ckeditor/ckeditor5-language': '/Users/fajar.mac/Documents/APG/REDESIGN LOGIN PAGE/bpr-bonding-app-29.05.26/node_modules/@ckeditor/.ckeditor5-language-YuGKXTI1',
268 silly reify   '/Users/fajar.mac/Documents/APG/REDESIGN LOGIN PAGE/bpr-bonding-app-29.05.26/node_modules/@ckeditor/ckeditor5-link': '/Users/fajar.mac/Documents/APG/REDESIGN LOGIN PAGE/bpr-bonding-app-29.05.26/node_modules/@ckeditor/.ckeditor5-link-gpwIdzQV',
268 silly reify   '/Users/fajar.mac/Documents/APG/REDESIGN LOGIN PAGE/bpr-bonding-app-29.05.26/node_modules/@ckeditor/ckeditor5-list': '/Users/fajar.mac/Documents/APG/REDESIGN LOGIN PAGE/bpr-bonding-app-29.05.26/node_modules/@ckeditor/.ckeditor5-list-hcmyPWaR',
268 silly reify   '/Users/fajar.mac/Documents/APG/REDESIGN LOGIN PAGE/bpr-bonding-app-29.05.26/node_modules/@ckeditor/ckeditor5-markdown-gfm': '/Users/fajar.mac/Documents/APG/REDESIGN LOGIN PAGE/bpr-bonding-app-29.05.26/node_modules/@ckeditor/.ckeditor5-markdown-gfm-4MzrAIo5',
268 silly reify   '/Users/fajar.mac/Documents/APG/REDESIGN LOGIN PAGE/bpr-bonding-app-29.05.26/node_modules/@ckeditor/ckeditor5-media-embed': '/Users/fajar.mac/Documents/APG/REDESIGN LOGIN PAGE/bpr-bonding-app-29.05.26/node_modules/@ckeditor/.ckeditor5-media-embed-A4lPjh14',
268 silly reify   '/Users/fajar.mac/Documents/APG/REDESIGN LOGIN PAGE/bpr-bonding-app-29.05.26/node_modules/@ckeditor/ckeditor5-mention': '/Users/fajar.mac/Documents/APG/REDESIGN LOGIN PAGE/bpr-bonding-app-29.05.26/node_modules/@ckeditor/.ckeditor5-mention-mqvf7y69',
268 silly reify   '/Users/fajar.mac/Documents/APG/REDESIGN LOGIN PAGE/bpr-bonding-app-29.05.26/node_modules/@ckeditor/ckeditor5-minimap': '/Users/fajar.mac/Documents/APG/REDESIGN LOGIN PAGE/bpr-bonding-app-29.05.26/node_modules/@ckeditor/.ckeditor5-minimap-7prA1EzV',
268 silly reify   '/Users/fajar.mac/Documents/APG/REDESIGN LOGIN PAGE/bpr-bonding-app-29.05.26/node_modules/@ckeditor/ckeditor5-page-break': '/Users/fajar.mac/Documents/APG/REDESIGN LOGIN PAGE/bpr-bonding-app-29.05.26/node_modules/@ckeditor/.ckeditor5-page-break-AF2W46QV',
268 silly reify   '/Users/fajar.mac/Documents/APG/REDESIGN LOGIN PAGE/bpr-bonding-app-29.05.26/node_modules/@ckeditor/ckeditor5-paragraph': '/Users/fajar.mac/Documents/APG/REDESIGN LOGIN PAGE/bpr-bonding-app-29.05.26/node_modules/@ckeditor/.ckeditor5-paragraph-BL7Yfts4',
268 silly reify   '/Users/fajar.mac/Documents/APG/REDESIGN LOGIN PAGE/bpr-bonding-app-29.05.26/node_modules/@ckeditor/ckeditor5-paste-from-office': '/Users/fajar.mac/Documents/APG/REDESIGN LOGIN PAGE/bpr-bonding-app-29.05.26/node_modules/@ckeditor/.ckeditor5-paste-from-office-R32Seh2S',
268 silly reify   '/Users/fajar.mac/Documents/APG/REDESIGN LOGIN PAGE/bpr-bonding-app-29.05.26/node_modules/@ckeditor/ckeditor5-react': '/Users/fajar.mac/Documents/APG/REDESIGN LOGIN PAGE/bpr-bonding-app-29.05.26/node_modules/@ckeditor/.ckeditor5-react-UvSjMh5I',
268 silly reify   '/Users/fajar.mac/Documents/APG/REDESIGN LOGIN PAGE/bpr-bonding-app-29.05.26/node_modules/@ckeditor/ckeditor5-remove-format': '/Users/fajar.mac/Documents/APG/REDESIGN LOGIN PAGE/bpr-bonding-app-29.05.26/node_modules/@ckeditor/.ckeditor5-remove-format-XPbLOEpl',
268 silly reify   '/Users/fajar.mac/Documents/APG/REDESIGN LOGIN PAGE/bpr-bonding-app-29.05.26/node_modules/@ckeditor/ckeditor5-restricted-editing': '/Users/fajar.mac/Documents/APG/REDESIGN LOGIN PAGE/bpr-bonding-app-29.05.26/node_modules/@ckeditor/.ckeditor5-restricted-editing-s6mLyygP',
268 silly reify   '/Users/fajar.mac/Documents/APG/REDESIGN LOGIN PAGE/bpr-bonding-app-29.05.26/node_modules/@ckeditor/ckeditor5-select-all': '/Users/fajar.mac/Documents/APG/REDESIGN LOGIN PAGE/bpr-bonding-app-29.05.26/node_modules/@ckeditor/.ckeditor5-select-all-Ux4ekcAt',
268 silly reify   '/Users/fajar.mac/Documents/APG/REDESIGN LOGIN PAGE/bpr-bonding-app-29.05.26/node_modules/@ckeditor/ckeditor5-show-blocks': '/Users/fajar.mac/Documents/APG/REDESIGN LOGIN PAGE/bpr-bonding-app-29.05.26/node_modules/@ckeditor/.ckeditor5-show-blocks-CEwgiQ7u',
268 silly reify   '/Users/fajar.mac/Documents/APG/REDESIGN LOGIN PAGE/bpr-bonding-app-29.05.26/node_modules/@ckeditor/ckeditor5-source-editing': '/Users/fajar.mac/Documents/APG/REDESIGN LOGIN PAGE/bpr-bonding-app-29.05.26/node_modules/@ckeditor/.ckeditor5-source-editing-hLTenhZ7',
268 silly reify   '/Users/fajar.mac/Documents/APG/REDESIGN LOGIN PAGE/bpr-bonding-app-29.05.26/node_modules/@ckeditor/ckeditor5-special-characters': '/Users/fajar.mac/Documents/APG/REDESIGN LOGIN PAGE/bpr-bonding-app-29.05.26/node_modules/@ckeditor/.ckeditor5-special-characters-RNyIhESb',
268 silly reify   '/Users/fajar.mac/Documents/APG/REDESIGN LOGIN PAGE/bpr-bonding-app-29.05.26/node_modules/@ckeditor/ckeditor5-style': '/Users/fajar.mac/Documents/APG/REDESIGN LOGIN PAGE/bpr-bonding-app-29.05.26/node_modules/@ckeditor/.ckeditor5-style-JJbNWnb1',
268 silly reify   '/Users/fajar.mac/Documents/APG/REDESIGN LOGIN PAGE/bpr-bonding-app-29.05.26/node_modules/@ckeditor/ckeditor5-table': '/Users/fajar.mac/Documents/APG/REDESIGN LOGIN PAGE/bpr-bonding-app-29.05.26/node_modules/@ckeditor/.ckeditor5-table-BICjHgrg',
268 silly reify   '/Users/fajar.mac/Documents/APG/REDESIGN LOGIN PAGE/bpr-bonding-app-29.05.26/node_modules/@ckeditor/ckeditor5-theme-lark': '/Users/fajar.mac/Documents/APG/REDESIGN LOGIN PAGE/bpr-bonding-app-29.05.26/node_modules/@ckeditor/.ckeditor5-theme-lark-hkG5QeOU',
268 silly reify   '/Users/fajar.mac/Documents/APG/REDESIGN LOGIN PAGE/bpr-bonding-app-29.05.26/node_modules/@ckeditor/ckeditor5-typing': '/Users/fajar.mac/Documents/APG/REDESIGN LOGIN PAGE/bpr-bonding-app-29.05.26/node_modules/@ckeditor/.ckeditor5-typing-cPKfVh6B',
268 silly reify   '/Users/fajar.mac/Documents/APG/REDESIGN LOGIN PAGE/bpr-bonding-app-29.05.26/node_modules/@ckeditor/ckeditor5-ui': '/Users/fajar.mac/Documents/APG/REDESIGN LOGIN PAGE/bpr-bonding-app-29.05.26/node_modules/@ckeditor/.ckeditor5-ui-yNoww9mf',
268 silly reify   '/Users/fajar.mac/Documents/APG/REDESIGN LOGIN PAGE/bpr-bonding-app-29.05.26/node_modules/@ckeditor/ckeditor5-undo': '/Users/fajar.mac/Documents/APG/REDESIGN LOGIN PAGE/bpr-bonding-app-29.05.26/node_modules/@ckeditor/.ckeditor5-undo-vHfngP5k',
268 silly reify   '/Users/fajar.mac/Documents/APG/REDESIGN LOGIN PAGE/bpr-bonding-app-29.05.26/node_modules/@ckeditor/ckeditor5-upload': '/Users/fajar.mac/Documents/APG/REDESIGN LOGIN PAGE/bpr-bonding-app-29.05.26/node_modules/@ckeditor/.ckeditor5-upload-yHgF39sn',
268 silly reify   '/Users/fajar.mac/Documents/APG/REDESIGN LOGIN PAGE/bpr-bonding-app-29.05.26/node_modules/@ckeditor/ckeditor5-utils': '/Users/fajar.mac/Documents/APG/REDESIGN LOGIN PAGE/bpr-bonding-app-29.05.26/node_modules/@ckeditor/.ckeditor5-utils-kzvudAZf',
268 silly reify   '/Users/fajar.mac/Documents/APG/REDESIGN LOGIN PAGE/bpr-bonding-app-29.05.26/node_modules/@ckeditor/ckeditor5-watchdog': '/Users/fajar.mac/Documents/APG/REDESIGN LOGIN PAGE/bpr-bonding-app-29.05.26/node_modules/@ckeditor/.ckeditor5-watchdog-NXkq6qVI',
268 silly reify   '/Users/fajar.mac/Documents/APG/REDESIGN LOGIN PAGE/bpr-bonding-app-29.05.26/node_modules/@ckeditor/ckeditor5-widget': '/Users/fajar.mac/Documents/APG/REDESIGN LOGIN PAGE/bpr-bonding-app-29.05.26/node_modules/@ckeditor/.ckeditor5-widget-EFYqR2gU',
268 silly reify   '/Users/fajar.mac/Documents/APG/REDESIGN LOGIN PAGE/bpr-bonding-app-29.05.26/node_modules/@ckeditor/ckeditor5-word-count': '/Users/fajar.mac/Documents/APG/REDESIGN LOGIN PAGE/bpr-bonding-app-29.05.26/node_modules/@ckeditor/.ckeditor5-word-count-ty2BQ5cm',
268 silly reify   '/Users/fajar.mac/Documents/APG/REDESIGN LOGIN PAGE/bpr-bonding-app-29.05.26/node_modules/@eslint/config-array': '/Users/fajar.mac/Documents/APG/REDESIGN LOGIN PAGE/bpr-bonding-app-29.05.26/node_modules/@eslint/.config-array-B8MZcIVS',
268 silly reify   '/Users/fajar.mac/Documents/APG/REDESIGN LOGIN PAGE/bpr-bonding-app-29.05.26/node_modules/@eslint/config-helpers': '/Users/fajar.mac/Documents/APG/REDESIGN LOGIN PAGE/bpr-bonding-app-29.05.26/node_modules/@eslint/.config-helpers-SNPq6iCX',
268 silly reify   '/Users/fajar.mac/Documents/APG/REDESIGN LOGIN PAGE/bpr-bonding-app-29.05.26/node_modules/@eslint/core': '/Users/fajar.mac/Documents/APG/REDESIGN LOGIN PAGE/bpr-bonding-app-29.05.26/node_modules/@eslint/.core-dt4YhOkP',
268 silly reify   '/Users/fajar.mac/Documents/APG/REDESIGN LOGIN PAGE/bpr-bonding-app-29.05.26/node_modules/@eslint/eslintrc': '/Users/fajar.mac/Documents/APG/REDESIGN LOGIN PAGE/bpr-bonding-app-29.05.26/node_modules/@eslint/.eslintrc-7tDKPX9d',
268 silly reify   '/Users/fajar.mac/Documents/APG/REDESIGN LOGIN PAGE/bpr-bonding-app-29.05.26/node_modules/@eslint/js': '/Users/fajar.mac/Documents/APG/REDESIGN LOGIN PAGE/bpr-bonding-app-29.05.26/node_modules/@eslint/.js-wSfokaaL',
268 silly reify   '/Users/fajar.mac/Documents/APG/REDESIGN LOGIN PAGE/bpr-bonding-app-29.05.26/node_modules/@eslint/object-schema': '/Users/fajar.mac/Documents/APG/REDESIGN LOGIN PAGE/bpr-bonding-app-29.05.26/node_modules/@eslint/.object-schema-cMIwfEvk',
268 silly reify   '/Users/fajar.mac/Documents/APG/REDESIGN LOGIN PAGE/bpr-bonding-app-29.05.26/node_modules/@eslint/plugin-kit': '/Users/fajar.mac/Documents/APG/REDESIGN LOGIN PAGE/bpr-bonding-app-29.05.26/node_modules/@eslint/.plugin-kit-6sVb4JYO',
268 silly reify   '/Users/fajar.mac/Documents/APG/REDESIGN LOGIN PAGE/bpr-bonding-app-29.05.26/node_modules/@eslint-community/eslint-utils': '/Users/fajar.mac/Documents/APG/REDESIGN LOGIN PAGE/bpr-bonding-app-29.05.26/node_modules/@eslint-community/.eslint-utils-Z1w3J05V',
268 silly reify   '/Users/fajar.mac/Documents/APG/REDESIGN LOGIN PAGE/bpr-bonding-app-29.05.26/node_modules/@eslint-community/regexpp': '/Users/fajar.mac/Documents/APG/REDESIGN LOGIN PAGE/bpr-bonding-app-29.05.26/node_modules/@eslint-community/.regexpp-gRaCa3i6',
268 silly reify   '/Users/fajar.mac/Documents/APG/REDESIGN LOGIN PAGE/bpr-bonding-app-29.05.26/node_modules/@floating-ui/core': '/Users/fajar.mac/Documents/APG/REDESIGN LOGIN PAGE/bpr-bonding-app-29.05.26/node_modules/@floating-ui/.core-yEV1zbwG',
268 silly reify   '/Users/fajar.mac/Documents/APG/REDESIGN LOGIN PAGE/bpr-bonding-app-29.05.26/node_modules/@floating-ui/dom': '/Users/fajar.mac/Documents/APG/REDESIGN LOGIN PAGE/bpr-bonding-app-29.05.26/node_modules/@floating-ui/.dom-40Qyd1s2',
268 silly reify   '/Users/fajar.mac/Documents/APG/REDESIGN LOGIN PAGE/bpr-bonding-app-29.05.26/node_modules/@floating-ui/react-dom': '/Users/fajar.mac/Documents/APG/REDESIGN LOGIN PAGE/bpr-bonding-app-29.05.26/node_modules/@floating-ui/.react-dom-XDmQdLH4',
268 silly reify   '/Users/fajar.mac/Documents/APG/REDESIGN LOGIN PAGE/bpr-bonding-app-29.05.26/node_modules/@floating-ui/utils': '/Users/fajar.mac/Documents/APG/REDESIGN LOGIN PAGE/bpr-bonding-app-29.05.26/node_modules/@floating-ui/.utils-VW6eFKZk',
268 silly reify   '/Users/fajar.mac/Documents/APG/REDESIGN LOGIN PAGE/bpr-bonding-app-29.05.26/node_modules/@headlessui/react': '/Users/fajar.mac/Documents/APG/REDESIGN LOGIN PAGE/bpr-bonding-app-29.05.26/node_modules/@headlessui/.react-8tg16lhi',
268 silly reify   '/Users/fajar.mac/Documents/APG/REDESIGN LOGIN PAGE/bpr-bonding-app-29.05.26/node_modules/@humanfs/node': '/Users/fajar.mac/Documents/APG/REDESIGN LOGIN PAGE/bpr-bonding-app-29.05.26/node_modules/@humanfs/.node-7qNXAiKt',
268 silly reify   '/Users/fajar.mac/Documents/APG/REDESIGN LOGIN PAGE/bpr-bonding-app-29.05.26/node_modules/@ianvs/prettier-plugin-sort-imports': '/Users/fajar.mac/Documents/APG/REDESIGN LOGIN PAGE/bpr-bonding-app-29.05.26/node_modules/@ianvs/.prettier-plugin-sort-imports-2v5OUaLP',
268 silly reify   '/Users/fajar.mac/Documents/APG/REDESIGN LOGIN PAGE/bpr-bonding-app-29.05.26/node_modules/@isaacs/cliui': '/Users/fajar.mac/Documents/APG/REDESIGN LOGIN PAGE/bpr-bonding-app-29.05.26/node_modules/@isaacs/.cliui-kDlC3CE4',
268 silly reify   '/Users/fajar.mac/Documents/APG/REDESIGN LOGIN PAGE/bpr-bonding-app-29.05.26/node_modules/@jridgewell/gen-mapping': '/Users/fajar.mac/Documents/APG/REDESIGN LOGIN PAGE/bpr-bonding-app-29.05.26/node_modules/@jridgewell/.gen-mapping-e2QZBzn2',
268 silly reify   '/Users/fajar.mac/Documents/APG/REDESIGN LOGIN PAGE/bpr-bonding-app-29.05.26/node_modules/@jridgewell/set-array': '/Users/fajar.mac/Documents/APG/REDESIGN LOGIN PAGE/bpr-bonding-app-29.05.26/node_modules/@jridgewell/.set-array-0DJcvtW6',
268 silly reify   '/Users/fajar.mac/Documents/APG/REDESIGN LOGIN PAGE/bpr-bonding-app-29.05.26/node_modules/@jridgewell/sourcemap-codec': '/Users/fajar.mac/Documents/APG/REDESIGN LOGIN PAGE/bpr-bonding-app-29.05.26/node_modules/@jridgewell/.sourcemap-codec-j8Uceojr',
268 silly reify   '/Users/fajar.mac/Documents/APG/REDESIGN LOGIN PAGE/bpr-bonding-app-29.05.26/node_modules/@jridgewell/trace-mapping': '/Users/fajar.mac/Documents/APG/REDESIGN LOGIN PAGE/bpr-bonding-app-29.05.26/node_modules/@jridgewell/.trace-mapping-sOZiTpMb',
268 silly reify   '/Users/fajar.mac/Documents/APG/REDESIGN LOGIN PAGE/bpr-bonding-app-29.05.26/node_modules/@mixmark-io/domino': '/Users/fajar.mac/Documents/APG/REDESIGN LOGIN PAGE/bpr-bonding-app-29.05.26/node_modules/@mixmark-io/.domino-PNc6nHtb',
268 silly reify   '/Users/fajar.mac/Documents/APG/REDESIGN LOGIN PAGE/bpr-bonding-app-29.05.26/node_modules/@pkgjs/parseargs': '/Users/fajar.mac/Documents/APG/REDESIGN LOGIN PAGE/bpr-bonding-app-29.05.26/node_modules/@pkgjs/.parseargs-5Gcaxzcl',
268 silly reify   '/Users/fajar.mac/Documents/APG/REDESIGN LOGIN PAGE/bpr-bonding-app-29.05.26/node_modules/@radix-ui/react-alert-dialog': '/Users/fajar.mac/Documents/APG/REDESIGN LOGIN PAGE/bpr-bonding-app-29.05.26/node_modules/@radix-ui/.react-alert-dialog-afbrztgR',
268 silly reify   '/Users/fajar.mac/Documents/APG/REDESIGN LOGIN PAGE/bpr-bonding-app-29.05.26/node_modules/@radix-ui/react-arrow': '/Users/fajar.mac/Documents/APG/REDESIGN LOGIN PAGE/bpr-bonding-app-29.05.26/node_modules/@radix-ui/.react-arrow-Np6LEy9H',
268 silly reify   '/Users/fajar.mac/Documents/APG/REDESIGN LOGIN PAGE/bpr-bonding-app-29.05.26/node_modules/@radix-ui/react-avatar': '/Users/fajar.mac/Documents/APG/REDESIGN LOGIN PAGE/bpr-bonding-app-29.05.26/node_modules/@radix-ui/.react-avatar-ZF1q1jMN',
268 silly reify   '/Users/fajar.mac/Documents/APG/REDESIGN LOGIN PAGE/bpr-bonding-app-29.05.26/node_modules/@radix-ui/react-checkbox': '/Users/fajar.mac/Documents/APG/REDESIGN LOGIN PAGE/bpr-bonding-app-29.05.26/node_modules/@radix-ui/.react-checkbox-v9s6IzXi',
268 silly reify   '/Users/fajar.mac/Documents/APG/REDESIGN LOGIN PAGE/bpr-bonding-app-29.05.26/node_modules/@radix-ui/react-collapsible': '/Users/fajar.mac/Documents/APG/REDESIGN LOGIN PAGE/bpr-bonding-app-29.05.26/node_modules/@radix-ui/.react-collapsible-pE06vTqU',
268 silly reify   '/Users/fajar.mac/Documents/APG/REDESIGN LOGIN PAGE/bpr-bonding-app-29.05.26/node_modules/@radix-ui/react-collection': '/Users/fajar.mac/Documents/APG/REDESIGN LOGIN PAGE/bpr-bonding-app-29.05.26/node_modules/@radix-ui/.react-collection-ORYhrqkl',
268 silly reify   '/Users/fajar.mac/Documents/APG/REDESIGN LOGIN PAGE/bpr-bonding-app-29.05.26/node_modules/@radix-ui/react-dialog': '/Users/fajar.mac/Documents/APG/REDESIGN LOGIN PAGE/bpr-bonding-app-29.05.26/node_modules/@radix-ui/.react-dialog-wPfcy2J4',
268 silly reify   '/Users/fajar.mac/Documents/APG/REDESIGN LOGIN PAGE/bpr-bonding-app-29.05.26/node_modules/@radix-ui/react-dismissable-layer': '/Users/fajar.mac/Documents/APG/REDESIGN LOGIN PAGE/bpr-bonding-app-29.05.26/node_modules/@radix-ui/.react-dismissable-layer-4WyRFg7f',
268 silly reify   '/Users/fajar.mac/Documents/APG/REDESIGN LOGIN PAGE/bpr-bonding-app-29.05.26/node_modules/@radix-ui/react-dropdown-menu': '/Users/fajar.mac/Documents/APG/REDESIGN LOGIN PAGE/bpr-bonding-app-29.05.26/node_modules/@radix-ui/.react-dropdown-menu-LVBjgfLu',
268 silly reify   '/Users/fajar.mac/Documents/APG/REDESIGN LOGIN PAGE/bpr-bonding-app-29.05.26/node_modules/@radix-ui/react-focus-scope': '/Users/fajar.mac/Documents/APG/REDESIGN LOGIN PAGE/bpr-bonding-app-29.05.26/node_modules/@radix-ui/.react-focus-scope-GXJ0Ghe0',
268 silly reify   '/Users/fajar.mac/Documents/APG/REDESIGN LOGIN PAGE/bpr-bonding-app-29.05.26/node_modules/@radix-ui/react-label': '/Users/fajar.mac/Documents/APG/REDESIGN LOGIN PAGE/bpr-bonding-app-29.05.26/node_modules/@radix-ui/.react-label-Tg16VBGu',
268 silly reify   '/Users/fajar.mac/Documents/APG/REDESIGN LOGIN PAGE/bpr-bonding-app-29.05.26/node_modules/@radix-ui/react-menu': '/Users/fajar.mac/Documents/APG/REDESIGN LOGIN PAGE/bpr-bonding-app-29.05.26/node_modules/@radix-ui/.react-menu-0z7kCpww',
268 silly reify   '/Users/fajar.mac/Documents/APG/REDESIGN LOGIN PAGE/bpr-bonding-app-29.05.26/node_modules/@radix-ui/react-popover': '/Users/fajar.mac/Documents/APG/REDESIGN LOGIN PAGE/bpr-bonding-app-29.05.26/node_modules/@radix-ui/.react-popover-ROxgCmDf',
268 silly reify   '/Users/fajar.mac/Documents/APG/REDESIGN LOGIN PAGE/bpr-bonding-app-29.05.26/node_modules/@radix-ui/react-popper': '/Users/fajar.mac/Documents/APG/REDESIGN LOGIN PAGE/bpr-bonding-app-29.05.26/node_modules/@radix-ui/.react-popper-ugU1sNKf',
268 silly reify   '/Users/fajar.mac/Documents/APG/REDESIGN LOGIN PAGE/bpr-bonding-app-29.05.26/node_modules/@radix-ui/react-portal': '/Users/fajar.mac/Documents/APG/REDESIGN LOGIN PAGE/bpr-bonding-app-29.05.26/node_modules/@radix-ui/.react-portal-nhalXAol',
268 silly reify   '/Users/fajar.mac/Documents/APG/REDESIGN LOGIN PAGE/bpr-bonding-app-29.05.26/node_modules/@radix-ui/react-primitive': '/Users/fajar.mac/Documents/APG/REDESIGN LOGIN PAGE/bpr-bonding-app-29.05.26/node_modules/@radix-ui/.react-primitive-aMRkz4im',
268 silly reify   '/Users/fajar.mac/Documents/APG/REDESIGN LOGIN PAGE/bpr-bonding-app-29.05.26/node_modules/@radix-ui/react-radio-group': '/Users/fajar.mac/Documents/APG/REDESIGN LOGIN PAGE/bpr-bonding-app-29.05.26/node_modules/@radix-ui/.react-radio-group-AnBt5z44',
268 silly reify   '/Users/fajar.mac/Documents/APG/REDESIGN LOGIN PAGE/bpr-bonding-app-29.05.26/node_modules/@radix-ui/react-roving-focus': '/Users/fajar.mac/Documents/APG/REDESIGN LOGIN PAGE/bpr-bonding-app-29.05.26/node_modules/@radix-ui/.react-roving-focus-SLQyYm6R',
268 silly reify   '/Users/fajar.mac/Documents/APG/REDESIGN LOGIN PAGE/bpr-bonding-app-29.05.26/node_modules/@radix-ui/react-select': '/Users/fajar.mac/Documents/APG/REDESIGN LOGIN PAGE/bpr-bonding-app-29.05.26/node_modules/@radix-ui/.react-select-dxIfEF4q',
268 silly reify   '/Users/fajar.mac/Documents/APG/REDESIGN LOGIN PAGE/bpr-bonding-app-29.05.26/node_modules/@radix-ui/react-separator': '/Users/fajar.mac/Documents/APG/REDESIGN LOGIN PAGE/bpr-bonding-app-29.05.26/node_modules/@radix-ui/.react-separator-l0bWEIwS',
268 silly reify   '/Users/fajar.mac/Documents/APG/REDESIGN LOGIN PAGE/bpr-bonding-app-29.05.26/node_modules/@radix-ui/react-slot': '/Users/fajar.mac/Documents/APG/REDESIGN LOGIN PAGE/bpr-bonding-app-29.05.26/node_modules/@radix-ui/.react-slot-keSKuGDS',
268 silly reify   '/Users/fajar.mac/Documents/APG/REDESIGN LOGIN PAGE/bpr-bonding-app-29.05.26/node_modules/@radix-ui/react-tabs': '/Users/fajar.mac/Documents/APG/REDESIGN LOGIN PAGE/bpr-bonding-app-29.05.26/node_modules/@radix-ui/.react-tabs-e1c6ADFh',
268 silly reify   '/Users/fajar.mac/Documents/APG/REDESIGN LOGIN PAGE/bpr-bonding-app-29.05.26/node_modules/@radix-ui/react-toast': '/Users/fajar.mac/Documents/APG/REDESIGN LOGIN PAGE/bpr-bonding-app-29.05.26/node_modules/@radix-ui/.react-toast-YQHof6X8',
268 silly reify   '/Users/fajar.mac/Documents/APG/REDESIGN LOGIN PAGE/bpr-bonding-app-29.05.26/node_modules/@radix-ui/react-tooltip': '/Users/fajar.mac/Documents/APG/REDESIGN LOGIN PAGE/bpr-bonding-app-29.05.26/node_modules/@radix-ui/.react-tooltip-5gKbk0G7',
268 silly reify   '/Users/fajar.mac/Documents/APG/REDESIGN LOGIN PAGE/bpr-bonding-app-29.05.26/node_modules/@radix-ui/react-visually-hidden': '/Users/fajar.mac/Documents/APG/REDESIGN LOGIN PAGE/bpr-bonding-app-29.05.26/node_modules/@radix-ui/.react-visually-hidden-XxYD06At',
268 silly reify   '/Users/fajar.mac/Documents/APG/REDESIGN LOGIN PAGE/bpr-bonding-app-29.05.26/node_modules/@react-aria/focus': '/Users/fajar.mac/Documents/APG/REDESIGN LOGIN PAGE/bpr-bonding-app-29.05.26/node_modules/@react-aria/.focus-cX4BMenP',
268 silly reify   '/Users/fajar.mac/Documents/APG/REDESIGN LOGIN PAGE/bpr-bonding-app-29.05.26/node_modules/@react-aria/interactions': '/Users/fajar.mac/Documents/APG/REDESIGN LOGIN PAGE/bpr-bonding-app-29.05.26/node_modules/@react-aria/.interactions-LeZZnS2m',
268 silly reify   '/Users/fajar.mac/Documents/APG/REDESIGN LOGIN PAGE/bpr-bonding-app-29.05.26/node_modules/@react-aria/ssr': '/Users/fajar.mac/Documents/APG/REDESIGN LOGIN PAGE/bpr-bonding-app-29.05.26/node_modules/@react-aria/.ssr-Y2inc8zL',
268 silly reify   '/Users/fajar.mac/Documents/APG/REDESIGN LOGIN PAGE/bpr-bonding-app-29.05.26/node_modules/@react-aria/utils': '/Users/fajar.mac/Documents/APG/REDESIGN LOGIN PAGE/bpr-bonding-app-29.05.26/node_modules/@react-aria/.utils-adoUOamO',
268 silly reify   '/Users/fajar.mac/Documents/APG/REDESIGN LOGIN PAGE/bpr-bonding-app-29.05.26/node_modules/@react-stately/utils': '/Users/fajar.mac/Documents/APG/REDESIGN LOGIN PAGE/bpr-bonding-app-29.05.26/node_modules/@react-stately/.utils-onR6yNGE',
268 silly reify   '/Users/fajar.mac/Documents/APG/REDESIGN LOGIN PAGE/bpr-bonding-app-29.05.26/node_modules/@react-types/shared': '/Users/fajar.mac/Documents/APG/REDESIGN LOGIN PAGE/bpr-bonding-app-29.05.26/node_modules/@react-types/.shared-uWwJrHEI',
268 silly reify   '/Users/fajar.mac/Documents/APG/REDESIGN LOGIN PAGE/bpr-bonding-app-29.05.26/node_modules/@rollup/rollup-darwin-x64': '/Users/fajar.mac/Documents/APG/REDESIGN LOGIN PAGE/bpr-bonding-app-29.05.26/node_modules/@rollup/.rollup-darwin-x64-BjycWIiM',
268 silly reify   '/Users/fajar.mac/Documents/APG/REDESIGN LOGIN PAGE/bpr-bonding-app-29.05.26/node_modules/@tailwindcss/typography': '/Users/fajar.mac/Documents/APG/REDESIGN LOGIN PAGE/bpr-bonding-app-29.05.26/node_modules/@tailwindcss/.typography-5oxYFyZc',
268 silly reify   '/Users/fajar.mac/Documents/APG/REDESIGN LOGIN PAGE/bpr-bonding-app-29.05.26/node_modules/@tanstack/query-core': '/Users/fajar.mac/Documents/APG/REDESIGN LOGIN PAGE/bpr-bonding-app-29.05.26/node_modules/@tanstack/.query-core-h8Si0HQ7',
268 silly reify   '/Users/fajar.mac/Documents/APG/REDESIGN LOGIN PAGE/bpr-bonding-app-29.05.26/node_modules/@tanstack/eslint-plugin-query': '/Users/fajar.mac/Documents/APG/REDESIGN LOGIN PAGE/bpr-bonding-app-29.05.26/node_modules/@tanstack/.eslint-plugin-query-VQ4C7BpU',
268 silly reify   '/Users/fajar.mac/Documents/APG/REDESIGN LOGIN PAGE/bpr-bonding-app-29.05.26/node_modules/@tanstack/react-query': '/Users/fajar.mac/Documents/APG/REDESIGN LOGIN PAGE/bpr-bonding-app-29.05.26/node_modules/@tanstack/.react-query-zkI6OMDP',
268 silly reify   '/Users/fajar.mac/Documents/APG/REDESIGN LOGIN PAGE/bpr-bonding-app-29.05.26/node_modules/@tanstack/react-virtual': '/Users/fajar.mac/Documents/APG/REDESIGN LOGIN PAGE/bpr-bonding-app-29.05.26/node_modules/@tanstack/.react-virtual-uMkbsYCH',
268 silly reify   '/Users/fajar.mac/Documents/APG/REDESIGN LOGIN PAGE/bpr-bonding-app-29.05.26/node_modules/@tanstack/virtual-core': '/Users/fajar.mac/Documents/APG/REDESIGN LOGIN PAGE/bpr-bonding-app-29.05.26/node_modules/@tanstack/.virtual-core-gcXgv9A0',
268 silly reify   '/Users/fajar.mac/Documents/APG/REDESIGN LOGIN PAGE/bpr-bonding-app-29.05.26/node_modules/@types/babel__generator': '/Users/fajar.mac/Documents/APG/REDESIGN LOGIN PAGE/bpr-bonding-app-29.05.26/node_modules/@types/.babel__generator-HdVpiQPK',
268 silly reify   '/Users/fajar.mac/Documents/APG/REDESIGN LOGIN PAGE/bpr-bonding-app-29.05.26/node_modules/@types/babel__traverse': '/Users/fajar.mac/Documents/APG/REDESIGN LOGIN PAGE/bpr-bonding-app-29.05.26/node_modules/@types/.babel__traverse-gwlzEkGv',
268 silly reify   '/Users/fajar.mac/Documents/APG/REDESIGN LOGIN PAGE/bpr-bonding-app-29.05.26/node_modules/@types/d3-array': '/Users/fajar.mac/Documents/APG/REDESIGN LOGIN PAGE/bpr-bonding-app-29.05.26/node_modules/@types/.d3-array-VdoxxZDV',
268 silly reify   '/Users/fajar.mac/Documents/APG/REDESIGN LOGIN PAGE/bpr-bonding-app-29.05.26/node_modules/@types/d3-path': '/Users/fajar.mac/Documents/APG/REDESIGN LOGIN PAGE/bpr-bonding-app-29.05.26/node_modules/@types/.d3-path-4LUPqIUu',
268 silly reify   '/Users/fajar.mac/Documents/APG/REDESIGN LOGIN PAGE/bpr-bonding-app-29.05.26/node_modules/@types/d3-scale': '/Users/fajar.mac/Documents/APG/REDESIGN LOGIN PAGE/bpr-bonding-app-29.05.26/node_modules/@types/.d3-scale-nGCNGX7p',
268 silly reify   '/Users/fajar.mac/Documents/APG/REDESIGN LOGIN PAGE/bpr-bonding-app-29.05.26/node_modules/@types/estree': '/Users/fajar.mac/Documents/APG/REDESIGN LOGIN PAGE/bpr-bonding-app-29.05.26/node_modules/@types/.estree-aVwLv2nB',
268 silly reify   '/Users/fajar.mac/Documents/APG/REDESIGN LOGIN PAGE/bpr-bonding-app-29.05.26/node_modules/@types/jquery': '/Users/fajar.mac/Documents/APG/REDESIGN LOGIN PAGE/bpr-bonding-app-29.05.26/node_modules/@types/.jquery-pE5hrK7r',
268 silly reify   '/Users/fajar.mac/Documents/APG/REDESIGN LOGIN PAGE/bpr-bonding-app-29.05.26/node_modules/@types/lodash': '/Users/fajar.mac/Documents/APG/REDESIGN LOGIN PAGE/bpr-bonding-app-29.05.26/node_modules/@types/.lodash-7gS4pusr',
268 silly reify   '/Users/fajar.mac/Documents/APG/REDESIGN LOGIN PAGE/bpr-bonding-app-29.05.26/node_modules/@types/node': '/Users/fajar.mac/Documents/APG/REDESIGN LOGIN PAGE/bpr-bonding-app-29.05.26/node_modules/@types/.node-z47rLR4H',
268 silly reify   '/Users/fajar.mac/Documents/APG/REDESIGN LOGIN PAGE/bpr-bonding-app-29.05.26/node_modules/@types/prop-types': '/Users/fajar.mac/Documents/APG/REDESIGN LOGIN PAGE/bpr-bonding-app-29.05.26/node_modules/@types/.prop-types-yDC7KZyH',
268 silly reify   '/Users/fajar.mac/Documents/APG/REDESIGN LOGIN PAGE/bpr-bonding-app-29.05.26/node_modules/@types/react': '/Users/fajar.mac/Documents/APG/REDESIGN LOGIN PAGE/bpr-bonding-app-29.05.26/node_modules/@types/.react-0acBSjtl',
268 silly reify   '/Users/fajar.mac/Documents/APG/REDESIGN LOGIN PAGE/bpr-bonding-app-29.05.26/node_modules/@types/react-dom': '/Users/fajar.mac/Documents/APG/REDESIGN LOGIN PAGE/bpr-bonding-app-29.05.26/node_modules/@types/.react-dom-fHHGcj1j',
268 silly reify   '/Users/fajar.mac/Documents/APG/REDESIGN LOGIN PAGE/bpr-bonding-app-29.05.26/node_modules/@types/sizzle': '/Users/fajar.mac/Documents/APG/REDESIGN LOGIN PAGE/bpr-bonding-app-29.05.26/node_modules/@types/.sizzle-OjVuOW6d',
268 silly reify   '/Users/fajar.mac/Documents/APG/REDESIGN LOGIN PAGE/bpr-bonding-app-29.05.26/node_modules/@typescript-eslint/scope-manager': '/Users/fajar.mac/Documents/APG/REDESIGN LOGIN PAGE/bpr-bonding-app-29.05.26/node_modules/@typescript-eslint/.scope-manager-3VardtYW',
268 silly reify   '/Users/fajar.mac/Documents/APG/REDESIGN LOGIN PAGE/bpr-bonding-app-29.05.26/node_modules/@typescript-eslint/types': '/Users/fajar.mac/Documents/APG/REDESIGN LOGIN PAGE/bpr-bonding-app-29.05.26/node_modules/@typescript-eslint/.types-AvJn3o2Y',
268 silly reify   '/Users/fajar.mac/Documents/APG/REDESIGN LOGIN PAGE/bpr-bonding-app-29.05.26/node_modules/@typescript-eslint/typescript-estree': '/Users/fajar.mac/Documents/APG/REDESIGN LOGIN PAGE/bpr-bonding-app-29.05.26/node_modules/@typescript-eslint/.typescript-estree-acVjtxhq',
268 silly reify   '/Users/fajar.mac/Documents/APG/REDESIGN LOGIN PAGE/bpr-bonding-app-29.05.26/node_modules/@typescript-eslint/utils': '/Users/fajar.mac/Documents/APG/REDESIGN LOGIN PAGE/bpr-bonding-app-29.05.26/node_modules/@typescript-eslint/.utils-rpAPqkIa',
268 silly reify   '/Users/fajar.mac/Documents/APG/REDESIGN LOGIN PAGE/bpr-bonding-app-29.05.26/node_modules/@typescript-eslint/visitor-keys': '/Users/fajar.mac/Documents/APG/REDESIGN LOGIN PAGE/bpr-bonding-app-29.05.26/node_modules/@typescript-eslint/.visitor-keys-MurkSU3t',
268 silly reify   '/Users/fajar.mac/Documents/APG/REDESIGN LOGIN PAGE/bpr-bonding-app-29.05.26/node_modules/@vitejs/plugin-react': '/Users/fajar.mac/Documents/APG/REDESIGN LOGIN PAGE/bpr-bonding-app-29.05.26/node_modules/@vitejs/.plugin-react-DdwALJqo',
268 silly reify   '/Users/fajar.mac/Documents/APG/REDESIGN LOGIN PAGE/bpr-bonding-app-29.05.26/node_modules/acorn': '/Users/fajar.mac/Documents/APG/REDESIGN LOGIN PAGE/bpr-bonding-app-29.05.26/node_modules/.acorn-GbehSAyV',
268 silly reify   '/Users/fajar.mac/Documents/APG/REDESIGN LOGIN PAGE/bpr-bonding-app-29.05.26/node_modules/.bin/acorn': '/Users/fajar.mac/Documents/APG/REDESIGN LOGIN PAGE/bpr-bonding-app-29.05.26/node_modules/.bin/.acorn-VgCVcxTs',
268 silly reify   '/Users/fajar.mac/Documents/APG/REDESIGN LOGIN PAGE/bpr-bonding-app-29.05.26/node_modules/atob': '/Users/fajar.mac/Documents/APG/REDESIGN LOGIN PAGE/bpr-bonding-app-29.05.26/node_modules/.atob-GisA9kW9',
268 silly reify   '/Users/fajar.mac/Documents/APG/REDESIGN LOGIN PAGE/bpr-bonding-app-29.05.26/node_modules/.bin/atob': '/Users/fajar.mac/Documents/APG/REDESIGN LOGIN PAGE/bpr-bonding-app-29.05.26/node_modules/.bin/.atob-P2CzAK5Y',
268 silly reify   '/Users/fajar.mac/Documents/APG/REDESIGN LOGIN PAGE/bpr-bonding-app-29.05.26/node_modules/btoa': '/Users/fajar.mac/Documents/APG/REDESIGN LOGIN PAGE/bpr-bonding-app-29.05.26/node_modules/.btoa-cPExBNDg',
268 silly reify   '/Users/fajar.mac/Documents/APG/REDESIGN LOGIN PAGE/bpr-bonding-app-29.05.26/node_modules/.bin/btoa': '/Users/fajar.mac/Documents/APG/REDESIGN LOGIN PAGE/bpr-bonding-app-29.05.26/node_modules/.bin/.btoa-xfu8jhMF',
268 silly reify   '/Users/fajar.mac/Documents/APG/REDESIGN LOGIN PAGE/bpr-bonding-app-29.05.26/node_modules/cssesc': '/Users/fajar.mac/Documents/APG/REDESIGN LOGIN PAGE/bpr-bonding-app-29.05.26/node_modules/.cssesc-PbSoVgTx',
268 silly reify   '/Users/fajar.mac/Documents/APG/REDESIGN LOGIN PAGE/bpr-bonding-app-29.05.26/node_modules/.bin/cssesc': '/Users/fajar.mac/Documents/APG/REDESIGN LOGIN PAGE/bpr-bonding-app-29.05.26/node_modules/.bin/.cssesc-gB0n47pL',
268 silly reify   '/Users/fajar.mac/Documents/APG/REDESIGN LOGIN PAGE/bpr-bonding-app-29.05.26/node_modules/esbuild': '/Users/fajar.mac/Documents/APG/REDESIGN LOGIN PAGE/bpr-bonding-app-29.05.26/node_modules/.esbuild-5yB1yBUC',
268 silly reify   '/Users/fajar.mac/Documents/APG/REDESIGN LOGIN PAGE/bpr-bonding-app-29.05.26/node_modules/.bin/esbuild': '/Users/fajar.mac/Documents/APG/REDESIGN LOGIN PAGE/bpr-bonding-app-29.05.26/node_modules/.bin/.esbuild-RDDbFtkx',
268 silly reify   '/Users/fajar.mac/Documents/APG/REDESIGN LOGIN PAGE/bpr-bonding-app-29.05.26/node_modules/husky': '/Users/fajar.mac/Documents/APG/REDESIGN LOGIN PAGE/bpr-bonding-app-29.05.26/node_modules/.husky-jVgRVSYF',
268 silly reify   '/Users/fajar.mac/Documents/APG/REDESIGN LOGIN PAGE/bpr-bonding-app-29.05.26/node_modules/.bin/husky': '/Users/fajar.mac/Documents/APG/REDESIGN LOGIN PAGE/bpr-bonding-app-29.05.26/node_modules/.bin/.husky-C53C1aib',
268 silly reify   '/Users/fajar.mac/Documents/APG/REDESIGN LOGIN PAGE/bpr-bonding-app-29.05.26/node_modules/jiti': '/Users/fajar.mac/Documents/APG/REDESIGN LOGIN PAGE/bpr-bonding-app-29.05.26/node_modules/.jiti-zRVQ0n8w',
268 silly reify   '/Users/fajar.mac/Documents/APG/REDESIGN LOGIN PAGE/bpr-bonding-app-29.05.26/node_modules/.bin/jiti': '/Users/fajar.mac/Documents/APG/REDESIGN LOGIN PAGE/bpr-bonding-app-29.05.26/node_modules/.bin/.jiti-n64a315X',
268 silly reify   '/Users/fajar.mac/Documents/APG/REDESIGN LOGIN PAGE/bpr-bonding-app-29.05.26/node_modules/jsesc': '/Users/fajar.mac/Documents/APG/REDESIGN LOGIN PAGE/bpr-bonding-app-29.05.26/node_modules/.jsesc-b21iznt9',
268 silly reify   '/Users/fajar.mac/Documents/APG/REDESIGN LOGIN PAGE/bpr-bonding-app-29.05.26/node_modules/.bin/jsesc': '/Users/fajar.mac/Documents/APG/REDESIGN LOGIN PAGE/bpr-bonding-app-29.05.26/node_modules/.bin/.jsesc-09X5gPCd',
268 silly reify   '/Users/fajar.mac/Documents/APG/REDESIGN LOGIN PAGE/bpr-bonding-app-29.05.26/node_modules/json5': '/Users/fajar.mac/Documents/APG/REDESIGN LOGIN PAGE/bpr-bonding-app-29.05.26/node_modules/.json5-K0NOMWLA',
268 silly reify   '/Users/fajar.mac/Documents/APG/REDESIGN LOGIN PAGE/bpr-bonding-app-29.05.26/node_modules/.bin/json5': '/Users/fajar.mac/Documents/APG/REDESIGN LOGIN PAGE/bpr-bonding-app-29.05.26/node_modules/.bin/.json5-kRxP9sHJ',
268 silly reify   '/Users/fajar.mac/Documents/APG/REDESIGN LOGIN PAGE/bpr-bonding-app-29.05.26/node_modules/log-update/node_modules/ansi-styles': '/Users/fajar.mac/Documents/APG/REDESIGN LOGIN PAGE/bpr-bonding-app-29.05.26/node_modules/log-update/node_modules/.ansi-styles-rfR6YZYY',
268 silly reify   '/Users/fajar.mac/Documents/APG/REDESIGN LOGIN PAGE/bpr-bonding-app-29.05.26/node_modules/log-update/node_modules/is-fullwidth-code-point': '/Users/fajar.mac/Documents/APG/REDESIGN LOGIN PAGE/bpr-bonding-app-29.05.26/node_modules/log-update/node_modules/.is-fullwidth-code-point-s3JZu6sA',
268 silly reify   '/Users/fajar.mac/Documents/APG/REDESIGN LOGIN PAGE/bpr-bonding-app-29.05.26/node_modules/log-update/node_modules/slice-ansi': '/Users/fajar.mac/Documents/APG/REDESIGN LOGIN PAGE/bpr-bonding-app-29.05.26/node_modules/log-update/node_modules/.slice-ansi-fdByMQLD',
268 silly reify   '/Users/fajar.mac/Documents/APG/REDESIGN LOGIN PAGE/bpr-bonding-app-29.05.26/node_modules/loose-envify': '/Users/fajar.mac/Documents/APG/REDESIGN LOGIN PAGE/bpr-bonding-app-29.05.26/node_modules/.loose-envify-PLqCx8vY',
268 silly reify   '/Users/fajar.mac/Documents/APG/REDESIGN LOGIN PAGE/bpr-bonding-app-29.05.26/node_modules/.bin/loose-envify': '/Users/fajar.mac/Documents/APG/REDESIGN LOGIN PAGE/bpr-bonding-app-29.05.26/node_modules/.bin/.loose-envify-ZEO4W9dT',
268 silly reify   '/Users/fajar.mac/Documents/APG/REDESIGN LOGIN PAGE/bpr-bonding-app-29.05.26/node_modules/mini-svg-data-uri': '/Users/fajar.mac/Documents/APG/REDESIGN LOGIN PAGE/bpr-bonding-app-29.05.26/node_modules/.mini-svg-data-uri-jUmfmoi5',
268 silly reify   '/Users/fajar.mac/Documents/APG/REDESIGN LOGIN PAGE/bpr-bonding-app-29.05.26/node_modules/.bin/mini-svg-data-uri': '/Users/fajar.mac/Documents/APG/REDESIGN LOGIN PAGE/bpr-bonding-app-29.05.26/node_modules/.bin/.mini-svg-data-uri-GVo0ENgp',
268 silly reify   '/Users/fajar.mac/Documents/APG/REDESIGN LOGIN PAGE/bpr-bonding-app-29.05.26/node_modules/pidtree': '/Users/fajar.mac/Documents/APG/REDESIGN LOGIN PAGE/bpr-bonding-app-29.05.26/node_modules/.pidtree-jMzXmG1C',
268 silly reify   '/Users/fajar.mac/Documents/APG/REDESIGN LOGIN PAGE/bpr-bonding-app-29.05.26/node_modules/.bin/pidtree': '/Users/fajar.mac/Documents/APG/REDESIGN LOGIN PAGE/bpr-bonding-app-29.05.26/node_modules/.bin/.pidtree-uvTCzYEy',
268 silly reify   '/Users/fajar.mac/Documents/APG/REDESIGN LOGIN PAGE/bpr-bonding-app-29.05.26/node_modules/slice-ansi/node_modules/ansi-styles': '/Users/fajar.mac/Documents/APG/REDESIGN LOGIN PAGE/bpr-bonding-app-29.05.26/node_modules/slice-ansi/node_modules/.ansi-styles-Fu9n5mtZ',
268 silly reify   '/Users/fajar.mac/Documents/APG/REDESIGN LOGIN PAGE/bpr-bonding-app-29.05.26/node_modules/uuid': '/Users/fajar.mac/Documents/APG/REDESIGN LOGIN PAGE/bpr-bonding-app-29.05.26/node_modules/.uuid-kgMFNVad',
268 silly reify   '/Users/fajar.mac/Documents/APG/REDESIGN LOGIN PAGE/bpr-bonding-app-29.05.26/node_modules/.bin/uuid': '/Users/fajar.mac/Documents/APG/REDESIGN LOGIN PAGE/bpr-bonding-app-29.05.26/node_modules/.bin/.uuid-U67zk86U',
268 silly reify   '/Users/fajar.mac/Documents/APG/REDESIGN LOGIN PAGE/bpr-bonding-app-29.05.26/node_modules/which': '/Users/fajar.mac/Documents/APG/REDESIGN LOGIN PAGE/bpr-bonding-app-29.05.26/node_modules/.which-s6hY90tH',
268 silly reify   '/Users/fajar.mac/Documents/APG/REDESIGN LOGIN PAGE/bpr-bonding-app-29.05.26/node_modules/.bin/node-which': '/Users/fajar.mac/Documents/APG/REDESIGN LOGIN PAGE/bpr-bonding-app-29.05.26/node_modules/.bin/.node-which-JfU134Jo'
268 silly reify }
269 silly audit bulk request {
269 silly audit   '@alloc/quick-lru': [ '5.2.0' ],
269 silly audit   '@ampproject/remapping': [ '2.3.0' ],
269 silly audit   '@babel/code-frame': [ '7.27.1' ],
269 silly audit   '@babel/compat-data': [ '7.26.5' ],
269 silly audit   '@babel/core': [ '7.26.7' ],
269 silly audit   semver: [ '6.3.1', '7.6.3' ],
269 silly audit   '@babel/generator': [ '7.26.5' ],
269 silly audit   '@babel/helper-compilation-targets': [ '7.26.5' ],
269 silly audit   '@babel/helper-module-imports': [ '7.25.9' ],
269 silly audit   '@babel/helper-module-transforms': [ '7.26.0' ],
269 silly audit   '@babel/helper-plugin-utils': [ '7.26.5' ],
269 silly audit   '@babel/helper-string-parser': [ '7.27.1' ],
269 silly audit   '@babel/helper-validator-identifier': [ '7.27.1' ],
269 silly audit   '@babel/helper-validator-option': [ '7.25.9' ],
269 silly audit   '@babel/helpers': [ '7.28.2' ],
269 silly audit   '@babel/parser': [ '7.28.0' ],
269 silly audit   '@babel/plugin-transform-react-jsx-self': [ '7.25.9' ],
269 silly audit   '@babel/plugin-transform-react-jsx-source': [ '7.25.9' ],
269 silly audit   '@babel/runtime': [ '7.28.2' ],
269 silly audit   '@babel/template': [ '7.27.2' ],
269 silly audit   '@babel/traverse': [ '7.26.7' ],
269 silly audit   '@babel/types': [ '7.28.2' ],
269 silly audit   '@ckeditor/ckeditor5-adapter-ckfinder': [ '44.1.0' ],
269 silly audit   '@ckeditor/ckeditor5-alignment': [ '44.1.0' ],
269 silly audit   '@ckeditor/ckeditor5-autoformat': [ '44.1.0' ],
269 silly audit   '@ckeditor/ckeditor5-autosave': [ '44.1.0' ],
269 silly audit   '@ckeditor/ckeditor5-basic-styles': [ '44.1.0' ],
269 silly audit   '@ckeditor/ckeditor5-block-quote': [ '44.1.0' ],
269 silly audit   '@ckeditor/ckeditor5-bookmark': [ '44.1.0' ],
269 silly audit   '@ckeditor/ckeditor5-ckbox': [ '44.1.0' ],
269 silly audit   '@ckeditor/ckeditor5-ckfinder': [ '44.1.0' ],
269 silly audit   '@ckeditor/ckeditor5-clipboard': [ '44.1.0' ],
269 silly audit   '@ckeditor/ckeditor5-cloud-services': [ '44.1.0' ],
269 silly audit   '@ckeditor/ckeditor5-code-block': [ '44.1.0' ],
269 silly audit   '@ckeditor/ckeditor5-core': [ '44.1.0' ],
269 silly audit   '@ckeditor/ckeditor5-easy-image': [ '44.1.0' ],
269 silly audit   '@ckeditor/ckeditor5-editor-balloon': [ '44.1.0' ],
269 silly audit   '@ckeditor/ckeditor5-editor-classic': [ '44.1.0' ],
269 silly audit   '@ckeditor/ckeditor5-editor-decoupled': [ '44.1.0' ],
269 silly audit   '@ckeditor/ckeditor5-editor-inline': [ '44.1.0' ],
269 silly audit   '@ckeditor/ckeditor5-editor-multi-root': [ '44.1.0' ],
269 silly audit   '@ckeditor/ckeditor5-engine': [ '44.1.0' ],
269 silly audit   '@ckeditor/ckeditor5-enter': [ '44.1.0' ],
269 silly audit   '@ckeditor/ckeditor5-essentials': [ '44.1.0' ],
269 silly audit   '@ckeditor/ckeditor5-find-and-replace': [ '44.1.0' ],
269 silly audit   '@ckeditor/ckeditor5-font': [ '44.1.0' ],
269 silly audit   '@ckeditor/ckeditor5-heading': [ '44.1.0' ],
269 silly audit   '@ckeditor/ckeditor5-highlight': [ '44.1.0' ],
269 silly audit   '@ckeditor/ckeditor5-horizontal-line': [ '44.1.0' ],
269 silly audit   '@ckeditor/ckeditor5-html-embed': [ '44.1.0' ],
269 silly audit   '@ckeditor/ckeditor5-html-support': [ '44.1.0' ],
269 silly audit   '@ckeditor/ckeditor5-image': [ '44.1.0' ],
269 silly audit   '@ckeditor/ckeditor5-indent': [ '44.1.0' ],
269 silly audit   '@ckeditor/ckeditor5-integrations-common': [ '2.2.2' ],
269 silly audit   '@ckeditor/ckeditor5-language': [ '44.1.0' ],
269 silly audit   '@ckeditor/ckeditor5-link': [ '44.1.0' ],
269 silly audit   '@ckeditor/ckeditor5-list': [ '44.1.0' ],
269 silly audit   '@ckeditor/ckeditor5-markdown-gfm': [ '44.1.0' ],
269 silly audit   '@ckeditor/ckeditor5-media-embed': [ '44.1.0' ],
269 silly audit   '@ckeditor/ckeditor5-mention': [ '44.1.0' ],
269 silly audit   '@ckeditor/ckeditor5-minimap': [ '44.1.0' ],
269 silly audit   '@ckeditor/ckeditor5-page-break': [ '44.1.0' ],
269 silly audit   '@ckeditor/ckeditor5-paragraph': [ '44.1.0' ],
269 silly audit   '@ckeditor/ckeditor5-paste-from-office': [ '44.1.0' ],
269 silly audit   '@ckeditor/ckeditor5-react': [ '9.4.0' ],
269 silly audit   '@ckeditor/ckeditor5-remove-format': [ '44.1.0' ],
269 silly audit   '@ckeditor/ckeditor5-restricted-editing': [ '44.1.0' ],
269 silly audit   '@ckeditor/ckeditor5-select-all': [ '44.1.0' ],
269 silly audit   '@ckeditor/ckeditor5-show-blocks': [ '44.1.0' ],
269 silly audit   '@ckeditor/ckeditor5-source-editing': [ '44.1.0' ],
269 silly audit   '@ckeditor/ckeditor5-special-characters': [ '44.1.0' ],
269 silly audit   '@ckeditor/ckeditor5-style': [ '44.1.0' ],
269 silly audit   '@ckeditor/ckeditor5-table': [ '44.1.0' ],
269 silly audit   '@ckeditor/ckeditor5-theme-lark': [ '44.1.0' ],
269 silly audit   '@ckeditor/ckeditor5-typing': [ '44.1.0' ],
269 silly audit   '@ckeditor/ckeditor5-ui': [ '44.1.0' ],
269 silly audit   '@ckeditor/ckeditor5-undo': [ '44.1.0' ],
269 silly audit   '@ckeditor/ckeditor5-upload': [ '44.1.0' ],
269 silly audit   '@ckeditor/ckeditor5-utils': [ '44.1.0' ],
269 silly audit   '@ckeditor/ckeditor5-watchdog': [ '44.1.0' ],
269 silly audit   '@ckeditor/ckeditor5-widget': [ '44.1.0' ],
269 silly audit   '@ckeditor/ckeditor5-word-count': [ '44.1.0' ],
269 silly audit   '@esbuild/aix-ppc64': [ '0.21.5' ],
269 silly audit   '@esbuild/android-arm': [ '0.21.5' ],
269 silly audit   '@esbuild/android-arm64': [ '0.21.5' ],
269 silly audit   '@esbuild/android-x64': [ '0.21.5' ],
269 silly audit   '@esbuild/darwin-arm64': [ '0.21.5' ],
269 silly audit   '@esbuild/darwin-x64': [ '0.21.5' ],
269 silly audit   '@esbuild/freebsd-arm64': [ '0.21.5' ],
269 silly audit   '@esbuild/freebsd-x64': [ '0.21.5' ],
269 silly audit   '@esbuild/linux-arm': [ '0.21.5' ],
269 silly audit   '@esbuild/linux-arm64': [ '0.21.5' ],
269 silly audit   '@esbuild/linux-ia32': [ '0.21.5' ],
269 silly audit   '@esbuild/linux-loong64': [ '0.21.5' ],
269 silly audit   '@esbuild/linux-mips64el': [ '0.21.5' ],
269 silly audit   '@esbuild/linux-ppc64': [ '0.21.5' ],
269 silly audit   '@esbuild/linux-riscv64': [ '0.21.5' ],
269 silly audit   '@esbuild/linux-s390x': [ '0.21.5' ],
269 silly audit   '@esbuild/linux-x64': [ '0.21.5' ],
269 silly audit   '@esbuild/netbsd-x64': [ '0.21.5' ],
269 silly audit   '@esbuild/openbsd-x64': [ '0.21.5' ],
269 silly audit   '@esbuild/sunos-x64': [ '0.21.5' ],
269 silly audit   '@esbuild/win32-arm64': [ '0.21.5' ],
269 silly audit   '@esbuild/win32-ia32': [ '0.21.5' ],
269 silly audit   '@esbuild/win32-x64': [ '0.21.5' ],
269 silly audit   '@eslint-community/eslint-utils': [ '4.4.1' ],
269 silly audit   '@eslint-community/regexpp': [ '4.12.1' ],
269 silly audit   '@eslint/config-array': [ '0.21.0' ],
269 silly audit   'brace-expansion': [ '1.1.12', '2.0.1' ],
269 silly audit   minimatch: [ '3.1.2', '9.0.5' ],
269 silly audit   '@eslint/config-helpers': [ '0.3.0' ],
269 silly audit   '@eslint/core': [ '0.15.1' ],
269 silly audit   '@eslint/eslintrc': [ '3.3.1' ],
269 silly audit   globals: [ '14.0.0', '11.12.0' ],
269 silly audit   '@eslint/js': [ '9.32.0' ],
269 silly audit   '@eslint/object-schema': [ '2.1.6' ],
269 silly audit   '@eslint/plugin-kit': [ '0.3.4' ],
269 silly audit   '@floating-ui/core': [ '1.6.9' ],
269 silly audit   '@floating-ui/dom': [ '1.6.13' ],
269 silly audit   '@floating-ui/react': [ '0.26.28' ],
269 silly audit   '@floating-ui/react-dom': [ '2.1.2' ],
269 silly audit   '@floating-ui/utils': [ '0.2.9' ],
269 silly audit   '@headlessui/react': [ '2.2.0' ],
269 silly audit   '@humanfs/core': [ '0.19.1' ],
269 silly audit   '@humanfs/node': [ '0.16.6' ],
269 silly audit   '@humanwhocodes/retry': [ '0.3.1', '0.4.3' ],
269 silly audit   '@humanwhocodes/module-importer': [ '1.0.1' ],
269 silly audit   '@ianvs/prettier-plugin-sort-imports': [ '4.4.1' ],
269 silly audit   '@inertiajs/core': [ '1.3.0' ],
269 silly audit   '@inertiajs/react': [ '1.3.0' ],
269 silly audit   '@isaacs/cliui': [ '8.0.2' ],
269 silly audit   'ansi-styles': [ '6.2.1', '4.3.0' ],
269 silly audit   'emoji-regex': [ '9.2.2', '10.4.0', '8.0.0' ],
269 silly audit   'string-width': [ '5.1.2', '7.2.0', '4.2.3' ],
269 silly audit   'wrap-ansi': [ '8.1.0', '9.0.0', '7.0.0' ],
269 silly audit   '@jridgewell/gen-mapping': [ '0.3.8' ],
269 silly audit   '@jridgewell/resolve-uri': [ '3.1.2' ],
269 silly audit   '@jridgewell/set-array': [ '1.2.1' ],
269 silly audit   '@jridgewell/sourcemap-codec': [ '1.5.0' ],
269 silly audit   '@jridgewell/trace-mapping': [ '0.3.25' ],
269 silly audit   '@mixmark-io/domino': [ '2.2.0' ],
269 silly audit   '@nodelib/fs.scandir': [ '2.1.5' ],
269 silly audit   '@nodelib/fs.stat': [ '2.0.5' ],
269 silly audit   '@nodelib/fs.walk': [ '1.2.8' ],
269 silly audit   '@pkgjs/parseargs': [ '0.11.0' ],
269 silly audit   '@radix-ui/number': [ '1.1.0' ],
269 silly audit   '@radix-ui/primitive': [ '1.1.1' ],
269 silly audit   '@radix-ui/react-alert-dialog': [ '1.1.5' ],
269 silly audit   '@radix-ui/react-arrow': [ '1.1.1', '1.1.2' ],
269 silly audit   '@radix-ui/react-avatar': [ '1.1.2' ],
269 silly audit   '@radix-ui/react-checkbox': [ '1.1.3' ],
269 silly audit   '@radix-ui/react-collapsible': [ '1.1.2' ],
269 silly audit   '@radix-ui/react-collection': [ '1.1.1' ],
269 silly audit   '@radix-ui/react-compose-refs': [ '1.1.1' ],
269 silly audit   '@radix-ui/react-context': [ '1.1.1' ],
269 silly audit   '@radix-ui/react-dialog': [ '1.1.5' ],
269 silly audit   '@radix-ui/react-direction': [ '1.1.0' ],
269 silly audit   '@radix-ui/react-dismissable-layer': [ '1.1.4', '1.1.5' ],
269 silly audit   '@radix-ui/react-dropdown-menu': [ '2.1.5' ],
269 silly audit   '@radix-ui/react-focus-guards': [ '1.1.1' ],
269 silly audit   '@radix-ui/react-focus-scope': [ '1.1.1' ],
269 silly audit   '@radix-ui/react-hover-card': [ '1.1.6' ],
269 silly audit   '@radix-ui/react-popper': [ '1.2.2', '1.2.1' ],
269 silly audit   '@radix-ui/react-portal': [ '1.1.4', '1.1.3' ],
269 silly audit   '@radix-ui/react-primitive': [ '2.0.2', '2.0.1' ],
269 silly audit   '@radix-ui/react-slot': [ '1.1.2', '1.1.1' ],
269 silly audit   '@radix-ui/react-icons': [ '1.3.2' ],
269 silly audit   '@radix-ui/react-id': [ '1.1.0' ],
269 silly audit   '@radix-ui/react-label': [ '2.1.1' ],
269 silly audit   '@radix-ui/react-menu': [ '2.1.5' ],
269 silly audit   '@radix-ui/react-popover': [ '1.1.5' ],
269 silly audit   '@radix-ui/react-presence': [ '1.1.2' ],
269 silly audit   '@radix-ui/react-radio-group': [ '1.2.2' ],
269 silly audit   '@radix-ui/react-roving-focus': [ '1.1.1' ],
269 silly audit   '@radix-ui/react-select': [ '2.1.5' ],
269 silly audit   '@radix-ui/react-separator': [ '1.1.1' ],
269 silly audit   '@radix-ui/react-tabs': [ '1.1.2' ],
269 silly audit   '@radix-ui/react-toast': [ '1.2.5' ],
269 silly audit   '@radix-ui/react-tooltip': [ '1.1.7' ],
269 silly audit   '@radix-ui/react-use-callback-ref': [ '1.1.0' ],
269 silly audit   '@radix-ui/react-use-controllable-state': [ '1.1.0' ],
269 silly audit   '@radix-ui/react-use-escape-keydown': [ '1.1.0' ],
269 silly audit   '@radix-ui/react-use-layout-effect': [ '1.1.0' ],
269 silly audit   '@radix-ui/react-use-previous': [ '1.1.0' ],
269 silly audit   '@radix-ui/react-use-rect': [ '1.1.0' ],
269 silly audit   '@radix-ui/react-use-size': [ '1.1.0' ],
269 silly audit   '@radix-ui/react-visually-hidden': [ '1.1.1' ],
269 silly audit   '@radix-ui/rect': [ '1.1.0' ],
269 silly audit   '@react-aria/focus': [ '3.19.1' ],
269 silly audit   '@react-aria/interactions': [ '3.23.0' ],
269 silly audit   '@react-aria/ssr': [ '3.9.7' ],
269 silly audit   '@react-aria/utils': [ '3.27.0' ],
269 silly audit   '@react-stately/utils': [ '3.10.5' ],
269 silly audit   '@react-types/shared': [ '3.27.0' ],
269 silly audit   '@rollup/rollup-android-arm-eabi': [ '4.32.1' ],
269 silly audit   '@rollup/rollup-android-arm64': [ '4.32.1' ],
269 silly audit   '@rollup/rollup-darwin-arm64': [ '4.32.1' ],
269 silly audit   '@rollup/rollup-darwin-x64': [ '4.32.1' ],
269 silly audit   '@rollup/rollup-freebsd-arm64': [ '4.32.1' ],
269 silly audit   '@rollup/rollup-freebsd-x64': [ '4.32.1' ],
269 silly audit   '@rollup/rollup-linux-arm-gnueabihf': [ '4.32.1' ],
269 silly audit   '@rollup/rollup-linux-arm-musleabihf': [ '4.32.1' ],
269 silly audit   '@rollup/rollup-linux-arm64-gnu': [ '4.32.1' ],
269 silly audit   '@rollup/rollup-linux-arm64-musl': [ '4.32.1' ],
269 silly audit   '@rollup/rollup-linux-loongarch64-gnu': [ '4.32.1' ],
269 silly audit   '@rollup/rollup-linux-powerpc64le-gnu': [ '4.32.1' ],
269 silly audit   '@rollup/rollup-linux-riscv64-gnu': [ '4.32.1' ],
269 silly audit   '@rollup/rollup-linux-s390x-gnu': [ '4.32.1' ],
269 silly audit   '@rollup/rollup-linux-x64-gnu': [ '4.32.1' ],
269 silly audit   '@rollup/rollup-linux-x64-musl': [ '4.32.1' ],
269 silly audit   '@rollup/rollup-win32-arm64-msvc': [ '4.32.1' ],
269 silly audit   '@rollup/rollup-win32-ia32-msvc': [ '4.32.1' ],
269 silly audit   '@rollup/rollup-win32-x64-msvc': [ '4.32.1' ],
269 silly audit   '@swc/helpers': [ '0.5.15' ],
269 silly audit   '@tailwindcss/forms': [ '0.5.10' ],
269 silly audit   '@tailwindcss/typography': [ '0.5.16' ],
269 silly audit   'postcss-selector-parser': [ '6.0.10', '6.1.2' ],
269 silly audit   '@tanstack/eslint-plugin-query': [ '5.65.0' ],
269 silly audit   '@tanstack/query-core': [ '5.65.0' ],
269 silly audit   '@tanstack/react-query': [ '5.65.1' ],
269 silly audit   '@tanstack/react-virtual': [ '3.11.3' ],
269 silly audit   '@tanstack/virtual-core': [ '3.11.3' ],
269 silly audit   '@tinymce/tinymce-react': [ '5.1.1' ],
269 silly audit   '@types/babel__core': [ '7.20.5' ],
269 silly audit   '@types/babel__generator': [ '7.6.8' ],
269 silly audit   '@types/babel__template': [ '7.4.4' ],
269 silly audit   '@types/babel__traverse': [ '7.20.6' ],
269 silly audit   '@types/d3-array': [ '3.2.1' ],
269 silly audit   '@types/d3-color': [ '3.1.3' ],
269 silly audit   '@types/d3-ease': [ '3.0.2' ],
269 silly audit   '@types/d3-interpolate': [ '3.0.4' ],
269 silly audit   '@types/d3-path': [ '3.1.0' ],
269 silly audit   '@types/d3-scale': [ '4.0.8' ],
269 silly audit   '@types/d3-shape': [ '3.1.7' ],
269 silly audit   '@types/d3-time': [ '3.0.4' ],
269 silly audit   '@types/d3-timer': [ '3.0.2' ],
269 silly audit   '@types/estree': [ '1.0.6' ],
269 silly audit   '@types/jquery': [ '3.5.32' ],
269 silly audit   '@types/js-cookie': [ '3.0.6' ],
269 silly audit   '@types/json-schema': [ '7.0.15' ],
269 silly audit   '@types/lodash': [ '4.17.15' ],
269 silly audit   '@types/node': [ '18.19.74' ],
269 silly audit   '@types/prop-types': [ '15.7.14' ],
269 silly audit   '@types/raf': [ '3.4.3' ],
269 silly audit   '@types/react': [ '18.3.18' ],
269 silly audit   '@types/react-dom': [ '18.3.5' ],
269 silly audit   '@types/sizzle': [ '2.3.9' ],
269 silly audit   '@types/tinymce': [ '4.6.9' ],
269 silly audit   '@types/uuid': [ '10.0.0' ],
269 silly audit   '@typescript-eslint/scope-manager': [ '8.22.0' ],
269 silly audit   '@typescript-eslint/types': [ '8.22.0' ],
269 silly audit   '@typescript-eslint/typescript-estree': [ '8.22.0' ],
269 silly audit   '@typescript-eslint/utils': [ '8.22.0' ],
269 silly audit   '@typescript-eslint/visitor-keys': [ '8.22.0' ],
269 silly audit   'eslint-visitor-keys': [ '4.2.0', '3.4.3', '4.2.1' ],
269 silly audit   '@vitejs/plugin-react': [ '4.3.4' ],
269 silly audit   acorn: [ '8.15.0' ],
269 silly audit   'acorn-jsx': [ '5.3.2' ],
269 silly audit   ajv: [ '6.12.6' ],
269 silly audit   'ansi-escapes': [ '7.0.0' ],
269 silly audit   'ansi-regex': [ '6.1.0', '5.0.1' ],
269 silly audit   'any-promise': [ '1.3.0' ],
269 silly audit   anymatch: [ '3.1.3' ],
269 silly audit   arg: [ '5.0.2' ],
269 silly audit   argparse: [ '2.0.1' ],
269 silly audit   'aria-hidden': [ '1.2.4' ],
269 silly audit   asynckit: [ '0.4.0' ],
269 silly audit   atob: [ '2.1.2' ],
269 silly audit   'attr-accept': [ '2.2.5' ],
269 silly audit   autoprefixer: [ '10.4.20' ],
269 silly audit   axios: [ '1.11.0' ],
269 silly audit   'balanced-match': [ '1.0.2' ],
269 silly audit   'base64-arraybuffer': [ '1.0.2' ],
269 silly audit   'binary-extensions': [ '2.3.0' ],
269 silly audit   blurhash: [ '2.0.5' ],
269 silly audit   braces: [ '3.0.3' ],
269 silly audit   browserslist: [ '4.24.4' ],
269 silly audit   btoa: [ '1.2.1' ],
269 silly audit   'call-bind-apply-helpers': [ '1.0.1' ],
269 silly audit   'call-bound': [ '1.0.3' ],
269 silly audit   callsites: [ '3.1.0' ],
269 silly audit   'camelcase-css': [ '2.0.1' ],
269 silly audit   'caniuse-lite': [ '1.0.30001759' ],
269 silly audit   canvg: [ '3.0.11' ],
269 silly audit   'regenerator-runtime': [ '0.13.11' ],
269 silly audit   chalk: [ '4.1.2', '5.4.1' ],
269 silly audit   chokidar: [ '3.6.0' ],
269 silly audit   'glob-parent': [ '5.1.2', '6.0.2' ],
269 silly audit   ckeditor5: [ '44.1.0' ],
269 silly audit   'class-variance-authority': [ '0.7.1' ],
269 silly audit   'cli-cursor': [ '5.0.0' ],
269 silly audit   'cli-truncate': [ '4.0.0' ],
269 silly audit   clsx: [ '2.1.1' ],
269 silly audit   cmdk: [ '1.0.4' ],
269 silly audit   'color-convert': [ '2.0.1' ],
269 silly audit   'color-name': [ '1.1.4' ],
269 silly audit   'color-parse': [ '1.4.2' ],
269 silly audit   colorette: [ '2.0.20' ],
269 silly audit   'combined-stream': [ '1.0.8' ],
269 silly audit   commander: [ '13.1.0', '4.1.1' ],
269 silly audit   'concat-map': [ '0.0.1' ],
269 silly audit   'convert-source-map': [ '2.0.0' ],
269 silly audit   'core-js': [ '3.40.0' ],
269 silly audit   'cross-spawn': [ '7.0.6' ],
269 silly audit   'css-line-break': [ '2.1.0' ],
269 silly audit   cssesc: [ '3.0.0' ],
269 silly audit   csstype: [ '3.1.3' ],
269 silly audit   'd3-array': [ '3.2.4' ],
269 silly audit   'd3-color': [ '3.1.0' ],
269 silly audit   'd3-ease': [ '3.0.1' ],
269 silly audit   'd3-format': [ '3.1.0' ],
269 silly audit   'd3-interpolate': [ '3.0.1' ],
269 silly audit   'd3-path': [ '3.1.0' ],
269 silly audit   'd3-scale': [ '4.0.2' ],
269 silly audit   'd3-shape': [ '3.2.0' ],
269 silly audit   'd3-time': [ '3.1.0' ],
269 silly audit   'd3-time-format': [ '4.1.0' ],
269 silly audit   'd3-timer': [ '3.0.1' ],
269 silly audit   'date-fns': [ '3.6.0' ],
269 silly audit   dayjs: [ '1.11.13' ],
269 silly audit   debug: [ '4.4.0' ],
269 silly audit   'decimal.js-light': [ '2.5.1' ],
269 silly audit   'deep-is': [ '0.1.4' ],
269 silly audit   deepmerge: [ '4.3.1' ],
269 silly audit   'delayed-stream': [ '1.0.0' ],
269 silly audit   'detect-node-es': [ '1.1.0' ],
269 silly audit   didyoumean: [ '1.2.2' ],
269 silly audit   dlv: [ '1.1.3' ],
269 silly audit   'dom-helpers': [ '5.2.1' ],
269 silly audit   dompurify: [ '2.5.8' ],
269 silly audit   'dunder-proto': [ '1.0.1' ],
269 silly audit   eastasianwidth: [ '0.2.0' ],
269 silly audit   'electron-to-chromium': [ '1.5.88' ],
269 silly audit   environment: [ '1.1.0' ],
269 silly audit   'es-define-property': [ '1.0.1' ],
269 silly audit   'es-errors': [ '1.3.0' ],
269 silly audit   'es-object-atoms': [ '1.1.1' ],
269 silly audit   'es-set-tostringtag': [ '2.1.0' ],
269 silly audit   esbuild: [ '0.21.5' ],
269 silly audit   escalade: [ '3.2.0' ],
269 silly audit   'escape-string-regexp': [ '4.0.0' ],
269 silly audit   eslint: [ '9.32.0' ],
269 silly audit   'eslint-scope': [ '8.4.0' ],
269 silly audit   espree: [ '10.4.0' ],
269 silly audit   esquery: [ '1.6.0' ],
269 silly audit   esrecurse: [ '4.3.0' ],
269 silly audit   estraverse: [ '5.3.0' ],
269 silly audit   esutils: [ '2.0.3' ],
269 silly audit   eventemitter3: [ '5.0.1', '4.0.7' ],
269 silly audit   execa: [ '8.0.1' ],
269 silly audit   'fast-deep-equal': [ '3.1.3' ],
269 silly audit   'fast-equals': [ '5.2.2' ],
269 silly audit   'fast-glob': [ '3.3.3' ],
269 silly audit   'fast-json-stable-stringify': [ '2.1.0' ],
269 silly audit   'fast-levenshtein': [ '2.0.6' ],
269 silly audit   fastq: [ '1.18.0' ],
269 silly audit   fflate: [ '0.8.2' ],
269 silly audit   'file-entry-cache': [ '8.0.0' ],
269 silly audit   'file-selector': [ '2.1.2' ],
269 silly audit   'fill-range': [ '7.1.1' ],
269 silly audit   'find-up': [ '5.0.0' ],
269 silly audit   'flat-cache': [ '4.0.1' ],
269 silly audit   flatted: [ '3.3.2' ],
269 silly audit   'follow-redirects': [ '1.15.9' ],
269 silly audit   'foreground-child': [ '3.3.0' ],
269 silly audit   'form-data': [ '4.0.4' ],
269 silly audit   'fraction.js': [ '4.3.7' ],
269 silly audit   'framer-motion': [ '11.18.2' ],
269 silly audit   fsevents: [ '2.3.3' ],
269 silly audit   'function-bind': [ '1.1.2' ],
269 silly audit   gensync: [ '1.0.0-beta.2' ],
269 silly audit   'get-east-asian-width': [ '1.3.0' ],
269 silly audit   'get-intrinsic': [ '1.2.7' ],
269 silly audit   'get-nonce': [ '1.0.1' ],
269 silly audit   'get-proto': [ '1.0.1' ],
269 silly audit   'get-stream': [ '8.0.1' ],
269 silly audit   glob: [ '10.4.5' ],
269 silly audit   gopd: [ '1.2.0' ],
269 silly audit   'has-flag': [ '4.0.0' ],
269 silly audit   'has-symbols': [ '1.1.0' ],
269 silly audit   'has-tostringtag': [ '1.0.2' ],
269 silly audit   hasown: [ '2.0.2' ],
269 silly audit   html2canvas: [ '1.4.1' ],
269 silly audit   'human-signals': [ '5.0.0' ],
269 silly audit   husky: [ '9.1.7' ],
269 silly audit   ignore: [ '5.3.2' ],
269 silly audit   'import-fresh': [ '3.3.1' ],
269 silly audit   imurmurhash: [ '0.1.4' ],
269 silly audit   internmap: [ '2.0.3' ],
269 silly audit   'is-binary-path': [ '2.1.0' ],
269 silly audit   'is-core-module': [ '2.16.1' ],
269 silly audit   'is-extglob': [ '2.1.1' ],
269 silly audit   'is-fullwidth-code-point': [ '4.0.0', '5.0.0', '3.0.0' ],
269 silly audit   'is-glob': [ '4.0.3' ],
269 silly audit   'is-number': [ '7.0.0' ],
269 silly audit   'is-stream': [ '3.0.0' ],
269 silly audit   isexe: [ '2.0.0' ],
269 silly audit   jackspeak: [ '3.4.3' ],
269 silly audit   jiti: [ '1.21.7' ],
269 silly audit   'js-cookie': [ '3.0.5' ],
269 silly audit   'js-tokens': [ '4.0.0' ],
269 silly audit   'js-yaml': [ '4.1.0' ],
269 silly audit   jsesc: [ '3.1.0' ],
269 silly audit   'json-buffer': [ '3.0.1' ],
269 silly audit   'json-schema-traverse': [ '0.4.1' ],
269 silly audit   'json-stable-stringify-without-jsonify': [ '1.0.1' ],
269 silly audit   json5: [ '2.2.3' ],
269 silly audit   jspdf: [ '2.5.2' ],
269 silly audit   keyv: [ '4.5.4' ],
269 silly audit   'laravel-vite-plugin': [ '1.2.0' ],
269 silly audit   levn: [ '0.4.1' ],
269 silly audit   lilconfig: [ '3.1.3' ],
269 silly audit   'lines-and-columns': [ '1.2.4' ],
269 silly audit   'lint-staged': [ '15.4.3' ],
269 silly audit   listr2: [ '8.2.5' ],
269 silly audit   'locate-path': [ '6.0.0' ],
269 silly audit   lodash: [ '4.17.21' ],
269 silly audit   'lodash-es': [ '4.17.21' ],
269 silly audit   'lodash.castarray': [ '4.4.0' ],
269 silly audit   'lodash.isequal': [ '4.5.0' ],
269 silly audit   'lodash.isplainobject': [ '4.0.6' ],
269 silly audit   'lodash.merge': [ '4.6.2' ],
269 silly audit   'log-update': [ '6.1.0' ],
269 silly audit   'slice-ansi': [ '7.1.0', '5.0.0' ],
269 silly audit   'loose-envify': [ '1.4.0' ],
269 silly audit   'lru-cache': [ '5.1.1', '10.4.3' ],
269 silly audit   'lucide-react': [ '0.446.0' ],
269 silly audit   marked: [ '4.0.12' ],
269 silly audit   'math-intrinsics': [ '1.1.0' ],
269 silly audit   'merge-stream': [ '2.0.0' ],
269 silly audit   merge2: [ '1.4.1' ],
269 silly audit   micromatch: [ '4.0.8' ],
269 silly audit   'mime-db': [ '1.52.0' ],
269 silly audit   'mime-types': [ '2.1.35' ],
269 silly audit   'mimic-fn': [ '4.0.0' ],
269 silly audit   'mimic-function': [ '5.0.1' ],
269 silly audit   'mini-svg-data-uri': [ '1.4.4' ],
269 silly audit   minipass: [ '7.1.2' ],
269 silly audit   mitt: [ '3.0.1' ],
269 silly audit   'motion-dom': [ '11.18.1' ],
269 silly audit   'motion-utils': [ '11.18.1' ],
269 silly audit   ms: [ '2.1.3' ],
269 silly audit   mz: [ '2.7.0' ],
269 silly audit   nanoid: [ '3.3.8' ],
269 silly audit   'natural-compare': [ '1.4.0' ],
269 silly audit   'node-releases': [ '2.0.19' ],
269 silly audit   'normalize-path': [ '3.0.0' ],
269 silly audit   'normalize-range': [ '0.1.2' ],
269 silly audit   'npm-run-path': [ '5.3.0' ],
269 silly audit   'path-key': [ '4.0.0', '3.1.1' ],
269 silly audit   nprogress: [ '0.2.0' ],
269 silly audit   nuqs: [ '2.4.0' ],
269 silly audit   'object-assign': [ '4.1.1' ],
269 silly audit   'object-hash': [ '3.0.0' ],
269 silly audit   'object-inspect': [ '1.13.3' ],
269 silly audit   onetime: [ '6.0.0', '7.0.0' ],
269 silly audit   optionator: [ '0.9.4' ],
269 silly audit   'p-limit': [ '3.1.0' ],
269 silly audit   'p-locate': [ '5.0.0' ],
269 silly audit   'package-json-from-dist': [ '1.0.1' ],
269 silly audit   'parent-module': [ '1.0.1' ],
269 silly audit   'path-exists': [ '4.0.0' ],
269 silly audit   'path-parse': [ '1.0.7' ],
269 silly audit   'path-scurry': [ '1.11.1' ],
269 silly audit   'performance-now': [ '2.1.0' ],
269 silly audit   picocolors: [ '1.1.1' ],
269 silly audit   picomatch: [ '2.3.1' ],
269 silly audit   pidtree: [ '0.6.0' ],
269 silly audit   pify: [ '2.3.0' ],
269 silly audit   pirates: [ '4.0.6' ],
269 silly audit   postcss: [ '8.5.1' ],
269 silly audit   'postcss-import': [ '15.1.0' ],
269 silly audit   'postcss-js': [ '4.0.1' ],
269 silly audit   'postcss-load-config': [ '4.0.2' ],
269 silly audit   'postcss-nested': [ '6.2.0' ],
269 silly audit   'postcss-value-parser': [ '4.2.0' ],
269 silly audit   'prelude-ls': [ '1.2.1' ],
269 silly audit   prettier: [ '3.4.2' ],
269 silly audit   'prettier-plugin-tailwindcss': [ '0.6.11' ],
269 silly audit   'prop-types': [ '15.8.1' ],
269 silly audit   'proxy-from-env': [ '1.1.0' ],
269 silly audit   punycode: [ '2.3.1' ],
269 silly audit   qs: [ '6.14.0' ],
269 silly audit   'queue-microtask': [ '1.2.3' ],
269 silly audit   raf: [ '3.4.1' ],
269 silly audit   react: [ '18.3.1' ],
269 silly audit   'react-currency-input-field': [ '3.9.0' ],
269 silly audit   'react-day-picker': [ '8.10.1' ],
269 silly audit   'react-dom': [ '18.3.1' ],
269 silly audit   'react-dropzone': [ '14.3.5' ],
269 silly audit   'react-is': [ '16.13.1', '18.3.1' ],
269 silly audit   'react-refresh': [ '0.14.2' ],
269 silly audit   'react-remove-scroll': [ '2.6.3' ],
269 silly audit   'react-remove-scroll-bar': [ '2.3.8' ],
269 silly audit   'react-smooth': [ '4.0.4' ],
269 silly audit   'react-style-singleton': [ '2.2.3' ],
269 silly audit   'react-transition-group': [ '4.4.5' ],
269 silly audit   'read-cache': [ '1.0.0' ],
269 silly audit   readdirp: [ '3.6.0' ],
269 silly audit   recharts: [ '2.15.1' ],
269 silly audit   'recharts-scale': [ '0.4.5' ],
269 silly audit   resolve: [ '1.22.10' ],
269 silly audit   'resolve-from': [ '4.0.0' ],
269 silly audit   'restore-cursor': [ '5.1.0' ],
269 silly audit   reusify: [ '1.0.4' ],
269 silly audit   rfdc: [ '1.4.1' ],
269 silly audit   rgbcolor: [ '1.0.1' ],
269 silly audit   rollup: [ '4.32.1' ],
269 silly audit   'run-parallel': [ '1.2.0' ],
269 silly audit   scheduler: [ '0.23.2' ],
269 silly audit   'shebang-command': [ '2.0.0' ],
269 silly audit   'shebang-regex': [ '3.0.0' ],
269 silly audit   'side-channel': [ '1.1.0' ],
269 silly audit   'side-channel-list': [ '1.0.0' ],
269 silly audit   'side-channel-map': [ '1.0.1' ],
269 silly audit   'side-channel-weakmap': [ '1.0.2' ],
269 silly audit   'signal-exit': [ '4.1.0' ],
269 silly audit   'source-map-js': [ '1.2.1' ],
269 silly audit   'stackblur-canvas': [ '2.7.0' ],
269 silly audit   'string-argv': [ '0.3.2' ],
269 silly audit   'strip-ansi': [ '6.0.1', '7.1.0' ],
269 silly audit   'strip-final-newline': [ '3.0.0' ],
269 silly audit   'strip-json-comments': [ '3.1.1' ],
269 silly audit   sucrase: [ '3.35.0' ],
269 silly audit   'supports-color': [ '7.2.0' ],
269 silly audit   'supports-preserve-symlinks-flag': [ '1.0.0' ],
269 silly audit   'svg-pathdata': [ '6.0.3' ],
269 silly audit   tabbable: [ '6.2.0' ],
269 silly audit   'tailwind-merge': [ '2.6.0' ],
269 silly audit   tailwindcss: [ '3.4.17' ],
269 silly audit   'tailwindcss-animate': [ '1.0.7' ],
269 silly audit   'text-segmentation': [ '1.0.3' ],
269 silly audit   thenify: [ '3.3.1' ],
269 silly audit   'thenify-all': [ '1.6.0' ],
269 silly audit   'tiny-invariant': [ '1.3.3' ],
269 silly audit   tinymce: [ '7.6.1' ],
269 silly audit   'to-regex-range': [ '5.0.1' ],
269 silly audit   'ts-api-utils': [ '2.0.0' ],
269 silly audit   'ts-interface-checker': [ '0.1.13' ],
269 silly audit   tslib: [ '2.8.1' ],
269 silly audit   turndown: [ '7.2.0' ],
269 silly audit   'turndown-plugin-gfm': [ '1.0.2' ],
269 silly audit   'type-check': [ '0.4.0' ],
269 silly audit   typescript: [ '5.7.3' ],
269 silly audit   'undici-types': [ '5.26.5' ],
269 silly audit   'update-browserslist-db': [ '1.1.2' ],
269 silly audit   'uri-js': [ '4.4.1' ],
269 silly audit   'use-callback-ref': [ '1.3.3' ],
269 silly audit   'use-sidecar': [ '1.1.3' ],
269 silly audit   'use-sync-external-store': [ '1.4.0' ],
269 silly audit   'util-deprecate': [ '1.0.2' ],
269 silly audit   utrie: [ '1.0.2' ],
269 silly audit   uuid: [ '10.0.0' ],
269 silly audit   'vanilla-colorful': [ '0.7.2' ],
269 silly audit   'victory-vendor': [ '36.9.2' ],
269 silly audit   vite: [ '5.4.19' ],
269 silly audit   'vite-plugin-full-reload': [ '1.2.0' ],
269 silly audit   which: [ '2.0.2' ],
269 silly audit   'word-wrap': [ '1.2.5' ],
269 silly audit   yallist: [ '3.1.1' ],
269 silly audit   yaml: [ '2.7.0' ],
269 silly audit   'yocto-queue': [ '0.1.0' ]
269 silly audit }
270 verbose audit error FetchError: request to https://registry.npmjs.org/-/npm/v1/security/advisories/bulk failed, reason: getaddrinfo ENOTFOUND registry.npmjs.org
270 verbose audit error     at ClientRequest.<anonymous> (/usr/local/lib/node_modules/npm/node_modules/minipass-fetch/lib/index.js:130:14)
270 verbose audit error     at ClientRequest.emit (node:events:508:28)
270 verbose audit error     at emitErrorEvent (node:_http_client:108:11)
270 verbose audit error     at _destroy (node:_http_client:962:9)
270 verbose audit error     at onSocketNT (node:_http_client:982:5)
270 verbose audit error     at process.processTicksAndRejections (node:internal/process/task_queues:90:21) {
270 verbose audit error   code: 'ENOTFOUND',
270 verbose audit error   errno: 'ENOTFOUND',
270 verbose audit error   syscall: 'getaddrinfo',
270 verbose audit error   hostname: 'registry.npmjs.org',
270 verbose audit error   type: 'system'
270 verbose audit error }
271 silly audit error undefined
272 silly audit report null
273 http cache which@https://registry.npmjs.org/which/-/which-2.0.2.tgz 1ms (cache hit)
274 http cache uuid@https://registry.npmjs.org/uuid/-/uuid-10.0.0.tgz 0ms (cache hit)
275 http cache loose-envify@https://registry.npmjs.org/loose-envify/-/loose-envify-1.4.0.tgz 0ms (cache hit)
276 http cache mini-svg-data-uri@https://registry.npmjs.org/mini-svg-data-uri/-/mini-svg-data-uri-1.4.4.tgz 0ms (cache hit)
277 http cache pidtree@https://registry.npmjs.org/pidtree/-/pidtree-0.6.0.tgz 0ms (cache hit)
278 http cache json5@https://registry.npmjs.org/json5/-/json5-2.2.3.tgz 0ms (cache hit)
279 http cache esbuild@https://registry.npmjs.org/esbuild/-/esbuild-0.21.5.tgz 0ms (cache hit)
280 http cache jsesc@https://registry.npmjs.org/jsesc/-/jsesc-3.1.0.tgz 0ms (cache hit)
281 http cache husky@https://registry.npmjs.org/husky/-/husky-9.1.7.tgz 0ms (cache hit)
282 http cache jiti@https://registry.npmjs.org/jiti/-/jiti-1.21.7.tgz 0ms (cache hit)
283 http cache cssesc@https://registry.npmjs.org/cssesc/-/cssesc-3.0.0.tgz 0ms (cache hit)
284 http cache atob@https://registry.npmjs.org/atob/-/atob-2.1.2.tgz 0ms (cache hit)
285 http cache acorn@https://registry.npmjs.org/acorn/-/acorn-8.15.0.tgz 0ms (cache hit)
286 http cache btoa@https://registry.npmjs.org/btoa/-/btoa-1.2.1.tgz 0ms (cache hit)
287 http cache @typescript-eslint/utils@https://registry.npmjs.org/@typescript-eslint/utils/-/utils-8.22.0.tgz 0ms (cache hit)
288 http cache @typescript-eslint/visitor-keys@https://registry.npmjs.org/@typescript-eslint/visitor-keys/-/visitor-keys-8.22.0.tgz 0ms (cache hit)
289 http cache @vitejs/plugin-react@https://registry.npmjs.org/@vitejs/plugin-react/-/plugin-react-4.3.4.tgz 0ms (cache hit)
290 http cache @typescript-eslint/typescript-estree@https://registry.npmjs.org/@typescript-eslint/typescript-estree/-/typescript-estree-8.22.0.tgz 0ms (cache hit)
291 http cache @typescript-eslint/types@https://registry.npmjs.org/@typescript-eslint/types/-/types-8.22.0.tgz 0ms (cache hit)
292 http cache @typescript-eslint/scope-manager@https://registry.npmjs.org/@typescript-eslint/scope-manager/-/scope-manager-8.22.0.tgz 0ms (cache hit)
293 http cache @types/sizzle@https://registry.npmjs.org/@types/sizzle/-/sizzle-2.3.9.tgz 0ms (cache hit)
294 http cache @types/react-dom@https://registry.npmjs.org/@types/react-dom/-/react-dom-18.3.5.tgz 0ms (cache hit)
295 http cache @types/react@https://registry.npmjs.org/@types/react/-/react-18.3.18.tgz 0ms (cache hit)
296 http cache @types/node@https://registry.npmjs.org/@types/node/-/node-18.19.74.tgz 0ms (cache hit)
297 http cache @types/lodash@https://registry.npmjs.org/@types/lodash/-/lodash-4.17.15.tgz 0ms (cache hit)
298 http cache @types/prop-types@https://registry.npmjs.org/@types/prop-types/-/prop-types-15.7.14.tgz 0ms (cache hit)
299 http cache @types/jquery@https://registry.npmjs.org/@types/jquery/-/jquery-3.5.32.tgz 0ms (cache hit)
300 http cache @types/estree@https://registry.npmjs.org/@types/estree/-/estree-1.0.6.tgz 0ms (cache hit)
301 http cache @types/d3-scale@https://registry.npmjs.org/@types/d3-scale/-/d3-scale-4.0.8.tgz 0ms (cache hit)
302 http cache @types/d3-path@https://registry.npmjs.org/@types/d3-path/-/d3-path-3.1.0.tgz 0ms (cache hit)
303 http cache @types/babel__traverse@https://registry.npmjs.org/@types/babel__traverse/-/babel__traverse-7.20.6.tgz 0ms (cache hit)
304 http cache @types/babel__generator@https://registry.npmjs.org/@types/babel__generator/-/babel__generator-7.6.8.tgz 0ms (cache hit)
305 http cache @types/d3-array@https://registry.npmjs.org/@types/d3-array/-/d3-array-3.2.1.tgz 0ms (cache hit)
306 http cache @tanstack/virtual-core@https://registry.npmjs.org/@tanstack/virtual-core/-/virtual-core-3.11.3.tgz 0ms (cache hit)
307 http cache @tanstack/react-query@https://registry.npmjs.org/@tanstack/react-query/-/react-query-5.65.1.tgz 0ms (cache hit)
308 http cache @tanstack/react-virtual@https://registry.npmjs.org/@tanstack/react-virtual/-/react-virtual-3.11.3.tgz 0ms (cache hit)
309 http cache @tanstack/eslint-plugin-query@https://registry.npmjs.org/@tanstack/eslint-plugin-query/-/eslint-plugin-query-5.65.0.tgz 0ms (cache hit)
310 http cache @tanstack/query-core@https://registry.npmjs.org/@tanstack/query-core/-/query-core-5.65.0.tgz 0ms (cache hit)
311 http cache @tailwindcss/typography@https://registry.npmjs.org/@tailwindcss/typography/-/typography-0.5.16.tgz 0ms (cache hit)
312 http cache @rollup/rollup-darwin-x64@https://registry.npmjs.org/@rollup/rollup-darwin-x64/-/rollup-darwin-x64-4.32.1.tgz 0ms (cache hit)
313 http cache @react-stately/utils@https://registry.npmjs.org/@react-stately/utils/-/utils-3.10.5.tgz 0ms (cache hit)
314 http cache @react-types/shared@https://registry.npmjs.org/@react-types/shared/-/shared-3.27.0.tgz 0ms (cache hit)
315 http cache @react-aria/utils@https://registry.npmjs.org/@react-aria/utils/-/utils-3.27.0.tgz 0ms (cache hit)
316 http cache @react-aria/ssr@https://registry.npmjs.org/@react-aria/ssr/-/ssr-3.9.7.tgz 0ms (cache hit)
317 http cache @react-aria/focus@https://registry.npmjs.org/@react-aria/focus/-/focus-3.19.1.tgz 0ms (cache hit)
318 http cache @react-aria/interactions@https://registry.npmjs.org/@react-aria/interactions/-/interactions-3.23.0.tgz 0ms (cache hit)
319 http cache @radix-ui/react-tooltip@https://registry.npmjs.org/@radix-ui/react-tooltip/-/react-tooltip-1.1.7.tgz 0ms (cache hit)
320 http cache @radix-ui/react-visually-hidden@https://registry.npmjs.org/@radix-ui/react-visually-hidden/-/react-visually-hidden-1.1.1.tgz 0ms (cache hit)
321 http cache @radix-ui/react-toast@https://registry.npmjs.org/@radix-ui/react-toast/-/react-toast-1.2.5.tgz 0ms (cache hit)
322 http cache @radix-ui/react-slot@https://registry.npmjs.org/@radix-ui/react-slot/-/react-slot-1.1.1.tgz 0ms (cache hit)
323 http cache @radix-ui/react-separator@https://registry.npmjs.org/@radix-ui/react-separator/-/react-separator-1.1.1.tgz 0ms (cache hit)
324 http cache @radix-ui/react-tabs@https://registry.npmjs.org/@radix-ui/react-tabs/-/react-tabs-1.1.2.tgz 0ms (cache hit)
325 http cache @radix-ui/react-select@https://registry.npmjs.org/@radix-ui/react-select/-/react-select-2.1.5.tgz 0ms (cache hit)
326 http cache @radix-ui/react-roving-focus@https://registry.npmjs.org/@radix-ui/react-roving-focus/-/react-roving-focus-1.1.1.tgz 0ms (cache hit)
327 http cache @radix-ui/react-radio-group@https://registry.npmjs.org/@radix-ui/react-radio-group/-/react-radio-group-1.2.2.tgz 0ms (cache hit)
328 http cache @radix-ui/react-primitive@https://registry.npmjs.org/@radix-ui/react-primitive/-/react-primitive-2.0.1.tgz 0ms (cache hit)
329 http cache @radix-ui/react-portal@https://registry.npmjs.org/@radix-ui/react-portal/-/react-portal-1.1.3.tgz 0ms (cache hit)
330 http cache @radix-ui/react-popper@https://registry.npmjs.org/@radix-ui/react-popper/-/react-popper-1.2.1.tgz 0ms (cache hit)
331 http cache @radix-ui/react-popover@https://registry.npmjs.org/@radix-ui/react-popover/-/react-popover-1.1.5.tgz 0ms (cache hit)
332 http cache @radix-ui/react-menu@https://registry.npmjs.org/@radix-ui/react-menu/-/react-menu-2.1.5.tgz 0ms (cache hit)
333 http cache @radix-ui/react-focus-scope@https://registry.npmjs.org/@radix-ui/react-focus-scope/-/react-focus-scope-1.1.1.tgz 0ms (cache hit)
334 http cache @radix-ui/react-label@https://registry.npmjs.org/@radix-ui/react-label/-/react-label-2.1.1.tgz 0ms (cache hit)
335 http cache @radix-ui/react-dismissable-layer@https://registry.npmjs.org/@radix-ui/react-dismissable-layer/-/react-dismissable-layer-1.1.4.tgz 0ms (cache hit)
336 http cache @radix-ui/react-dialog@https://registry.npmjs.org/@radix-ui/react-dialog/-/react-dialog-1.1.5.tgz 0ms (cache hit)
337 http cache @radix-ui/react-dropdown-menu@https://registry.npmjs.org/@radix-ui/react-dropdown-menu/-/react-dropdown-menu-2.1.5.tgz 0ms (cache hit)
338 http cache @radix-ui/react-collection@https://registry.npmjs.org/@radix-ui/react-collection/-/react-collection-1.1.1.tgz 0ms (cache hit)
339 http cache @radix-ui/react-collapsible@https://registry.npmjs.org/@radix-ui/react-collapsible/-/react-collapsible-1.1.2.tgz 0ms (cache hit)
340 http cache @radix-ui/react-checkbox@https://registry.npmjs.org/@radix-ui/react-checkbox/-/react-checkbox-1.1.3.tgz 0ms (cache hit)
341 http cache @radix-ui/react-avatar@https://registry.npmjs.org/@radix-ui/react-avatar/-/react-avatar-1.1.2.tgz 0ms (cache hit)
342 http cache @radix-ui/react-alert-dialog@https://registry.npmjs.org/@radix-ui/react-alert-dialog/-/react-alert-dialog-1.1.5.tgz 0ms (cache hit)
343 http cache @radix-ui/react-arrow@https://registry.npmjs.org/@radix-ui/react-arrow/-/react-arrow-1.1.1.tgz 0ms (cache hit)
344 http cache @mixmark-io/domino@https://registry.npmjs.org/@mixmark-io/domino/-/domino-2.2.0.tgz 0ms (cache hit)
345 http cache @jridgewell/trace-mapping@https://registry.npmjs.org/@jridgewell/trace-mapping/-/trace-mapping-0.3.25.tgz 0ms (cache hit)
346 http cache @jridgewell/sourcemap-codec@https://registry.npmjs.org/@jridgewell/sourcemap-codec/-/sourcemap-codec-1.5.0.tgz 0ms (cache hit)
347 http cache @jridgewell/set-array@https://registry.npmjs.org/@jridgewell/set-array/-/set-array-1.2.1.tgz 0ms (cache hit)
348 http cache @pkgjs/parseargs@https://registry.npmjs.org/@pkgjs/parseargs/-/parseargs-0.11.0.tgz 0ms (cache hit)
349 http cache @jridgewell/gen-mapping@https://registry.npmjs.org/@jridgewell/gen-mapping/-/gen-mapping-0.3.8.tgz 0ms (cache hit)
350 http cache @isaacs/cliui@https://registry.npmjs.org/@isaacs/cliui/-/cliui-8.0.2.tgz 0ms (cache hit)
351 http cache @ianvs/prettier-plugin-sort-imports@https://registry.npmjs.org/@ianvs/prettier-plugin-sort-imports/-/prettier-plugin-sort-imports-4.4.1.tgz 0ms (cache hit)
352 http cache @headlessui/react@https://registry.npmjs.org/@headlessui/react/-/react-2.2.0.tgz 0ms (cache hit)
353 http cache @humanfs/node@https://registry.npmjs.org/@humanfs/node/-/node-0.16.6.tgz 0ms (cache hit)
354 http cache @floating-ui/utils@https://registry.npmjs.org/@floating-ui/utils/-/utils-0.2.9.tgz 0ms (cache hit)
355 http cache @floating-ui/react-dom@https://registry.npmjs.org/@floating-ui/react-dom/-/react-dom-2.1.2.tgz 0ms (cache hit)
356 http cache @floating-ui/dom@https://registry.npmjs.org/@floating-ui/dom/-/dom-1.6.13.tgz 0ms (cache hit)
357 http cache @floating-ui/core@https://registry.npmjs.org/@floating-ui/core/-/core-1.6.9.tgz 0ms (cache hit)
358 http cache @eslint-community/regexpp@https://registry.npmjs.org/@eslint-community/regexpp/-/regexpp-4.12.1.tgz 0ms (cache hit)
359 http cache @eslint-community/eslint-utils@https://registry.npmjs.org/@eslint-community/eslint-utils/-/eslint-utils-4.4.1.tgz 0ms (cache hit)
360 http cache @eslint/object-schema@https://registry.npmjs.org/@eslint/object-schema/-/object-schema-2.1.6.tgz 0ms (cache hit)
361 http cache @eslint/plugin-kit@https://registry.npmjs.org/@eslint/plugin-kit/-/plugin-kit-0.3.4.tgz 0ms (cache hit)
362 http cache @eslint/js@https://registry.npmjs.org/@eslint/js/-/js-9.32.0.tgz 0ms (cache hit)
363 http cache @eslint/eslintrc@https://registry.npmjs.org/@eslint/eslintrc/-/eslintrc-3.3.1.tgz 0ms (cache hit)
364 http cache @eslint/core@https://registry.npmjs.org/@eslint/core/-/core-0.15.1.tgz 0ms (cache hit)
365 http cache @eslint/config-helpers@https://registry.npmjs.org/@eslint/config-helpers/-/config-helpers-0.3.0.tgz 0ms (cache hit)
366 http cache @eslint/config-array@https://registry.npmjs.org/@eslint/config-array/-/config-array-0.21.0.tgz 0ms (cache hit)
367 http cache @ckeditor/ckeditor5-watchdog@https://registry.npmjs.org/@ckeditor/ckeditor5-watchdog/-/ckeditor5-watchdog-44.1.0.tgz 0ms (cache hit)
368 http cache @ckeditor/ckeditor5-word-count@https://registry.npmjs.org/@ckeditor/ckeditor5-word-count/-/ckeditor5-word-count-44.1.0.tgz 0ms (cache hit)
369 http cache @ckeditor/ckeditor5-widget@https://registry.npmjs.org/@ckeditor/ckeditor5-widget/-/ckeditor5-widget-44.1.0.tgz 0ms (cache hit)
370 http cache @ckeditor/ckeditor5-utils@https://registry.npmjs.org/@ckeditor/ckeditor5-utils/-/ckeditor5-utils-44.1.0.tgz 0ms (cache hit)
371 http cache @ckeditor/ckeditor5-upload@https://registry.npmjs.org/@ckeditor/ckeditor5-upload/-/ckeditor5-upload-44.1.0.tgz 0ms (cache hit)
372 http cache @ckeditor/ckeditor5-ui@https://registry.npmjs.org/@ckeditor/ckeditor5-ui/-/ckeditor5-ui-44.1.0.tgz 0ms (cache hit)
373 http cache @ckeditor/ckeditor5-typing@https://registry.npmjs.org/@ckeditor/ckeditor5-typing/-/ckeditor5-typing-44.1.0.tgz 0ms (cache hit)
374 http cache @ckeditor/ckeditor5-undo@https://registry.npmjs.org/@ckeditor/ckeditor5-undo/-/ckeditor5-undo-44.1.0.tgz 0ms (cache hit)
375 http cache @ckeditor/ckeditor5-theme-lark@https://registry.npmjs.org/@ckeditor/ckeditor5-theme-lark/-/ckeditor5-theme-lark-44.1.0.tgz 0ms (cache hit)
376 http cache @ckeditor/ckeditor5-table@https://registry.npmjs.org/@ckeditor/ckeditor5-table/-/ckeditor5-table-44.1.0.tgz 0ms (cache hit)
377 http cache @ckeditor/ckeditor5-style@https://registry.npmjs.org/@ckeditor/ckeditor5-style/-/ckeditor5-style-44.1.0.tgz 0ms (cache hit)
378 http cache @ckeditor/ckeditor5-special-characters@https://registry.npmjs.org/@ckeditor/ckeditor5-special-characters/-/ckeditor5-special-characters-44.1.0.tgz 0ms (cache hit)
379 http cache @ckeditor/ckeditor5-source-editing@https://registry.npmjs.org/@ckeditor/ckeditor5-source-editing/-/ckeditor5-source-editing-44.1.0.tgz 0ms (cache hit)
380 http cache @ckeditor/ckeditor5-select-all@https://registry.npmjs.org/@ckeditor/ckeditor5-select-all/-/ckeditor5-select-all-44.1.0.tgz 0ms (cache hit)
381 http cache @ckeditor/ckeditor5-show-blocks@https://registry.npmjs.org/@ckeditor/ckeditor5-show-blocks/-/ckeditor5-show-blocks-44.1.0.tgz 0ms (cache hit)
382 http cache @ckeditor/ckeditor5-restricted-editing@https://registry.npmjs.org/@ckeditor/ckeditor5-restricted-editing/-/ckeditor5-restricted-editing-44.1.0.tgz 0ms (cache hit)
383 http cache @ckeditor/ckeditor5-remove-format@https://registry.npmjs.org/@ckeditor/ckeditor5-remove-format/-/ckeditor5-remove-format-44.1.0.tgz 0ms (cache hit)
384 http cache @ckeditor/ckeditor5-react@https://registry.npmjs.org/@ckeditor/ckeditor5-react/-/ckeditor5-react-9.4.0.tgz 0ms (cache hit)
385 http cache @ckeditor/ckeditor5-paste-from-office@https://registry.npmjs.org/@ckeditor/ckeditor5-paste-from-office/-/ckeditor5-paste-from-office-44.1.0.tgz 0ms (cache hit)
386 http cache @ckeditor/ckeditor5-paragraph@https://registry.npmjs.org/@ckeditor/ckeditor5-paragraph/-/ckeditor5-paragraph-44.1.0.tgz 0ms (cache hit)
387 http cache @ckeditor/ckeditor5-page-break@https://registry.npmjs.org/@ckeditor/ckeditor5-page-break/-/ckeditor5-page-break-44.1.0.tgz 0ms (cache hit)
388 http cache @ckeditor/ckeditor5-minimap@https://registry.npmjs.org/@ckeditor/ckeditor5-minimap/-/ckeditor5-minimap-44.1.0.tgz 0ms (cache hit)
389 http cache @ckeditor/ckeditor5-mention@https://registry.npmjs.org/@ckeditor/ckeditor5-mention/-/ckeditor5-mention-44.1.0.tgz 0ms (cache hit)
390 http cache @ckeditor/ckeditor5-media-embed@https://registry.npmjs.org/@ckeditor/ckeditor5-media-embed/-/ckeditor5-media-embed-44.1.0.tgz 0ms (cache hit)
391 http cache @ckeditor/ckeditor5-markdown-gfm@https://registry.npmjs.org/@ckeditor/ckeditor5-markdown-gfm/-/ckeditor5-markdown-gfm-44.1.0.tgz 0ms (cache hit)
392 http cache @ckeditor/ckeditor5-list@https://registry.npmjs.org/@ckeditor/ckeditor5-list/-/ckeditor5-list-44.1.0.tgz 0ms (cache hit)
393 http cache @ckeditor/ckeditor5-link@https://registry.npmjs.org/@ckeditor/ckeditor5-link/-/ckeditor5-link-44.1.0.tgz 0ms (cache hit)
394 http cache @ckeditor/ckeditor5-language@https://registry.npmjs.org/@ckeditor/ckeditor5-language/-/ckeditor5-language-44.1.0.tgz 0ms (cache hit)
395 http cache @ckeditor/ckeditor5-integrations-common@https://registry.npmjs.org/@ckeditor/ckeditor5-integrations-common/-/ckeditor5-integrations-common-2.2.2.tgz 0ms (cache hit)
396 http cache @ckeditor/ckeditor5-indent@https://registry.npmjs.org/@ckeditor/ckeditor5-indent/-/ckeditor5-indent-44.1.0.tgz 0ms (cache hit)
397 http cache @ckeditor/ckeditor5-image@https://registry.npmjs.org/@ckeditor/ckeditor5-image/-/ckeditor5-image-44.1.0.tgz 0ms (cache hit)
398 http cache @ckeditor/ckeditor5-html-support@https://registry.npmjs.org/@ckeditor/ckeditor5-html-support/-/ckeditor5-html-support-44.1.0.tgz 0ms (cache hit)
399 http cache @ckeditor/ckeditor5-html-embed@https://registry.npmjs.org/@ckeditor/ckeditor5-html-embed/-/ckeditor5-html-embed-44.1.0.tgz 0ms (cache hit)
400 http cache @ckeditor/ckeditor5-horizontal-line@https://registry.npmjs.org/@ckeditor/ckeditor5-horizontal-line/-/ckeditor5-horizontal-line-44.1.0.tgz 0ms (cache hit)
401 http cache @ckeditor/ckeditor5-highlight@https://registry.npmjs.org/@ckeditor/ckeditor5-highlight/-/ckeditor5-highlight-44.1.0.tgz 0ms (cache hit)
402 http cache @ckeditor/ckeditor5-heading@https://registry.npmjs.org/@ckeditor/ckeditor5-heading/-/ckeditor5-heading-44.1.0.tgz 0ms (cache hit)
403 http cache @ckeditor/ckeditor5-font@https://registry.npmjs.org/@ckeditor/ckeditor5-font/-/ckeditor5-font-44.1.0.tgz 0ms (cache hit)
404 http cache @ckeditor/ckeditor5-essentials@https://registry.npmjs.org/@ckeditor/ckeditor5-essentials/-/ckeditor5-essentials-44.1.0.tgz 0ms (cache hit)
405 http cache @ckeditor/ckeditor5-engine@https://registry.npmjs.org/@ckeditor/ckeditor5-engine/-/ckeditor5-engine-44.1.0.tgz 0ms (cache hit)
406 http cache @ckeditor/ckeditor5-editor-multi-root@https://registry.npmjs.org/@ckeditor/ckeditor5-editor-multi-root/-/ckeditor5-editor-multi-root-44.1.0.tgz 0ms (cache hit)
407 http cache @ckeditor/ckeditor5-find-and-replace@https://registry.npmjs.org/@ckeditor/ckeditor5-find-and-replace/-/ckeditor5-find-and-replace-44.1.0.tgz 0ms (cache hit)
408 http cache @ckeditor/ckeditor5-enter@https://registry.npmjs.org/@ckeditor/ckeditor5-enter/-/ckeditor5-enter-44.1.0.tgz 0ms (cache hit)
409 http cache @ckeditor/ckeditor5-editor-inline@https://registry.npmjs.org/@ckeditor/ckeditor5-editor-inline/-/ckeditor5-editor-inline-44.1.0.tgz 0ms (cache hit)
410 http cache @ckeditor/ckeditor5-editor-decoupled@https://registry.npmjs.org/@ckeditor/ckeditor5-editor-decoupled/-/ckeditor5-editor-decoupled-44.1.0.tgz 0ms (cache hit)
411 http cache @ckeditor/ckeditor5-editor-classic@https://registry.npmjs.org/@ckeditor/ckeditor5-editor-classic/-/ckeditor5-editor-classic-44.1.0.tgz 0ms (cache hit)
412 http cache @ckeditor/ckeditor5-editor-balloon@https://registry.npmjs.org/@ckeditor/ckeditor5-editor-balloon/-/ckeditor5-editor-balloon-44.1.0.tgz 0ms (cache hit)
413 http cache @ckeditor/ckeditor5-easy-image@https://registry.npmjs.org/@ckeditor/ckeditor5-easy-image/-/ckeditor5-easy-image-44.1.0.tgz 0ms (cache hit)
414 http cache @ckeditor/ckeditor5-core@https://registry.npmjs.org/@ckeditor/ckeditor5-core/-/ckeditor5-core-44.1.0.tgz 0ms (cache hit)
415 http cache @ckeditor/ckeditor5-code-block@https://registry.npmjs.org/@ckeditor/ckeditor5-code-block/-/ckeditor5-code-block-44.1.0.tgz 0ms (cache hit)
416 http cache @ckeditor/ckeditor5-cloud-services@https://registry.npmjs.org/@ckeditor/ckeditor5-cloud-services/-/ckeditor5-cloud-services-44.1.0.tgz 0ms (cache hit)
417 http cache @ckeditor/ckeditor5-clipboard@https://registry.npmjs.org/@ckeditor/ckeditor5-clipboard/-/ckeditor5-clipboard-44.1.0.tgz 0ms (cache hit)
418 http cache @ckeditor/ckeditor5-ckfinder@https://registry.npmjs.org/@ckeditor/ckeditor5-ckfinder/-/ckeditor5-ckfinder-44.1.0.tgz 0ms (cache hit)
419 http cache @ckeditor/ckeditor5-ckbox@https://registry.npmjs.org/@ckeditor/ckeditor5-ckbox/-/ckeditor5-ckbox-44.1.0.tgz 0ms (cache hit)
420 http cache @ckeditor/ckeditor5-bookmark@https://registry.npmjs.org/@ckeditor/ckeditor5-bookmark/-/ckeditor5-bookmark-44.1.0.tgz 0ms (cache hit)
421 http cache @ckeditor/ckeditor5-block-quote@https://registry.npmjs.org/@ckeditor/ckeditor5-block-quote/-/ckeditor5-block-quote-44.1.0.tgz 0ms (cache hit)
422 http cache @ckeditor/ckeditor5-autosave@https://registry.npmjs.org/@ckeditor/ckeditor5-autosave/-/ckeditor5-autosave-44.1.0.tgz 0ms (cache hit)
423 http cache @ckeditor/ckeditor5-autoformat@https://registry.npmjs.org/@ckeditor/ckeditor5-autoformat/-/ckeditor5-autoformat-44.1.0.tgz 0ms (cache hit)
424 http cache @ckeditor/ckeditor5-basic-styles@https://registry.npmjs.org/@ckeditor/ckeditor5-basic-styles/-/ckeditor5-basic-styles-44.1.0.tgz 0ms (cache hit)
425 http cache @ckeditor/ckeditor5-alignment@https://registry.npmjs.org/@ckeditor/ckeditor5-alignment/-/ckeditor5-alignment-44.1.0.tgz 0ms (cache hit)
426 http cache @ckeditor/ckeditor5-adapter-ckfinder@https://registry.npmjs.org/@ckeditor/ckeditor5-adapter-ckfinder/-/ckeditor5-adapter-ckfinder-44.1.0.tgz 0ms (cache hit)
427 http cache @babel/types@https://registry.npmjs.org/@babel/types/-/types-7.28.2.tgz 0ms (cache hit)
428 http cache @babel/traverse@https://registry.npmjs.org/@babel/traverse/-/traverse-7.26.7.tgz 0ms (cache hit)
429 http cache @babel/runtime@https://registry.npmjs.org/@babel/runtime/-/runtime-7.28.2.tgz 0ms (cache hit)
430 http cache @babel/plugin-transform-react-jsx-self@https://registry.npmjs.org/@babel/plugin-transform-react-jsx-self/-/plugin-transform-react-jsx-self-7.25.9.tgz 0ms (cache hit)
431 http cache @babel/plugin-transform-react-jsx-source@https://registry.npmjs.org/@babel/plugin-transform-react-jsx-source/-/plugin-transform-react-jsx-source-7.25.9.tgz 0ms (cache hit)
432 http cache @babel/parser@https://registry.npmjs.org/@babel/parser/-/parser-7.28.0.tgz 0ms (cache hit)
433 http cache @babel/helpers@https://registry.npmjs.org/@babel/helpers/-/helpers-7.28.2.tgz 0ms (cache hit)
434 http cache @babel/helper-validator-option@https://registry.npmjs.org/@babel/helper-validator-option/-/helper-validator-option-7.25.9.tgz 0ms (cache hit)
435 http cache @babel/helper-validator-identifier@https://registry.npmjs.org/@babel/helper-validator-identifier/-/helper-validator-identifier-7.27.1.tgz 0ms (cache hit)
436 http cache @babel/helper-plugin-utils@https://registry.npmjs.org/@babel/helper-plugin-utils/-/helper-plugin-utils-7.26.5.tgz 0ms (cache hit)
437 http cache @babel/helper-module-transforms@https://registry.npmjs.org/@babel/helper-module-transforms/-/helper-module-transforms-7.26.0.tgz 0ms (cache hit)
438 http cache @babel/helper-module-imports@https://registry.npmjs.org/@babel/helper-module-imports/-/helper-module-imports-7.25.9.tgz 0ms (cache hit)
439 http cache @babel/helper-compilation-targets@https://registry.npmjs.org/@babel/helper-compilation-targets/-/helper-compilation-targets-7.26.5.tgz 0ms (cache hit)
440 http cache @babel/core@https://registry.npmjs.org/@babel/core/-/core-7.26.7.tgz 0ms (cache hit)
441 http cache @babel/compat-data@https://registry.npmjs.org/@babel/compat-data/-/compat-data-7.26.5.tgz 0ms (cache hit)
442 http cache @babel/generator@https://registry.npmjs.org/@babel/generator/-/generator-7.26.5.tgz 0ms (cache hit)
443 http cache yaml@https://registry.npmjs.org/yaml/-/yaml-2.7.0.tgz 0ms (cache hit)
444 http cache @ampproject/remapping@https://registry.npmjs.org/@ampproject/remapping/-/remapping-2.3.0.tgz 0ms (cache hit)
445 http cache wrap-ansi@https://registry.npmjs.org/wrap-ansi/-/wrap-ansi-9.0.0.tgz 0ms (cache hit)
446 http cache vite@https://registry.npmjs.org/vite/-/vite-5.4.19.tgz 1ms (cache hit)
447 http cache use-sync-external-store@https://registry.npmjs.org/use-sync-external-store/-/use-sync-external-store-1.4.0.tgz 0ms (cache hit)
448 http cache update-browserslist-db@https://registry.npmjs.org/update-browserslist-db/-/update-browserslist-db-1.1.2.tgz 0ms (cache hit)
449 http cache typescript@https://registry.npmjs.org/typescript/-/typescript-5.7.3.tgz 0ms (cache hit)
450 http cache turndown-plugin-gfm@https://registry.npmjs.org/turndown-plugin-gfm/-/turndown-plugin-gfm-1.0.2.tgz 0ms (cache hit)
451 http cache turndown@https://registry.npmjs.org/turndown/-/turndown-7.2.0.tgz 0ms (cache hit)
452 http cache ts-api-utils@https://registry.npmjs.org/ts-api-utils/-/ts-api-utils-2.0.0.tgz 0ms (cache hit)
453 http cache tinymce@https://registry.npmjs.org/tinymce/-/tinymce-7.6.1.tgz 0ms (cache hit)
454 http cache tailwindcss@https://registry.npmjs.org/tailwindcss/-/tailwindcss-3.4.17.tgz 0ms (cache hit)
455 http cache tabbable@https://registry.npmjs.org/tabbable/-/tabbable-6.2.0.tgz 0ms (cache hit)
456 http cache sucrase@https://registry.npmjs.org/sucrase/-/sucrase-3.35.0.tgz 0ms (cache hit)
457 http cache strip-ansi@https://registry.npmjs.org/strip-ansi/-/strip-ansi-7.1.0.tgz 0ms (cache hit)
458 http cache semver@https://registry.npmjs.org/semver/-/semver-7.6.3.tgz 0ms (cache hit)
459 http cache rollup@https://registry.npmjs.org/rollup/-/rollup-4.32.1.tgz 0ms (cache hit)
460 http cache reusify@https://registry.npmjs.org/reusify/-/reusify-1.0.4.tgz 0ms (cache hit)
461 http cache recharts@https://registry.npmjs.org/recharts/-/recharts-2.15.1.tgz 0ms (cache hit)
462 http cache resolve@https://registry.npmjs.org/resolve/-/resolve-1.22.10.tgz 0ms (cache hit)
463 http cache react-dropzone@https://registry.npmjs.org/react-dropzone/-/react-dropzone-14.3.5.tgz 0ms (cache hit)
464 http cache react-remove-scroll@https://registry.npmjs.org/react-remove-scroll/-/react-remove-scroll-2.6.3.tgz 0ms (cache hit)
465 http cache react-refresh@https://registry.npmjs.org/react-refresh/-/react-refresh-0.14.2.tgz 0ms (cache hit)
466 http cache react-currency-input-field@https://registry.npmjs.org/react-currency-input-field/-/react-currency-input-field-3.9.0.tgz 0ms (cache hit)
467 http cache prettier-plugin-tailwindcss@https://registry.npmjs.org/prettier-plugin-tailwindcss/-/prettier-plugin-tailwindcss-0.6.11.tgz 0ms (cache hit)
468 http cache postcss-load-config@https://registry.npmjs.org/postcss-load-config/-/postcss-load-config-4.0.2.tgz 0ms (cache hit)
469 http cache prettier@https://registry.npmjs.org/prettier/-/prettier-3.4.2.tgz 0ms (cache hit)
470 http cache postcss-js@https://registry.npmjs.org/postcss-js/-/postcss-js-4.0.1.tgz 0ms (cache hit)
471 http cache pirates@https://registry.npmjs.org/pirates/-/pirates-4.0.6.tgz 0ms (cache hit)
472 http cache path-scurry@https://registry.npmjs.org/path-scurry/-/path-scurry-1.11.1.tgz 0ms (cache hit)
473 http cache package-json-from-dist@https://registry.npmjs.org/package-json-from-dist/-/package-json-from-dist-1.0.1.tgz 0ms (cache hit)
474 http cache postcss@https://registry.npmjs.org/postcss/-/postcss-8.5.1.tgz 0ms (cache hit)
475 http cache nuqs@https://registry.npmjs.org/nuqs/-/nuqs-2.4.0.tgz 0ms (cache hit)
476 http cache object-inspect@https://registry.npmjs.org/object-inspect/-/object-inspect-1.13.3.tgz 0ms (cache hit)
477 http cache mitt@https://registry.npmjs.org/mitt/-/mitt-3.0.1.tgz 0ms (cache hit)
478 http cache nanoid@https://registry.npmjs.org/nanoid/-/nanoid-3.3.8.tgz 0ms (cache hit)
479 http cache node-releases@https://registry.npmjs.org/node-releases/-/node-releases-2.0.19.tgz 0ms (cache hit)
480 http cache minipass@https://registry.npmjs.org/minipass/-/minipass-7.1.2.tgz 0ms (cache hit)
481 http cache lodash.castarray@https://registry.npmjs.org/lodash.castarray/-/lodash.castarray-4.4.0.tgz 0ms (cache hit)
482 http cache marked@https://registry.npmjs.org/marked/-/marked-4.0.12.tgz 0ms (cache hit)
483 http cache lodash.isplainobject@https://registry.npmjs.org/lodash.isplainobject/-/lodash.isplainobject-4.0.6.tgz 0ms (cache hit)
484 http cache lodash-es@https://registry.npmjs.org/lodash-es/-/lodash-es-4.17.21.tgz 0ms (cache hit)
485 http cache listr2@https://registry.npmjs.org/listr2/-/listr2-8.2.5.tgz 0ms (cache hit)
486 http cache jackspeak@https://registry.npmjs.org/jackspeak/-/jackspeak-3.4.3.tgz 0ms (cache hit)
487 http cache js-yaml@https://registry.npmjs.org/js-yaml/-/js-yaml-4.1.0.tgz 0ms (cache hit)
488 http cache laravel-vite-plugin@https://registry.npmjs.org/laravel-vite-plugin/-/laravel-vite-plugin-1.2.0.tgz 0ms (cache hit)
489 http cache lint-staged@https://registry.npmjs.org/lint-staged/-/lint-staged-15.4.3.tgz 0ms (cache hit)
490 http cache globals@https://registry.npmjs.org/globals/-/globals-11.12.0.tgz 0ms (cache hit)
491 http cache glob@https://registry.npmjs.org/glob/-/glob-10.4.5.tgz 0ms (cache hit)
492 http cache get-east-asian-width@https://registry.npmjs.org/get-east-asian-width/-/get-east-asian-width-1.3.0.tgz 0ms (cache hit)
493 http cache get-intrinsic@https://registry.npmjs.org/get-intrinsic/-/get-intrinsic-1.2.7.tgz 0ms (cache hit)
494 http cache form-data@https://registry.npmjs.org/form-data/-/form-data-4.0.4.tgz 0ms (cache hit)
495 http cache fraction.js@https://registry.npmjs.org/fraction.js/-/fraction.js-4.3.7.tgz 0ms (cache hit)
496 http cache follow-redirects@https://registry.npmjs.org/follow-redirects/-/follow-redirects-1.15.9.tgz 0ms (cache hit)
497 http cache flatted@https://registry.npmjs.org/flatted/-/flatted-3.3.2.tgz 0ms (cache hit)
498 http cache fastq@https://registry.npmjs.org/fastq/-/fastq-1.18.0.tgz 0ms (cache hit)
499 http cache foreground-child@https://registry.npmjs.org/foreground-child/-/foreground-child-3.3.0.tgz 0ms (cache hit)
500 http cache eslint@https://registry.npmjs.org/eslint/-/eslint-9.32.0.tgz 0ms (cache hit)
501 http cache fast-equals@https://registry.npmjs.org/fast-equals/-/fast-equals-5.2.2.tgz 0ms (cache hit)
502 http cache electron-to-chromium@https://registry.npmjs.org/electron-to-chromium/-/electron-to-chromium-1.5.88.tgz 0ms (cache hit)
503 http cache emoji-regex@https://registry.npmjs.org/emoji-regex/-/emoji-regex-10.4.0.tgz 0ms (cache hit)
504 http cache eastasianwidth@https://registry.npmjs.org/eastasianwidth/-/eastasianwidth-0.2.0.tgz 0ms (cache hit)
505 http cache dayjs@https://registry.npmjs.org/dayjs/-/dayjs-1.11.13.tgz 0ms (cache hit)
506 http cache debug@https://registry.npmjs.org/debug/-/debug-4.4.0.tgz 0ms (cache hit)
507 http cache csstype@https://registry.npmjs.org/csstype/-/csstype-3.1.3.tgz 0ms (cache hit)
508 http cache core-js@https://registry.npmjs.org/core-js/-/core-js-3.40.0.tgz 0ms (cache hit)
509 http cache cmdk@https://registry.npmjs.org/cmdk/-/cmdk-1.0.4.tgz 0ms (cache hit)
510 http cache color-parse@https://registry.npmjs.org/color-parse/-/color-parse-1.4.2.tgz 0ms (cache hit)
511 http cache ckeditor5@https://registry.npmjs.org/ckeditor5/-/ckeditor5-44.1.0.tgz 0ms (cache hit)
512 http cache caniuse-lite@https://registry.npmjs.org/caniuse-lite/-/caniuse-lite-1.0.30001759.tgz 0ms (cache hit)
513 http cache call-bound@https://registry.npmjs.org/call-bound/-/call-bound-1.0.3.tgz 0ms (cache hit)
514 http cache call-bind-apply-helpers@https://registry.npmjs.org/call-bind-apply-helpers/-/call-bind-apply-helpers-1.0.1.tgz 0ms (cache hit)
515 http cache brace-expansion@https://registry.npmjs.org/brace-expansion/-/brace-expansion-2.0.1.tgz 0ms (cache hit)
516 http cache axios@https://registry.npmjs.org/axios/-/axios-1.11.0.tgz 0ms (cache hit)
517 http cache autoprefixer@https://registry.npmjs.org/autoprefixer/-/autoprefixer-10.4.20.tgz 0ms (cache hit)
518 http cache aria-hidden@https://registry.npmjs.org/aria-hidden/-/aria-hidden-1.2.4.tgz 0ms (cache hit)
519 http cache browserslist@https://registry.npmjs.org/browserslist/-/browserslist-4.24.4.tgz 0ms (cache hit)
520 http cache ansi-regex@https://registry.npmjs.org/ansi-regex/-/ansi-regex-6.1.0.tgz 0ms (cache hit)
521 http cache ansi-escapes@https://registry.npmjs.org/ansi-escapes/-/ansi-escapes-7.0.0.tgz 0ms (cache hit)
522 http cache ansi-styles@https://registry.npmjs.org/ansi-styles/-/ansi-styles-6.2.1.tgz 0ms (cache hit)
523 http cache is-fullwidth-code-point@https://registry.npmjs.org/is-fullwidth-code-point/-/is-fullwidth-code-point-5.0.0.tgz 0ms (cache hit)
524 http cache ansi-styles@https://registry.npmjs.org/ansi-styles/-/ansi-styles-6.2.1.tgz 0ms (cache hit)
525 http cache slice-ansi@https://registry.npmjs.org/slice-ansi/-/slice-ansi-7.1.0.tgz 0ms (cache hit)
526 http cache eslint-visitor-keys@https://registry.npmjs.org/eslint-visitor-keys/-/eslint-visitor-keys-4.2.0.tgz 0ms (cache hit)
527 http cache wrap-ansi@https://registry.npmjs.org/wrap-ansi/-/wrap-ansi-8.1.0.tgz 0ms (cache hit)
528 http cache string-width@https://registry.npmjs.org/string-width/-/string-width-5.1.2.tgz 0ms (cache hit)
529 http cache ansi-styles@https://registry.npmjs.org/ansi-styles/-/ansi-styles-6.2.1.tgz 0ms (cache hit)
530 http cache @humanwhocodes/retry@https://registry.npmjs.org/@humanwhocodes/retry/-/retry-0.3.1.tgz 0ms (cache hit)
531 http cache semver@https://registry.npmjs.org/semver/-/semver-6.3.1.tgz 0ms (cache hit)
532 http cache semver@https://registry.npmjs.org/semver/-/semver-6.3.1.tgz 0ms (cache hit)
533 http cache ansi-styles@https://registry.npmjs.org/ansi-styles/-/ansi-styles-6.2.1.tgz 0ms (cache hit)
534 http cache lru-cache@https://registry.npmjs.org/lru-cache/-/lru-cache-10.4.3.tgz 0ms (cache hit)
535 http cache chalk@https://registry.npmjs.org/chalk/-/chalk-5.4.1.tgz 0ms (cache hit)
536 silly tarball no local data for which@https://registry.npmjs.org/which/-/which-2.0.2.tgz. Extracting by manifest.
537 silly tarball no local data for uuid@https://registry.npmjs.org/uuid/-/uuid-10.0.0.tgz. Extracting by manifest.
538 silly tarball no local data for loose-envify@https://registry.npmjs.org/loose-envify/-/loose-envify-1.4.0.tgz. Extracting by manifest.
539 silly tarball no local data for mini-svg-data-uri@https://registry.npmjs.org/mini-svg-data-uri/-/mini-svg-data-uri-1.4.4.tgz. Extracting by manifest.
540 silly tarball no local data for pidtree@https://registry.npmjs.org/pidtree/-/pidtree-0.6.0.tgz. Extracting by manifest.
541 silly tarball no local data for json5@https://registry.npmjs.org/json5/-/json5-2.2.3.tgz. Extracting by manifest.
542 silly tarball no local data for esbuild@https://registry.npmjs.org/esbuild/-/esbuild-0.21.5.tgz. Extracting by manifest.
543 silly tarball no local data for jsesc@https://registry.npmjs.org/jsesc/-/jsesc-3.1.0.tgz. Extracting by manifest.
544 silly tarball no local data for husky@https://registry.npmjs.org/husky/-/husky-9.1.7.tgz. Extracting by manifest.
545 silly tarball no local data for jiti@https://registry.npmjs.org/jiti/-/jiti-1.21.7.tgz. Extracting by manifest.
546 silly tarball no local data for cssesc@https://registry.npmjs.org/cssesc/-/cssesc-3.0.0.tgz. Extracting by manifest.
547 silly tarball no local data for atob@https://registry.npmjs.org/atob/-/atob-2.1.2.tgz. Extracting by manifest.
548 silly tarball no local data for acorn@https://registry.npmjs.org/acorn/-/acorn-8.15.0.tgz. Extracting by manifest.
549 silly tarball no local data for btoa@https://registry.npmjs.org/btoa/-/btoa-1.2.1.tgz. Extracting by manifest.
550 silly tarball no local data for @typescript-eslint/utils@https://registry.npmjs.org/@typescript-eslint/utils/-/utils-8.22.0.tgz. Extracting by manifest.
551 silly tarball no local data for @typescript-eslint/visitor-keys@https://registry.npmjs.org/@typescript-eslint/visitor-keys/-/visitor-keys-8.22.0.tgz. Extracting by manifest.
552 silly tarball no local data for @vitejs/plugin-react@https://registry.npmjs.org/@vitejs/plugin-react/-/plugin-react-4.3.4.tgz. Extracting by manifest.
553 silly tarball no local data for @typescript-eslint/typescript-estree@https://registry.npmjs.org/@typescript-eslint/typescript-estree/-/typescript-estree-8.22.0.tgz. Extracting by manifest.
554 silly tarball no local data for @typescript-eslint/types@https://registry.npmjs.org/@typescript-eslint/types/-/types-8.22.0.tgz. Extracting by manifest.
555 silly tarball no local data for @typescript-eslint/scope-manager@https://registry.npmjs.org/@typescript-eslint/scope-manager/-/scope-manager-8.22.0.tgz. Extracting by manifest.
556 silly tarball no local data for @types/sizzle@https://registry.npmjs.org/@types/sizzle/-/sizzle-2.3.9.tgz. Extracting by manifest.
557 silly tarball no local data for @types/react-dom@https://registry.npmjs.org/@types/react-dom/-/react-dom-18.3.5.tgz. Extracting by manifest.
558 silly tarball no local data for @types/react@https://registry.npmjs.org/@types/react/-/react-18.3.18.tgz. Extracting by manifest.
559 silly tarball no local data for @types/node@https://registry.npmjs.org/@types/node/-/node-18.19.74.tgz. Extracting by manifest.
560 silly tarball no local data for @types/lodash@https://registry.npmjs.org/@types/lodash/-/lodash-4.17.15.tgz. Extracting by manifest.
561 silly tarball no local data for @types/prop-types@https://registry.npmjs.org/@types/prop-types/-/prop-types-15.7.14.tgz. Extracting by manifest.
562 silly tarball no local data for @types/jquery@https://registry.npmjs.org/@types/jquery/-/jquery-3.5.32.tgz. Extracting by manifest.
563 silly tarball no local data for @types/estree@https://registry.npmjs.org/@types/estree/-/estree-1.0.6.tgz. Extracting by manifest.
564 silly tarball no local data for @types/d3-scale@https://registry.npmjs.org/@types/d3-scale/-/d3-scale-4.0.8.tgz. Extracting by manifest.
565 silly tarball no local data for @types/d3-path@https://registry.npmjs.org/@types/d3-path/-/d3-path-3.1.0.tgz. Extracting by manifest.
566 silly tarball no local data for @types/babel__traverse@https://registry.npmjs.org/@types/babel__traverse/-/babel__traverse-7.20.6.tgz. Extracting by manifest.
567 silly tarball no local data for @types/babel__generator@https://registry.npmjs.org/@types/babel__generator/-/babel__generator-7.6.8.tgz. Extracting by manifest.
568 silly tarball no local data for @types/d3-array@https://registry.npmjs.org/@types/d3-array/-/d3-array-3.2.1.tgz. Extracting by manifest.
569 silly tarball no local data for @tanstack/virtual-core@https://registry.npmjs.org/@tanstack/virtual-core/-/virtual-core-3.11.3.tgz. Extracting by manifest.
570 silly tarball no local data for @tanstack/react-query@https://registry.npmjs.org/@tanstack/react-query/-/react-query-5.65.1.tgz. Extracting by manifest.
571 silly tarball no local data for @tanstack/react-virtual@https://registry.npmjs.org/@tanstack/react-virtual/-/react-virtual-3.11.3.tgz. Extracting by manifest.
572 silly tarball no local data for @tanstack/eslint-plugin-query@https://registry.npmjs.org/@tanstack/eslint-plugin-query/-/eslint-plugin-query-5.65.0.tgz. Extracting by manifest.
573 silly tarball no local data for @tanstack/query-core@https://registry.npmjs.org/@tanstack/query-core/-/query-core-5.65.0.tgz. Extracting by manifest.
574 silly tarball no local data for @tailwindcss/typography@https://registry.npmjs.org/@tailwindcss/typography/-/typography-0.5.16.tgz. Extracting by manifest.
575 silly tarball no local data for @rollup/rollup-darwin-x64@https://registry.npmjs.org/@rollup/rollup-darwin-x64/-/rollup-darwin-x64-4.32.1.tgz. Extracting by manifest.
576 silly tarball no local data for @react-stately/utils@https://registry.npmjs.org/@react-stately/utils/-/utils-3.10.5.tgz. Extracting by manifest.
577 silly tarball no local data for @react-types/shared@https://registry.npmjs.org/@react-types/shared/-/shared-3.27.0.tgz. Extracting by manifest.
578 silly tarball no local data for @react-aria/utils@https://registry.npmjs.org/@react-aria/utils/-/utils-3.27.0.tgz. Extracting by manifest.
579 silly tarball no local data for @react-aria/ssr@https://registry.npmjs.org/@react-aria/ssr/-/ssr-3.9.7.tgz. Extracting by manifest.
580 silly tarball no local data for @react-aria/focus@https://registry.npmjs.org/@react-aria/focus/-/focus-3.19.1.tgz. Extracting by manifest.
581 silly tarball no local data for @react-aria/interactions@https://registry.npmjs.org/@react-aria/interactions/-/interactions-3.23.0.tgz. Extracting by manifest.
582 silly tarball no local data for @radix-ui/react-tooltip@https://registry.npmjs.org/@radix-ui/react-tooltip/-/react-tooltip-1.1.7.tgz. Extracting by manifest.
583 silly tarball no local data for @radix-ui/react-visually-hidden@https://registry.npmjs.org/@radix-ui/react-visually-hidden/-/react-visually-hidden-1.1.1.tgz. Extracting by manifest.
584 silly tarball no local data for @radix-ui/react-toast@https://registry.npmjs.org/@radix-ui/react-toast/-/react-toast-1.2.5.tgz. Extracting by manifest.
585 silly tarball no local data for @radix-ui/react-slot@https://registry.npmjs.org/@radix-ui/react-slot/-/react-slot-1.1.1.tgz. Extracting by manifest.
586 silly tarball no local data for @radix-ui/react-separator@https://registry.npmjs.org/@radix-ui/react-separator/-/react-separator-1.1.1.tgz. Extracting by manifest.
587 silly tarball no local data for @radix-ui/react-tabs@https://registry.npmjs.org/@radix-ui/react-tabs/-/react-tabs-1.1.2.tgz. Extracting by manifest.
588 silly tarball no local data for @radix-ui/react-select@https://registry.npmjs.org/@radix-ui/react-select/-/react-select-2.1.5.tgz. Extracting by manifest.
589 silly tarball no local data for @radix-ui/react-roving-focus@https://registry.npmjs.org/@radix-ui/react-roving-focus/-/react-roving-focus-1.1.1.tgz. Extracting by manifest.
590 silly tarball no local data for @radix-ui/react-radio-group@https://registry.npmjs.org/@radix-ui/react-radio-group/-/react-radio-group-1.2.2.tgz. Extracting by manifest.
591 silly tarball no local data for @radix-ui/react-primitive@https://registry.npmjs.org/@radix-ui/react-primitive/-/react-primitive-2.0.1.tgz. Extracting by manifest.
592 silly tarball no local data for @radix-ui/react-portal@https://registry.npmjs.org/@radix-ui/react-portal/-/react-portal-1.1.3.tgz. Extracting by manifest.
593 silly tarball no local data for @radix-ui/react-popper@https://registry.npmjs.org/@radix-ui/react-popper/-/react-popper-1.2.1.tgz. Extracting by manifest.
594 silly tarball no local data for @radix-ui/react-popover@https://registry.npmjs.org/@radix-ui/react-popover/-/react-popover-1.1.5.tgz. Extracting by manifest.
595 silly tarball no local data for @radix-ui/react-menu@https://registry.npmjs.org/@radix-ui/react-menu/-/react-menu-2.1.5.tgz. Extracting by manifest.
596 silly tarball no local data for @radix-ui/react-focus-scope@https://registry.npmjs.org/@radix-ui/react-focus-scope/-/react-focus-scope-1.1.1.tgz. Extracting by manifest.
597 silly tarball no local data for @radix-ui/react-label@https://registry.npmjs.org/@radix-ui/react-label/-/react-label-2.1.1.tgz. Extracting by manifest.
598 silly tarball no local data for @radix-ui/react-dismissable-layer@https://registry.npmjs.org/@radix-ui/react-dismissable-layer/-/react-dismissable-layer-1.1.4.tgz. Extracting by manifest.
599 silly tarball no local data for @radix-ui/react-dialog@https://registry.npmjs.org/@radix-ui/react-dialog/-/react-dialog-1.1.5.tgz. Extracting by manifest.
600 silly tarball no local data for @radix-ui/react-dropdown-menu@https://registry.npmjs.org/@radix-ui/react-dropdown-menu/-/react-dropdown-menu-2.1.5.tgz. Extracting by manifest.
601 silly tarball no local data for @radix-ui/react-collection@https://registry.npmjs.org/@radix-ui/react-collection/-/react-collection-1.1.1.tgz. Extracting by manifest.
602 silly tarball no local data for @radix-ui/react-collapsible@https://registry.npmjs.org/@radix-ui/react-collapsible/-/react-collapsible-1.1.2.tgz. Extracting by manifest.
603 silly tarball no local data for @radix-ui/react-checkbox@https://registry.npmjs.org/@radix-ui/react-checkbox/-/react-checkbox-1.1.3.tgz. Extracting by manifest.
604 silly tarball no local data for @radix-ui/react-avatar@https://registry.npmjs.org/@radix-ui/react-avatar/-/react-avatar-1.1.2.tgz. Extracting by manifest.
605 silly tarball no local data for @radix-ui/react-alert-dialog@https://registry.npmjs.org/@radix-ui/react-alert-dialog/-/react-alert-dialog-1.1.5.tgz. Extracting by manifest.
606 silly tarball no local data for @radix-ui/react-arrow@https://registry.npmjs.org/@radix-ui/react-arrow/-/react-arrow-1.1.1.tgz. Extracting by manifest.
607 silly tarball no local data for @mixmark-io/domino@https://registry.npmjs.org/@mixmark-io/domino/-/domino-2.2.0.tgz. Extracting by manifest.
608 silly tarball no local data for @jridgewell/trace-mapping@https://registry.npmjs.org/@jridgewell/trace-mapping/-/trace-mapping-0.3.25.tgz. Extracting by manifest.
609 silly tarball no local data for @jridgewell/sourcemap-codec@https://registry.npmjs.org/@jridgewell/sourcemap-codec/-/sourcemap-codec-1.5.0.tgz. Extracting by manifest.
610 silly tarball no local data for @jridgewell/set-array@https://registry.npmjs.org/@jridgewell/set-array/-/set-array-1.2.1.tgz. Extracting by manifest.
611 silly tarball no local data for @pkgjs/parseargs@https://registry.npmjs.org/@pkgjs/parseargs/-/parseargs-0.11.0.tgz. Extracting by manifest.
612 silly tarball no local data for @jridgewell/gen-mapping@https://registry.npmjs.org/@jridgewell/gen-mapping/-/gen-mapping-0.3.8.tgz. Extracting by manifest.
613 silly tarball no local data for @isaacs/cliui@https://registry.npmjs.org/@isaacs/cliui/-/cliui-8.0.2.tgz. Extracting by manifest.
614 silly tarball no local data for @ianvs/prettier-plugin-sort-imports@https://registry.npmjs.org/@ianvs/prettier-plugin-sort-imports/-/prettier-plugin-sort-imports-4.4.1.tgz. Extracting by manifest.
615 silly tarball no local data for @headlessui/react@https://registry.npmjs.org/@headlessui/react/-/react-2.2.0.tgz. Extracting by manifest.
616 silly tarball no local data for @humanfs/node@https://registry.npmjs.org/@humanfs/node/-/node-0.16.6.tgz. Extracting by manifest.
617 silly tarball no local data for @floating-ui/utils@https://registry.npmjs.org/@floating-ui/utils/-/utils-0.2.9.tgz. Extracting by manifest.
618 silly tarball no local data for @floating-ui/react-dom@https://registry.npmjs.org/@floating-ui/react-dom/-/react-dom-2.1.2.tgz. Extracting by manifest.
619 silly tarball no local data for @floating-ui/dom@https://registry.npmjs.org/@floating-ui/dom/-/dom-1.6.13.tgz. Extracting by manifest.
620 silly tarball no local data for @floating-ui/core@https://registry.npmjs.org/@floating-ui/core/-/core-1.6.9.tgz. Extracting by manifest.
621 silly tarball no local data for @eslint-community/regexpp@https://registry.npmjs.org/@eslint-community/regexpp/-/regexpp-4.12.1.tgz. Extracting by manifest.
622 silly tarball no local data for @eslint-community/eslint-utils@https://registry.npmjs.org/@eslint-community/eslint-utils/-/eslint-utils-4.4.1.tgz. Extracting by manifest.
623 silly tarball no local data for @eslint/object-schema@https://registry.npmjs.org/@eslint/object-schema/-/object-schema-2.1.6.tgz. Extracting by manifest.
624 silly tarball no local data for @eslint/plugin-kit@https://registry.npmjs.org/@eslint/plugin-kit/-/plugin-kit-0.3.4.tgz. Extracting by manifest.
625 silly tarball no local data for @eslint/js@https://registry.npmjs.org/@eslint/js/-/js-9.32.0.tgz. Extracting by manifest.
626 silly tarball no local data for @eslint/eslintrc@https://registry.npmjs.org/@eslint/eslintrc/-/eslintrc-3.3.1.tgz. Extracting by manifest.
627 silly tarball no local data for @eslint/core@https://registry.npmjs.org/@eslint/core/-/core-0.15.1.tgz. Extracting by manifest.
628 silly tarball no local data for @eslint/config-helpers@https://registry.npmjs.org/@eslint/config-helpers/-/config-helpers-0.3.0.tgz. Extracting by manifest.
629 silly tarball no local data for @eslint/config-array@https://registry.npmjs.org/@eslint/config-array/-/config-array-0.21.0.tgz. Extracting by manifest.
630 silly tarball no local data for @ckeditor/ckeditor5-watchdog@https://registry.npmjs.org/@ckeditor/ckeditor5-watchdog/-/ckeditor5-watchdog-44.1.0.tgz. Extracting by manifest.
631 silly tarball no local data for @ckeditor/ckeditor5-word-count@https://registry.npmjs.org/@ckeditor/ckeditor5-word-count/-/ckeditor5-word-count-44.1.0.tgz. Extracting by manifest.
632 silly tarball no local data for @ckeditor/ckeditor5-widget@https://registry.npmjs.org/@ckeditor/ckeditor5-widget/-/ckeditor5-widget-44.1.0.tgz. Extracting by manifest.
633 silly tarball no local data for @ckeditor/ckeditor5-utils@https://registry.npmjs.org/@ckeditor/ckeditor5-utils/-/ckeditor5-utils-44.1.0.tgz. Extracting by manifest.
634 silly tarball no local data for @ckeditor/ckeditor5-upload@https://registry.npmjs.org/@ckeditor/ckeditor5-upload/-/ckeditor5-upload-44.1.0.tgz. Extracting by manifest.
635 silly tarball no local data for @ckeditor/ckeditor5-ui@https://registry.npmjs.org/@ckeditor/ckeditor5-ui/-/ckeditor5-ui-44.1.0.tgz. Extracting by manifest.
636 silly tarball no local data for @ckeditor/ckeditor5-typing@https://registry.npmjs.org/@ckeditor/ckeditor5-typing/-/ckeditor5-typing-44.1.0.tgz. Extracting by manifest.
637 silly tarball no local data for @ckeditor/ckeditor5-undo@https://registry.npmjs.org/@ckeditor/ckeditor5-undo/-/ckeditor5-undo-44.1.0.tgz. Extracting by manifest.
638 silly tarball no local data for @ckeditor/ckeditor5-theme-lark@https://registry.npmjs.org/@ckeditor/ckeditor5-theme-lark/-/ckeditor5-theme-lark-44.1.0.tgz. Extracting by manifest.
639 silly tarball no local data for @ckeditor/ckeditor5-table@https://registry.npmjs.org/@ckeditor/ckeditor5-table/-/ckeditor5-table-44.1.0.tgz. Extracting by manifest.
640 silly tarball no local data for @ckeditor/ckeditor5-style@https://registry.npmjs.org/@ckeditor/ckeditor5-style/-/ckeditor5-style-44.1.0.tgz. Extracting by manifest.
641 silly tarball no local data for @ckeditor/ckeditor5-special-characters@https://registry.npmjs.org/@ckeditor/ckeditor5-special-characters/-/ckeditor5-special-characters-44.1.0.tgz. Extracting by manifest.
642 silly tarball no local data for @ckeditor/ckeditor5-source-editing@https://registry.npmjs.org/@ckeditor/ckeditor5-source-editing/-/ckeditor5-source-editing-44.1.0.tgz. Extracting by manifest.
643 silly tarball no local data for @ckeditor/ckeditor5-select-all@https://registry.npmjs.org/@ckeditor/ckeditor5-select-all/-/ckeditor5-select-all-44.1.0.tgz. Extracting by manifest.
644 silly tarball no local data for @ckeditor/ckeditor5-show-blocks@https://registry.npmjs.org/@ckeditor/ckeditor5-show-blocks/-/ckeditor5-show-blocks-44.1.0.tgz. Extracting by manifest.
645 silly tarball no local data for @ckeditor/ckeditor5-restricted-editing@https://registry.npmjs.org/@ckeditor/ckeditor5-restricted-editing/-/ckeditor5-restricted-editing-44.1.0.tgz. Extracting by manifest.
646 silly tarball no local data for @ckeditor/ckeditor5-remove-format@https://registry.npmjs.org/@ckeditor/ckeditor5-remove-format/-/ckeditor5-remove-format-44.1.0.tgz. Extracting by manifest.
647 silly tarball no local data for @ckeditor/ckeditor5-react@https://registry.npmjs.org/@ckeditor/ckeditor5-react/-/ckeditor5-react-9.4.0.tgz. Extracting by manifest.
648 silly tarball no local data for @ckeditor/ckeditor5-paste-from-office@https://registry.npmjs.org/@ckeditor/ckeditor5-paste-from-office/-/ckeditor5-paste-from-office-44.1.0.tgz. Extracting by manifest.
649 silly tarball no local data for @ckeditor/ckeditor5-paragraph@https://registry.npmjs.org/@ckeditor/ckeditor5-paragraph/-/ckeditor5-paragraph-44.1.0.tgz. Extracting by manifest.
650 silly tarball no local data for @ckeditor/ckeditor5-page-break@https://registry.npmjs.org/@ckeditor/ckeditor5-page-break/-/ckeditor5-page-break-44.1.0.tgz. Extracting by manifest.
651 silly tarball no local data for @ckeditor/ckeditor5-minimap@https://registry.npmjs.org/@ckeditor/ckeditor5-minimap/-/ckeditor5-minimap-44.1.0.tgz. Extracting by manifest.
652 silly tarball no local data for @ckeditor/ckeditor5-mention@https://registry.npmjs.org/@ckeditor/ckeditor5-mention/-/ckeditor5-mention-44.1.0.tgz. Extracting by manifest.
653 silly tarball no local data for @ckeditor/ckeditor5-media-embed@https://registry.npmjs.org/@ckeditor/ckeditor5-media-embed/-/ckeditor5-media-embed-44.1.0.tgz. Extracting by manifest.
654 silly tarball no local data for @ckeditor/ckeditor5-markdown-gfm@https://registry.npmjs.org/@ckeditor/ckeditor5-markdown-gfm/-/ckeditor5-markdown-gfm-44.1.0.tgz. Extracting by manifest.
655 silly tarball no local data for @ckeditor/ckeditor5-list@https://registry.npmjs.org/@ckeditor/ckeditor5-list/-/ckeditor5-list-44.1.0.tgz. Extracting by manifest.
656 silly tarball no local data for @ckeditor/ckeditor5-link@https://registry.npmjs.org/@ckeditor/ckeditor5-link/-/ckeditor5-link-44.1.0.tgz. Extracting by manifest.
657 silly tarball no local data for @ckeditor/ckeditor5-language@https://registry.npmjs.org/@ckeditor/ckeditor5-language/-/ckeditor5-language-44.1.0.tgz. Extracting by manifest.
658 silly tarball no local data for @ckeditor/ckeditor5-integrations-common@https://registry.npmjs.org/@ckeditor/ckeditor5-integrations-common/-/ckeditor5-integrations-common-2.2.2.tgz. Extracting by manifest.
659 silly tarball no local data for @ckeditor/ckeditor5-indent@https://registry.npmjs.org/@ckeditor/ckeditor5-indent/-/ckeditor5-indent-44.1.0.tgz. Extracting by manifest.
660 silly tarball no local data for @ckeditor/ckeditor5-image@https://registry.npmjs.org/@ckeditor/ckeditor5-image/-/ckeditor5-image-44.1.0.tgz. Extracting by manifest.
661 silly tarball no local data for @ckeditor/ckeditor5-html-support@https://registry.npmjs.org/@ckeditor/ckeditor5-html-support/-/ckeditor5-html-support-44.1.0.tgz. Extracting by manifest.
662 silly tarball no local data for @ckeditor/ckeditor5-html-embed@https://registry.npmjs.org/@ckeditor/ckeditor5-html-embed/-/ckeditor5-html-embed-44.1.0.tgz. Extracting by manifest.
663 silly tarball no local data for @ckeditor/ckeditor5-horizontal-line@https://registry.npmjs.org/@ckeditor/ckeditor5-horizontal-line/-/ckeditor5-horizontal-line-44.1.0.tgz. Extracting by manifest.
664 silly tarball no local data for @ckeditor/ckeditor5-highlight@https://registry.npmjs.org/@ckeditor/ckeditor5-highlight/-/ckeditor5-highlight-44.1.0.tgz. Extracting by manifest.
665 silly tarball no local data for @ckeditor/ckeditor5-heading@https://registry.npmjs.org/@ckeditor/ckeditor5-heading/-/ckeditor5-heading-44.1.0.tgz. Extracting by manifest.
666 silly tarball no local data for @ckeditor/ckeditor5-font@https://registry.npmjs.org/@ckeditor/ckeditor5-font/-/ckeditor5-font-44.1.0.tgz. Extracting by manifest.
667 silly tarball no local data for @ckeditor/ckeditor5-essentials@https://registry.npmjs.org/@ckeditor/ckeditor5-essentials/-/ckeditor5-essentials-44.1.0.tgz. Extracting by manifest.
668 silly tarball no local data for @ckeditor/ckeditor5-engine@https://registry.npmjs.org/@ckeditor/ckeditor5-engine/-/ckeditor5-engine-44.1.0.tgz. Extracting by manifest.
669 silly tarball no local data for @ckeditor/ckeditor5-editor-multi-root@https://registry.npmjs.org/@ckeditor/ckeditor5-editor-multi-root/-/ckeditor5-editor-multi-root-44.1.0.tgz. Extracting by manifest.
670 silly tarball no local data for @ckeditor/ckeditor5-find-and-replace@https://registry.npmjs.org/@ckeditor/ckeditor5-find-and-replace/-/ckeditor5-find-and-replace-44.1.0.tgz. Extracting by manifest.
671 silly tarball no local data for @ckeditor/ckeditor5-enter@https://registry.npmjs.org/@ckeditor/ckeditor5-enter/-/ckeditor5-enter-44.1.0.tgz. Extracting by manifest.
672 silly tarball no local data for @ckeditor/ckeditor5-editor-inline@https://registry.npmjs.org/@ckeditor/ckeditor5-editor-inline/-/ckeditor5-editor-inline-44.1.0.tgz. Extracting by manifest.
673 silly tarball no local data for @ckeditor/ckeditor5-editor-decoupled@https://registry.npmjs.org/@ckeditor/ckeditor5-editor-decoupled/-/ckeditor5-editor-decoupled-44.1.0.tgz. Extracting by manifest.
674 silly tarball no local data for @ckeditor/ckeditor5-editor-classic@https://registry.npmjs.org/@ckeditor/ckeditor5-editor-classic/-/ckeditor5-editor-classic-44.1.0.tgz. Extracting by manifest.
675 silly tarball no local data for @ckeditor/ckeditor5-editor-balloon@https://registry.npmjs.org/@ckeditor/ckeditor5-editor-balloon/-/ckeditor5-editor-balloon-44.1.0.tgz. Extracting by manifest.
676 silly tarball no local data for @ckeditor/ckeditor5-easy-image@https://registry.npmjs.org/@ckeditor/ckeditor5-easy-image/-/ckeditor5-easy-image-44.1.0.tgz. Extracting by manifest.
677 silly tarball no local data for @ckeditor/ckeditor5-core@https://registry.npmjs.org/@ckeditor/ckeditor5-core/-/ckeditor5-core-44.1.0.tgz. Extracting by manifest.
678 silly tarball no local data for @ckeditor/ckeditor5-code-block@https://registry.npmjs.org/@ckeditor/ckeditor5-code-block/-/ckeditor5-code-block-44.1.0.tgz. Extracting by manifest.
679 silly tarball no local data for @ckeditor/ckeditor5-cloud-services@https://registry.npmjs.org/@ckeditor/ckeditor5-cloud-services/-/ckeditor5-cloud-services-44.1.0.tgz. Extracting by manifest.
680 silly tarball no local data for @ckeditor/ckeditor5-clipboard@https://registry.npmjs.org/@ckeditor/ckeditor5-clipboard/-/ckeditor5-clipboard-44.1.0.tgz. Extracting by manifest.
681 silly tarball no local data for @ckeditor/ckeditor5-ckfinder@https://registry.npmjs.org/@ckeditor/ckeditor5-ckfinder/-/ckeditor5-ckfinder-44.1.0.tgz. Extracting by manifest.
682 silly tarball no local data for @ckeditor/ckeditor5-ckbox@https://registry.npmjs.org/@ckeditor/ckeditor5-ckbox/-/ckeditor5-ckbox-44.1.0.tgz. Extracting by manifest.
683 silly tarball no local data for @ckeditor/ckeditor5-bookmark@https://registry.npmjs.org/@ckeditor/ckeditor5-bookmark/-/ckeditor5-bookmark-44.1.0.tgz. Extracting by manifest.
684 silly tarball no local data for @ckeditor/ckeditor5-block-quote@https://registry.npmjs.org/@ckeditor/ckeditor5-block-quote/-/ckeditor5-block-quote-44.1.0.tgz. Extracting by manifest.
685 silly tarball no local data for @ckeditor/ckeditor5-autosave@https://registry.npmjs.org/@ckeditor/ckeditor5-autosave/-/ckeditor5-autosave-44.1.0.tgz. Extracting by manifest.
686 silly tarball no local data for @ckeditor/ckeditor5-autoformat@https://registry.npmjs.org/@ckeditor/ckeditor5-autoformat/-/ckeditor5-autoformat-44.1.0.tgz. Extracting by manifest.
687 silly tarball no local data for @ckeditor/ckeditor5-basic-styles@https://registry.npmjs.org/@ckeditor/ckeditor5-basic-styles/-/ckeditor5-basic-styles-44.1.0.tgz. Extracting by manifest.
688 silly tarball no local data for @ckeditor/ckeditor5-alignment@https://registry.npmjs.org/@ckeditor/ckeditor5-alignment/-/ckeditor5-alignment-44.1.0.tgz. Extracting by manifest.
689 silly tarball no local data for @ckeditor/ckeditor5-adapter-ckfinder@https://registry.npmjs.org/@ckeditor/ckeditor5-adapter-ckfinder/-/ckeditor5-adapter-ckfinder-44.1.0.tgz. Extracting by manifest.
690 silly tarball no local data for @babel/types@https://registry.npmjs.org/@babel/types/-/types-7.28.2.tgz. Extracting by manifest.
691 silly tarball no local data for @babel/traverse@https://registry.npmjs.org/@babel/traverse/-/traverse-7.26.7.tgz. Extracting by manifest.
692 silly tarball no local data for @babel/runtime@https://registry.npmjs.org/@babel/runtime/-/runtime-7.28.2.tgz. Extracting by manifest.
693 silly tarball no local data for @babel/plugin-transform-react-jsx-self@https://registry.npmjs.org/@babel/plugin-transform-react-jsx-self/-/plugin-transform-react-jsx-self-7.25.9.tgz. Extracting by manifest.
694 silly tarball no local data for @babel/plugin-transform-react-jsx-source@https://registry.npmjs.org/@babel/plugin-transform-react-jsx-source/-/plugin-transform-react-jsx-source-7.25.9.tgz. Extracting by manifest.
695 silly tarball no local data for @babel/parser@https://registry.npmjs.org/@babel/parser/-/parser-7.28.0.tgz. Extracting by manifest.
696 silly tarball no local data for @babel/helpers@https://registry.npmjs.org/@babel/helpers/-/helpers-7.28.2.tgz. Extracting by manifest.
697 silly tarball no local data for @babel/helper-validator-option@https://registry.npmjs.org/@babel/helper-validator-option/-/helper-validator-option-7.25.9.tgz. Extracting by manifest.
698 silly tarball no local data for @babel/helper-validator-identifier@https://registry.npmjs.org/@babel/helper-validator-identifier/-/helper-validator-identifier-7.27.1.tgz. Extracting by manifest.
699 silly tarball no local data for @babel/helper-plugin-utils@https://registry.npmjs.org/@babel/helper-plugin-utils/-/helper-plugin-utils-7.26.5.tgz. Extracting by manifest.
700 silly tarball no local data for @babel/helper-module-transforms@https://registry.npmjs.org/@babel/helper-module-transforms/-/helper-module-transforms-7.26.0.tgz. Extracting by manifest.
701 silly tarball no local data for @babel/helper-module-imports@https://registry.npmjs.org/@babel/helper-module-imports/-/helper-module-imports-7.25.9.tgz. Extracting by manifest.
702 silly tarball no local data for @babel/helper-compilation-targets@https://registry.npmjs.org/@babel/helper-compilation-targets/-/helper-compilation-targets-7.26.5.tgz. Extracting by manifest.
703 silly tarball no local data for @babel/core@https://registry.npmjs.org/@babel/core/-/core-7.26.7.tgz. Extracting by manifest.
704 silly tarball no local data for @babel/compat-data@https://registry.npmjs.org/@babel/compat-data/-/compat-data-7.26.5.tgz. Extracting by manifest.
705 silly tarball no local data for @babel/generator@https://registry.npmjs.org/@babel/generator/-/generator-7.26.5.tgz. Extracting by manifest.
706 silly tarball no local data for yaml@https://registry.npmjs.org/yaml/-/yaml-2.7.0.tgz. Extracting by manifest.
707 silly tarball no local data for @ampproject/remapping@https://registry.npmjs.org/@ampproject/remapping/-/remapping-2.3.0.tgz. Extracting by manifest.
708 silly tarball no local data for wrap-ansi@https://registry.npmjs.org/wrap-ansi/-/wrap-ansi-9.0.0.tgz. Extracting by manifest.
709 silly tarball no local data for vite@https://registry.npmjs.org/vite/-/vite-5.4.19.tgz. Extracting by manifest.
710 silly tarball no local data for use-sync-external-store@https://registry.npmjs.org/use-sync-external-store/-/use-sync-external-store-1.4.0.tgz. Extracting by manifest.
711 silly tarball no local data for update-browserslist-db@https://registry.npmjs.org/update-browserslist-db/-/update-browserslist-db-1.1.2.tgz. Extracting by manifest.
712 silly tarball no local data for typescript@https://registry.npmjs.org/typescript/-/typescript-5.7.3.tgz. Extracting by manifest.
713 silly tarball no local data for turndown-plugin-gfm@https://registry.npmjs.org/turndown-plugin-gfm/-/turndown-plugin-gfm-1.0.2.tgz. Extracting by manifest.
714 silly tarball no local data for turndown@https://registry.npmjs.org/turndown/-/turndown-7.2.0.tgz. Extracting by manifest.
715 silly tarball no local data for ts-api-utils@https://registry.npmjs.org/ts-api-utils/-/ts-api-utils-2.0.0.tgz. Extracting by manifest.
716 silly tarball no local data for tinymce@https://registry.npmjs.org/tinymce/-/tinymce-7.6.1.tgz. Extracting by manifest.
717 silly tarball no local data for tailwindcss@https://registry.npmjs.org/tailwindcss/-/tailwindcss-3.4.17.tgz. Extracting by manifest.
718 silly tarball no local data for tabbable@https://registry.npmjs.org/tabbable/-/tabbable-6.2.0.tgz. Extracting by manifest.
719 silly tarball no local data for sucrase@https://registry.npmjs.org/sucrase/-/sucrase-3.35.0.tgz. Extracting by manifest.
720 silly tarball no local data for strip-ansi@https://registry.npmjs.org/strip-ansi/-/strip-ansi-7.1.0.tgz. Extracting by manifest.
721 silly tarball no local data for semver@https://registry.npmjs.org/semver/-/semver-7.6.3.tgz. Extracting by manifest.
722 silly tarball no local data for rollup@https://registry.npmjs.org/rollup/-/rollup-4.32.1.tgz. Extracting by manifest.
723 silly tarball no local data for reusify@https://registry.npmjs.org/reusify/-/reusify-1.0.4.tgz. Extracting by manifest.
724 silly tarball no local data for recharts@https://registry.npmjs.org/recharts/-/recharts-2.15.1.tgz. Extracting by manifest.
725 silly tarball no local data for resolve@https://registry.npmjs.org/resolve/-/resolve-1.22.10.tgz. Extracting by manifest.
726 silly tarball no local data for react-dropzone@https://registry.npmjs.org/react-dropzone/-/react-dropzone-14.3.5.tgz. Extracting by manifest.
727 silly tarball no local data for react-remove-scroll@https://registry.npmjs.org/react-remove-scroll/-/react-remove-scroll-2.6.3.tgz. Extracting by manifest.
728 silly tarball no local data for react-refresh@https://registry.npmjs.org/react-refresh/-/react-refresh-0.14.2.tgz. Extracting by manifest.
729 silly tarball no local data for react-currency-input-field@https://registry.npmjs.org/react-currency-input-field/-/react-currency-input-field-3.9.0.tgz. Extracting by manifest.
730 silly tarball no local data for prettier-plugin-tailwindcss@https://registry.npmjs.org/prettier-plugin-tailwindcss/-/prettier-plugin-tailwindcss-0.6.11.tgz. Extracting by manifest.
731 silly tarball no local data for postcss-load-config@https://registry.npmjs.org/postcss-load-config/-/postcss-load-config-4.0.2.tgz. Extracting by manifest.
732 silly tarball no local data for prettier@https://registry.npmjs.org/prettier/-/prettier-3.4.2.tgz. Extracting by manifest.
733 silly tarball no local data for postcss-js@https://registry.npmjs.org/postcss-js/-/postcss-js-4.0.1.tgz. Extracting by manifest.
734 silly tarball no local data for pirates@https://registry.npmjs.org/pirates/-/pirates-4.0.6.tgz. Extracting by manifest.
735 silly tarball no local data for path-scurry@https://registry.npmjs.org/path-scurry/-/path-scurry-1.11.1.tgz. Extracting by manifest.
736 silly tarball no local data for package-json-from-dist@https://registry.npmjs.org/package-json-from-dist/-/package-json-from-dist-1.0.1.tgz. Extracting by manifest.
737 silly tarball no local data for postcss@https://registry.npmjs.org/postcss/-/postcss-8.5.1.tgz. Extracting by manifest.
738 silly tarball no local data for nuqs@https://registry.npmjs.org/nuqs/-/nuqs-2.4.0.tgz. Extracting by manifest.
739 silly tarball no local data for object-inspect@https://registry.npmjs.org/object-inspect/-/object-inspect-1.13.3.tgz. Extracting by manifest.
740 silly tarball no local data for mitt@https://registry.npmjs.org/mitt/-/mitt-3.0.1.tgz. Extracting by manifest.
741 silly tarball no local data for nanoid@https://registry.npmjs.org/nanoid/-/nanoid-3.3.8.tgz. Extracting by manifest.
742 silly tarball no local data for node-releases@https://registry.npmjs.org/node-releases/-/node-releases-2.0.19.tgz. Extracting by manifest.
743 silly tarball no local data for minipass@https://registry.npmjs.org/minipass/-/minipass-7.1.2.tgz. Extracting by manifest.
744 silly tarball no local data for lodash.castarray@https://registry.npmjs.org/lodash.castarray/-/lodash.castarray-4.4.0.tgz. Extracting by manifest.
745 silly tarball no local data for marked@https://registry.npmjs.org/marked/-/marked-4.0.12.tgz. Extracting by manifest.
746 silly tarball no local data for lodash.isplainobject@https://registry.npmjs.org/lodash.isplainobject/-/lodash.isplainobject-4.0.6.tgz. Extracting by manifest.
747 silly tarball no local data for lodash-es@https://registry.npmjs.org/lodash-es/-/lodash-es-4.17.21.tgz. Extracting by manifest.
748 silly tarball no local data for listr2@https://registry.npmjs.org/listr2/-/listr2-8.2.5.tgz. Extracting by manifest.
749 silly tarball no local data for jackspeak@https://registry.npmjs.org/jackspeak/-/jackspeak-3.4.3.tgz. Extracting by manifest.
750 silly tarball no local data for js-yaml@https://registry.npmjs.org/js-yaml/-/js-yaml-4.1.0.tgz. Extracting by manifest.
751 silly tarball no local data for laravel-vite-plugin@https://registry.npmjs.org/laravel-vite-plugin/-/laravel-vite-plugin-1.2.0.tgz. Extracting by manifest.
752 silly tarball no local data for lint-staged@https://registry.npmjs.org/lint-staged/-/lint-staged-15.4.3.tgz. Extracting by manifest.
753 silly tarball no local data for globals@https://registry.npmjs.org/globals/-/globals-11.12.0.tgz. Extracting by manifest.
754 silly tarball no local data for glob@https://registry.npmjs.org/glob/-/glob-10.4.5.tgz. Extracting by manifest.
755 silly tarball no local data for get-east-asian-width@https://registry.npmjs.org/get-east-asian-width/-/get-east-asian-width-1.3.0.tgz. Extracting by manifest.
756 silly tarball no local data for get-intrinsic@https://registry.npmjs.org/get-intrinsic/-/get-intrinsic-1.2.7.tgz. Extracting by manifest.
757 silly tarball no local data for form-data@https://registry.npmjs.org/form-data/-/form-data-4.0.4.tgz. Extracting by manifest.
758 silly tarball no local data for fraction.js@https://registry.npmjs.org/fraction.js/-/fraction.js-4.3.7.tgz. Extracting by manifest.
759 silly tarball no local data for follow-redirects@https://registry.npmjs.org/follow-redirects/-/follow-redirects-1.15.9.tgz. Extracting by manifest.
760 silly tarball no local data for flatted@https://registry.npmjs.org/flatted/-/flatted-3.3.2.tgz. Extracting by manifest.
761 silly tarball no local data for fastq@https://registry.npmjs.org/fastq/-/fastq-1.18.0.tgz. Extracting by manifest.
762 silly tarball no local data for foreground-child@https://registry.npmjs.org/foreground-child/-/foreground-child-3.3.0.tgz. Extracting by manifest.
763 silly tarball no local data for eslint@https://registry.npmjs.org/eslint/-/eslint-9.32.0.tgz. Extracting by manifest.
764 silly tarball no local data for fast-equals@https://registry.npmjs.org/fast-equals/-/fast-equals-5.2.2.tgz. Extracting by manifest.
765 silly tarball no local data for electron-to-chromium@https://registry.npmjs.org/electron-to-chromium/-/electron-to-chromium-1.5.88.tgz. Extracting by manifest.
766 silly tarball no local data for emoji-regex@https://registry.npmjs.org/emoji-regex/-/emoji-regex-10.4.0.tgz. Extracting by manifest.
767 silly tarball no local data for eastasianwidth@https://registry.npmjs.org/eastasianwidth/-/eastasianwidth-0.2.0.tgz. Extracting by manifest.
768 silly tarball no local data for dayjs@https://registry.npmjs.org/dayjs/-/dayjs-1.11.13.tgz. Extracting by manifest.
769 silly tarball no local data for debug@https://registry.npmjs.org/debug/-/debug-4.4.0.tgz. Extracting by manifest.
770 silly tarball no local data for csstype@https://registry.npmjs.org/csstype/-/csstype-3.1.3.tgz. Extracting by manifest.
771 silly tarball no local data for core-js@https://registry.npmjs.org/core-js/-/core-js-3.40.0.tgz. Extracting by manifest.
772 silly tarball no local data for cmdk@https://registry.npmjs.org/cmdk/-/cmdk-1.0.4.tgz. Extracting by manifest.
773 silly tarball no local data for color-parse@https://registry.npmjs.org/color-parse/-/color-parse-1.4.2.tgz. Extracting by manifest.
774 silly tarball no local data for ckeditor5@https://registry.npmjs.org/ckeditor5/-/ckeditor5-44.1.0.tgz. Extracting by manifest.
775 silly tarball no local data for caniuse-lite@https://registry.npmjs.org/caniuse-lite/-/caniuse-lite-1.0.30001759.tgz. Extracting by manifest.
776 silly tarball no local data for call-bound@https://registry.npmjs.org/call-bound/-/call-bound-1.0.3.tgz. Extracting by manifest.
777 silly tarball no local data for call-bind-apply-helpers@https://registry.npmjs.org/call-bind-apply-helpers/-/call-bind-apply-helpers-1.0.1.tgz. Extracting by manifest.
778 silly tarball no local data for brace-expansion@https://registry.npmjs.org/brace-expansion/-/brace-expansion-2.0.1.tgz. Extracting by manifest.
779 silly tarball no local data for axios@https://registry.npmjs.org/axios/-/axios-1.11.0.tgz. Extracting by manifest.
780 silly tarball no local data for autoprefixer@https://registry.npmjs.org/autoprefixer/-/autoprefixer-10.4.20.tgz. Extracting by manifest.
781 silly tarball no local data for aria-hidden@https://registry.npmjs.org/aria-hidden/-/aria-hidden-1.2.4.tgz. Extracting by manifest.
782 silly tarball no local data for browserslist@https://registry.npmjs.org/browserslist/-/browserslist-4.24.4.tgz. Extracting by manifest.
783 silly tarball no local data for ansi-regex@https://registry.npmjs.org/ansi-regex/-/ansi-regex-6.1.0.tgz. Extracting by manifest.
784 silly tarball no local data for ansi-escapes@https://registry.npmjs.org/ansi-escapes/-/ansi-escapes-7.0.0.tgz. Extracting by manifest.
785 silly tarball no local data for ansi-styles@https://registry.npmjs.org/ansi-styles/-/ansi-styles-6.2.1.tgz. Extracting by manifest.
786 silly tarball no local data for is-fullwidth-code-point@https://registry.npmjs.org/is-fullwidth-code-point/-/is-fullwidth-code-point-5.0.0.tgz. Extracting by manifest.
787 silly tarball no local data for ansi-styles@https://registry.npmjs.org/ansi-styles/-/ansi-styles-6.2.1.tgz. Extracting by manifest.
788 silly tarball no local data for slice-ansi@https://registry.npmjs.org/slice-ansi/-/slice-ansi-7.1.0.tgz. Extracting by manifest.
789 silly tarball no local data for eslint-visitor-keys@https://registry.npmjs.org/eslint-visitor-keys/-/eslint-visitor-keys-4.2.0.tgz. Extracting by manifest.
790 silly tarball no local data for wrap-ansi@https://registry.npmjs.org/wrap-ansi/-/wrap-ansi-8.1.0.tgz. Extracting by manifest.
791 silly tarball no local data for string-width@https://registry.npmjs.org/string-width/-/string-width-5.1.2.tgz. Extracting by manifest.
792 silly tarball no local data for ansi-styles@https://registry.npmjs.org/ansi-styles/-/ansi-styles-6.2.1.tgz. Extracting by manifest.
793 silly tarball no local data for @humanwhocodes/retry@https://registry.npmjs.org/@humanwhocodes/retry/-/retry-0.3.1.tgz. Extracting by manifest.
794 silly tarball no local data for semver@https://registry.npmjs.org/semver/-/semver-6.3.1.tgz. Extracting by manifest.
795 silly tarball no local data for semver@https://registry.npmjs.org/semver/-/semver-6.3.1.tgz. Extracting by manifest.
796 silly tarball no local data for ansi-styles@https://registry.npmjs.org/ansi-styles/-/ansi-styles-6.2.1.tgz. Extracting by manifest.
797 silly tarball no local data for lru-cache@https://registry.npmjs.org/lru-cache/-/lru-cache-10.4.3.tgz. Extracting by manifest.
798 silly tarball no local data for chalk@https://registry.npmjs.org/chalk/-/chalk-5.4.1.tgz. Extracting by manifest.
799 http fetch GET https://registry.npmjs.org/which/-/which-2.0.2.tgz attempt 1 failed with ENOTFOUND
800 http fetch GET https://registry.npmjs.org/uuid/-/uuid-10.0.0.tgz attempt 1 failed with ENOTFOUND
801 http fetch GET https://registry.npmjs.org/loose-envify/-/loose-envify-1.4.0.tgz attempt 1 failed with ENOTFOUND
802 http fetch GET https://registry.npmjs.org/mini-svg-data-uri/-/mini-svg-data-uri-1.4.4.tgz attempt 1 failed with ENOTFOUND
803 http fetch GET https://registry.npmjs.org/pidtree/-/pidtree-0.6.0.tgz attempt 1 failed with ENOTFOUND
804 http fetch GET https://registry.npmjs.org/json5/-/json5-2.2.3.tgz attempt 1 failed with ENOTFOUND
805 http fetch GET https://registry.npmjs.org/esbuild/-/esbuild-0.21.5.tgz attempt 1 failed with ENOTFOUND
806 http fetch GET https://registry.npmjs.org/jsesc/-/jsesc-3.1.0.tgz attempt 1 failed with ENOTFOUND
807 http fetch GET https://registry.npmjs.org/husky/-/husky-9.1.7.tgz attempt 1 failed with ENOTFOUND
808 http fetch GET https://registry.npmjs.org/jiti/-/jiti-1.21.7.tgz attempt 1 failed with ENOTFOUND
809 http fetch GET https://registry.npmjs.org/cssesc/-/cssesc-3.0.0.tgz attempt 1 failed with ENOTFOUND
810 http fetch GET https://registry.npmjs.org/atob/-/atob-2.1.2.tgz attempt 1 failed with ENOTFOUND
811 http fetch GET https://registry.npmjs.org/acorn/-/acorn-8.15.0.tgz attempt 1 failed with ENOTFOUND
812 http fetch GET https://registry.npmjs.org/btoa/-/btoa-1.2.1.tgz attempt 1 failed with ENOTFOUND
813 http fetch GET https://registry.npmjs.org/@typescript-eslint/utils/-/utils-8.22.0.tgz attempt 1 failed with ENOTFOUND
814 http fetch GET https://registry.npmjs.org/npm attempt 2 failed with ENOTFOUND
815 http fetch GET https://registry.npmjs.org/which/-/which-2.0.2.tgz attempt 2 failed with ENOTFOUND
816 http fetch GET https://registry.npmjs.org/uuid/-/uuid-10.0.0.tgz attempt 2 failed with ENOTFOUND
817 http fetch GET https://registry.npmjs.org/loose-envify/-/loose-envify-1.4.0.tgz attempt 2 failed with ENOTFOUND
818 http fetch GET https://registry.npmjs.org/mini-svg-data-uri/-/mini-svg-data-uri-1.4.4.tgz attempt 2 failed with ENOTFOUND
819 http fetch GET https://registry.npmjs.org/pidtree/-/pidtree-0.6.0.tgz attempt 2 failed with ENOTFOUND
820 http fetch GET https://registry.npmjs.org/json5/-/json5-2.2.3.tgz attempt 2 failed with ENOTFOUND
821 http fetch GET https://registry.npmjs.org/esbuild/-/esbuild-0.21.5.tgz attempt 2 failed with ENOTFOUND
822 http fetch GET https://registry.npmjs.org/jsesc/-/jsesc-3.1.0.tgz attempt 2 failed with ENOTFOUND
823 http fetch GET https://registry.npmjs.org/husky/-/husky-9.1.7.tgz attempt 2 failed with ENOTFOUND
824 http fetch GET https://registry.npmjs.org/jiti/-/jiti-1.21.7.tgz attempt 2 failed with ENOTFOUND
825 http fetch GET https://registry.npmjs.org/cssesc/-/cssesc-3.0.0.tgz attempt 2 failed with ENOTFOUND
826 http fetch GET https://registry.npmjs.org/atob/-/atob-2.1.2.tgz attempt 2 failed with ENOTFOUND
827 http fetch GET https://registry.npmjs.org/acorn/-/acorn-8.15.0.tgz attempt 2 failed with ENOTFOUND
828 http fetch GET https://registry.npmjs.org/btoa/-/btoa-1.2.1.tgz attempt 2 failed with ENOTFOUND
829 http fetch GET https://registry.npmjs.org/@typescript-eslint/utils/-/utils-8.22.0.tgz attempt 2 failed with ENOTFOUND
830 http fetch GET https://registry.npmjs.org/npm attempt 3 failed with ENOTFOUND
831 http fetch GET https://registry.npmjs.org/which/-/which-2.0.2.tgz attempt 3 failed with ENOTFOUND
832 http fetch GET https://registry.npmjs.org/uuid/-/uuid-10.0.0.tgz attempt 3 failed with ENOTFOUND
833 http fetch GET https://registry.npmjs.org/loose-envify/-/loose-envify-1.4.0.tgz attempt 3 failed with ENOTFOUND
834 http fetch GET https://registry.npmjs.org/mini-svg-data-uri/-/mini-svg-data-uri-1.4.4.tgz attempt 3 failed with ENOTFOUND
835 http fetch GET https://registry.npmjs.org/pidtree/-/pidtree-0.6.0.tgz attempt 3 failed with ENOTFOUND
836 http fetch GET https://registry.npmjs.org/json5/-/json5-2.2.3.tgz attempt 3 failed with ENOTFOUND
837 http fetch GET https://registry.npmjs.org/esbuild/-/esbuild-0.21.5.tgz attempt 3 failed with ENOTFOUND
838 http fetch GET https://registry.npmjs.org/jsesc/-/jsesc-3.1.0.tgz attempt 3 failed with ENOTFOUND
839 http fetch GET https://registry.npmjs.org/husky/-/husky-9.1.7.tgz attempt 3 failed with ENOTFOUND
840 http fetch GET https://registry.npmjs.org/jiti/-/jiti-1.21.7.tgz attempt 3 failed with ENOTFOUND
841 http fetch GET https://registry.npmjs.org/cssesc/-/cssesc-3.0.0.tgz attempt 3 failed with ENOTFOUND
842 http fetch GET https://registry.npmjs.org/atob/-/atob-2.1.2.tgz attempt 3 failed with ENOTFOUND
843 http fetch GET https://registry.npmjs.org/acorn/-/acorn-8.15.0.tgz attempt 3 failed with ENOTFOUND
844 http fetch GET https://registry.npmjs.org/btoa/-/btoa-1.2.1.tgz attempt 3 failed with ENOTFOUND
845 http fetch GET https://registry.npmjs.org/@typescript-eslint/utils/-/utils-8.22.0.tgz attempt 3 failed with ENOTFOUND
846 verbose cwd /Users/fajar.mac/Documents/APG/REDESIGN LOGIN PAGE/bpr-bonding-app-29.05.26
847 verbose os Darwin 24.6.0
848 verbose node v24.13.0
849 verbose npm  v11.6.2
850 error Exit handler never called!
851 error This is an error with npm itself. Please report this error at:
852 error   <https://github.com/npm/cli/issues>
853 verbose exit 1
854 verbose code 1
855 error A complete log of this run can be found in: /Users/fajar.mac/Documents/APG/REDESIGN LOGIN PAGE/bpr-bonding-app-29.05.26/.npm-cache/_logs/2026-05-29T03_38_34_730Z-debug-0.log
